-- phpMyAdmin SQL Dump
-- version 5.2.1
-- https://www.phpmyadmin.net/
--
-- Host: 127.0.0.1
-- Tempo de geração: 05-Ago-2025 às 11:53
-- Versão do servidor: 10.4.32-MariaDB
-- versão do PHP: 8.2.12

SET SQL_MODE = "NO_AUTO_VALUE_ON_ZERO";
START TRANSACTION;
SET time_zone = "+00:00";


/*!40101 SET @OLD_CHARACTER_SET_CLIENT=@@CHARACTER_SET_CLIENT */;
/*!40101 SET @OLD_CHARACTER_SET_RESULTS=@@CHARACTER_SET_RESULTS */;
/*!40101 SET @OLD_COLLATION_CONNECTION=@@COLLATION_CONNECTION */;
/*!40101 SET NAMES utf8mb4 */;

--
-- Banco de dados: `gestaotarefas`
--

-- --------------------------------------------------------

--
-- Estrutura da tabela `ausencia_funcionarios`
--

CREATE TABLE `ausencia_funcionarios` (
  `id` int(11) NOT NULL,
  `funcionario_utilizador` varchar(50) NOT NULL,
  `data_falta` date NOT NULL,
  `motivo_id` int(11) NOT NULL
) ENGINE=InnoDB DEFAULT CHARSET=utf8mb4 COLLATE=utf8mb4_general_ci;

-- --------------------------------------------------------

--
-- Estrutura da tabela `avisos_inatividade`
--

CREATE TABLE `avisos_inatividade` (
  `id` int(11) NOT NULL,
  `utilizador` varchar(100) DEFAULT NULL,
  `data_envio` date DEFAULT NULL
) ENGINE=InnoDB DEFAULT CHARSET=utf8mb4 COLLATE=utf8mb4_general_ci;

--
-- Extraindo dados da tabela `avisos_inatividade`
--

INSERT INTO `avisos_inatividade` (`id`, `utilizador`, `data_envio`) VALUES
(4, 'pedro', '2025-07-31'),
(5, 'roberto', '2025-07-31'),
(6, 'joaquim', '2025-08-01'),
(7, 'pedro', '2025-08-01'),
(8, 'roberto', '2025-08-01'),
(9, 'sofia', '2025-08-01'),
(10, 'joaquim', '2025-08-04'),
(11, 'pedro', '2025-08-04'),
(12, 'roberto', '2025-08-04'),
(13, 'sofia', '2025-08-04'),
(14, 'joaquim', '2025-08-05'),
(15, 'pedro', '2025-08-05'),
(16, 'roberto', '2025-08-05'),
(17, 'sofia', '2025-08-05');

-- --------------------------------------------------------

--
-- Estrutura da tabela `configuracao_email`
--

CREATE TABLE `configuracao_email` (
  `id` int(11) NOT NULL,
  `servidor_smtp` varchar(255) NOT NULL,
  `porta_smtp` int(11) NOT NULL,
  `utilizador` varchar(255) NOT NULL,
  `senha` varchar(255) NOT NULL,
  `destinatarios` text NOT NULL,
  `seguranca` enum('SSL','TLS') NOT NULL,
  `assunto` varchar(255) NOT NULL,
  `data_criacao` timestamp NOT NULL DEFAULT current_timestamp()
) ENGINE=InnoDB DEFAULT CHARSET=utf8mb4 COLLATE=utf8mb4_general_ci;

--
-- Extraindo dados da tabela `configuracao_email`
--

INSERT INTO `configuracao_email` (`id`, `servidor_smtp`, `porta_smtp`, `utilizador`, `senha`, `destinatarios`, `seguranca`, `assunto`, `data_criacao`) VALUES
(18, 'mail.parametro.pt', 587, 'notifications@parametro.pt', '!Pglobal2020!', 'vitormrcosta@gmail.com', 'TLS', 'teste', '2025-07-30 16:56:58');

-- --------------------------------------------------------

--
-- Estrutura da tabela `departamento`
--

CREATE TABLE `departamento` (
  `id` int(11) NOT NULL,
  `nome` varchar(255) NOT NULL
) ENGINE=InnoDB DEFAULT CHARSET=utf8mb4 COLLATE=utf8mb4_general_ci;

--
-- Extraindo dados da tabela `departamento`
--

INSERT INTO `departamento` (`id`, `nome`) VALUES
(15, 'Produção'),
(16, 'Comercial'),
(17, 'Gabinete Técnico'),
(18, 'Administração');

-- --------------------------------------------------------

--
-- Estrutura da tabela `departamento_tarefa`
--

CREATE TABLE `departamento_tarefa` (
  `id` int(11) NOT NULL,
  `data_entrada` datetime NOT NULL,
  `data_saida` datetime DEFAULT NULL,
  `tempo_em_espera` time DEFAULT NULL,
  `tarefa_id` int(11) NOT NULL,
  `departamento_id` int(11) NOT NULL,
  `utilizador` varchar(255) DEFAULT NULL
) ENGINE=InnoDB DEFAULT CHARSET=utf8mb4 COLLATE=utf8mb4_general_ci;

--
-- Extraindo dados da tabela `departamento_tarefa`
--

INSERT INTO `departamento_tarefa` (`id`, `data_entrada`, `data_saida`, `tempo_em_espera`, `tarefa_id`, `departamento_id`, `utilizador`) VALUES
(100, '2025-07-30 17:31:26', '2025-07-30 17:36:00', NULL, 537, 16, 'claudia'),
(101, '2025-07-30 17:36:00', '2025-07-30 17:42:37', '00:06:14', 537, 17, 'claudia'),
(102, '2025-07-30 17:42:37', '2025-07-30 17:49:53', '00:07:05', 537, 17, 'claudia'),
(103, '2025-07-30 17:49:53', '2025-07-31 08:45:38', '14:46:31', 537, 17, 'sofia'),
(104, '2025-07-30 17:50:09', '2025-07-30 17:54:50', NULL, 538, 16, 'claudia'),
(108, '2025-07-30 17:54:50', '2025-07-31 08:59:18', '14:51:02', 538, 17, 'sofia'),
(109, '2025-07-30 17:56:14', '2025-07-30 18:03:26', NULL, 540, 16, 'claudia'),
(110, '2025-07-30 18:03:26', NULL, NULL, 540, 17, NULL),
(111, '2025-07-30 18:26:46', '2025-07-30 18:27:12', NULL, 541, 17, 'rui'),
(112, '2025-07-30 18:27:12', '2025-07-31 11:17:13', '00:02:54', 541, 17, 'pedro'),
(113, '2025-07-30 18:29:16', '2025-07-30 18:29:30', NULL, 542, 17, 'rui'),
(114, '2025-07-30 18:29:30', '2025-07-31 08:33:42', '13:31:57', 542, 17, 'sofia'),
(115, '2025-07-31 08:06:21', '2025-07-31 08:06:31', NULL, 543, 17, 'rui'),
(116, '2025-07-31 08:06:31', '2025-07-31 19:02:55', '00:12:23', 543, 15, 'joaquim'),
(117, '2025-07-31 08:15:12', '2025-07-31 11:23:23', NULL, 544, 17, 'rui'),
(118, '2025-07-31 09:01:05', '2025-07-31 09:01:17', NULL, 545, 17, 'rui'),
(119, '2025-07-31 09:01:17', '2025-07-31 11:58:15', NULL, 545, 17, 'sofia'),
(120, '2025-07-31 09:01:28', '2025-07-31 09:01:36', NULL, 546, 17, 'rui'),
(121, '2025-07-31 09:01:36', '2025-07-31 15:10:13', NULL, 546, 17, 'sofia'),
(122, '2025-07-31 09:01:46', '2025-07-31 09:01:56', NULL, 547, 17, 'rui'),
(123, '2025-07-31 09:01:56', '2025-07-31 13:57:45', NULL, 547, 17, 'sofia'),
(124, '2025-07-31 09:02:10', '2025-07-31 09:02:21', NULL, 548, 17, 'rui'),
(125, '2025-07-31 09:02:21', '2025-07-31 16:47:25', NULL, 548, 17, 'sofia'),
(126, '2025-07-31 09:02:34', '2025-07-31 09:02:46', NULL, 549, 17, 'rui'),
(127, '2025-07-31 09:02:46', '2025-07-31 17:25:50', NULL, 549, 17, 'sofia'),
(128, '2025-07-31 09:03:15', '2025-07-31 09:04:16', NULL, 550, 17, 'rui'),
(129, '2025-07-31 09:04:16', '2025-08-01 09:16:11', NULL, 550, 17, 'sofia'),
(130, '2025-07-31 09:06:27', '2025-07-31 09:06:39', NULL, 551, 16, 'claudia'),
(131, '2025-07-31 09:06:39', '2025-08-01 18:34:06', '29:50:21', 551, 17, 'pedro'),
(132, '2025-07-31 09:07:06', '2025-07-31 09:08:26', NULL, 552, 16, 'claudia'),
(133, '2025-07-31 09:08:43', '2025-07-31 09:08:51', NULL, 553, 16, 'claudia'),
(134, '2025-07-31 09:08:51', '2025-08-01 14:56:21', '26:45:41', 553, 17, 'pedro'),
(135, '2025-07-31 09:09:00', '2025-07-31 09:09:09', NULL, 554, 16, 'claudia'),
(136, '2025-07-31 09:09:09', '2025-07-31 15:21:59', '04:56:46', 554, 17, 'pedro'),
(137, '2025-07-31 09:09:21', '2025-07-31 09:09:28', NULL, 555, 16, 'claudia'),
(138, '2025-07-31 09:09:28', '2025-07-31 16:37:55', '06:14:10', 555, 17, 'pedro'),
(139, '2025-07-31 09:09:36', '2025-07-31 09:09:45', NULL, 556, 16, 'claudia'),
(140, '2025-07-31 09:09:45', '2025-08-01 10:46:46', '24:11:33', 556, 17, 'sofia'),
(141, '2025-07-31 09:10:03', '2025-07-31 09:10:12', NULL, 557, 16, 'claudia'),
(142, '2025-07-31 09:10:12', '2025-08-01 13:52:34', '25:47:36', 557, 17, 'sofia'),
(143, '2025-07-31 09:10:22', '2025-07-31 09:10:30', NULL, 558, 16, 'claudia'),
(144, '2025-07-31 09:10:30', '2025-08-05 09:39:38', '103:50:49', 558, 17, 'sofia'),
(145, '2025-07-31 09:10:40', '2025-07-31 09:10:48', NULL, 559, 16, 'claudia'),
(146, '2025-07-31 09:10:48', '2025-08-04 08:44:15', '49:54:12', 559, 17, 'pedro'),
(147, '2025-07-31 09:10:57', '2025-07-31 09:11:05', NULL, 560, 16, 'claudia'),
(148, '2025-07-31 09:11:05', '2025-07-31 17:53:15', '08:03:51', 560, 17, 'pedro'),
(149, '2025-07-31 09:11:19', '2025-07-31 09:11:26', NULL, 561, 16, 'claudia'),
(150, '2025-07-31 09:11:26', '2025-08-02 09:43:02', '47:27:03', 561, 17, 'pedro'),
(151, '2025-07-31 09:11:37', '2025-07-31 09:11:45', NULL, 562, 16, 'claudia'),
(152, '2025-07-31 09:11:45', '2025-08-01 10:22:34', '23:35:32', 562, 17, 'pedro'),
(153, '2025-07-31 09:12:36', '2025-07-31 10:19:42', NULL, 563, 16, 'claudia'),
(154, '2025-07-31 09:30:32', '2025-07-31 09:34:25', NULL, 564, 16, 'claudia'),
(155, '2025-07-31 09:34:25', '2025-07-31 13:52:02', '04:17:28', 564, 17, 'rui'),
(156, '2025-07-31 10:19:56', '2025-07-31 17:20:29', NULL, 565, 16, 'claudia'),
(157, '2025-07-31 10:36:34', '2025-07-31 10:50:52', NULL, 566, 16, 'claudia'),
(158, '2025-07-31 10:50:52', '2025-08-01 08:41:35', '07:43:37', 566, 17, 'pedro'),
(159, '2025-07-31 10:51:09', '2025-07-31 10:51:45', NULL, 567, 16, 'claudia'),
(160, '2025-07-31 10:51:45', '2025-07-31 18:17:00', '07:23:17', 567, 17, 'pedro'),
(161, '2025-07-31 10:52:13', '2025-07-31 10:52:30', NULL, 568, 16, 'claudia'),
(162, '2025-07-31 10:52:30', '2025-07-31 18:21:13', '07:27:20', 568, 17, 'pedro'),
(163, '2025-07-31 10:52:47', '2025-07-31 10:53:04', NULL, 569, 16, 'claudia'),
(164, '2025-07-31 10:53:04', '2025-07-31 18:19:41', '07:24:08', 569, 17, 'pedro'),
(165, '2025-07-31 10:53:46', NULL, '118:09:33', 570, 16, 'claudia'),
(166, '2025-07-31 11:00:59', '2025-07-31 11:17:36', NULL, 571, 16, 'claudia'),
(167, '2025-07-31 11:17:36', '2025-07-31 18:31:25', '07:11:38', 571, 17, 'pedro'),
(168, '2025-07-31 11:17:49', '2025-08-01 14:45:14', '21:45:56', 572, 16, 'claudia'),
(169, '2025-07-31 11:27:10', '2025-07-31 15:19:25', NULL, 573, 17, 'rui'),
(170, '2025-07-31 11:32:10', '2025-07-31 11:32:19', NULL, 574, 17, 'rui'),
(171, '2025-07-31 11:32:19', '2025-07-31 13:59:20', NULL, 574, 17, 'pedro'),
(173, '2025-07-31 14:31:16', '2025-07-31 14:33:08', NULL, 576, 16, 'claudia'),
(174, '2025-07-31 14:33:08', '2025-08-01 11:32:38', '20:26:06', 576, 17, 'pedro'),
(175, '2025-07-31 14:33:33', NULL, '114:29:46', 577, 16, 'claudia'),
(176, '2025-07-31 14:35:10', NULL, '114:28:09', 578, 16, 'claudia'),
(177, '2025-07-31 14:37:27', '2025-07-31 14:51:57', NULL, 579, 16, 'claudia'),
(178, '2025-07-31 14:51:57', '2025-08-01 10:56:46', '19:32:21', 579, 17, 'pedro'),
(179, '2025-07-31 14:52:22', NULL, '114:10:57', 580, 16, 'claudia'),
(180, '2025-07-31 14:54:17', '2025-07-31 15:10:08', NULL, 581, 16, 'claudia'),
(181, '2025-07-31 15:10:08', '2025-08-02 11:02:28', '42:33:23', 581, 17, 'pedro'),
(182, '2025-07-31 15:10:40', '2025-07-31 15:20:50', NULL, 582, 16, 'claudia'),
(183, '2025-07-31 15:20:50', '2025-07-31 18:24:43', '03:00:45', 582, 17, 'pedro'),
(184, '2025-07-31 15:20:54', '2025-08-04 16:44:44', '16:47:41', 583, 17, 'rui'),
(185, '2025-07-31 15:21:39', '2025-07-31 15:53:25', NULL, 584, 16, 'claudia'),
(186, '2025-07-31 15:53:25', '2025-08-04 10:52:18', '89:47:20', 584, 17, 'pedro'),
(187, '2025-07-31 15:53:42', '2025-07-31 16:30:23', NULL, 585, 16, 'claudia'),
(188, '2025-07-31 16:30:23', NULL, NULL, 585, 17, NULL),
(190, '2025-07-31 16:37:55', NULL, NULL, 555, 15, NULL),
(191, '2025-07-31 16:47:24', '2025-07-31 17:10:15', NULL, 586, 16, 'claudia'),
(192, '2025-07-31 16:47:25', NULL, NULL, 548, 15, NULL),
(193, '2025-07-31 17:10:15', '2025-08-04 16:55:21', '94:09:51', 586, 17, 'sofia'),
(195, '2025-07-31 17:47:12', '2025-07-31 17:52:41', NULL, 587, 16, 'claudia'),
(196, '2025-07-31 17:52:41', '2025-07-31 18:33:45', '00:38:51', 587, 17, 'pedro'),
(197, '2025-07-31 17:53:15', NULL, NULL, 560, 15, NULL),
(198, '2025-07-31 17:53:44', '2025-08-04 16:54:47', '87:12:11', 588, 16, 'claudia'),
(199, '2025-08-01 08:00:40', '2025-08-01 18:03:10', '00:00:00', 543, 15, 'joaquim'),
(200, '2025-08-01 08:18:41', '2025-08-01 08:18:49', NULL, 589, 17, 'rui'),
(201, '2025-08-01 08:18:49', '2025-08-01 18:02:31', NULL, 589, 15, 'roberto'),
(203, '2025-08-01 09:16:11', NULL, NULL, 550, 15, NULL),
(204, '2025-08-01 10:22:34', NULL, NULL, 562, 15, NULL),
(205, '2025-08-01 10:56:46', NULL, NULL, 579, 15, NULL),
(206, '2025-08-01 11:07:23', '2025-08-01 11:09:55', NULL, 590, 16, 'claudia'),
(207, '2025-08-01 11:10:06', '2025-08-01 11:23:29', NULL, 591, 16, 'claudia'),
(208, '2025-08-01 11:24:17', '2025-08-01 11:35:09', '00:00:00', 563, 16, 'claudia'),
(209, '2025-08-01 11:32:38', NULL, NULL, 576, 15, NULL),
(210, '2025-08-01 11:35:33', '2025-08-01 11:50:26', NULL, 592, 16, 'claudia'),
(211, '2025-08-01 11:50:47', '2025-08-01 11:54:05', NULL, 593, 16, 'claudia'),
(212, '2025-08-01 13:52:34', NULL, NULL, 557, 15, NULL),
(213, '2025-08-01 13:54:50', '2025-08-01 13:55:00', NULL, 594, 17, 'rui'),
(214, '2025-08-01 13:55:00', '2025-08-04 08:51:47', NULL, 594, 17, 'sofia'),
(215, '2025-08-01 13:57:28', '2025-08-01 13:59:46', NULL, 595, 16, 'claudia'),
(216, '2025-08-01 13:59:46', '2025-08-01 18:45:28', '04:44:26', 595, 17, 'pedro'),
(217, '2025-08-01 14:00:18', '2025-08-01 14:20:58', NULL, 596, 16, 'claudia'),
(218, '2025-08-01 14:20:58', NULL, '90:10:49', 596, 17, 'sofia'),
(219, '2025-08-01 14:21:46', '2025-08-01 14:35:27', NULL, 597, 16, 'claudia'),
(220, '2025-08-01 14:35:27', '2025-08-04 09:40:06', '66:09:56', 597, 17, 'pedro'),
(221, '2025-08-01 14:45:14', NULL, NULL, 572, 17, NULL),
(222, '2025-08-01 14:45:23', '2025-08-01 14:55:12', NULL, 598, 16, 'claudia'),
(223, '2025-08-01 14:55:12', '2025-08-01 18:49:11', '03:53:01', 598, 17, 'pedro'),
(224, '2025-08-01 14:55:30', '2025-08-01 15:00:00', NULL, 599, 16, 'claudia'),
(225, '2025-08-01 15:00:00', '2025-08-01 18:48:07', '03:47:06', 599, 17, 'pedro'),
(226, '2025-08-01 15:00:09', '2025-08-01 15:05:29', NULL, 600, 16, 'claudia'),
(227, '2025-08-01 15:05:29', '2025-08-01 18:47:00', '03:40:29', 600, 17, 'pedro'),
(228, '2025-08-01 15:05:43', '2025-08-01 15:15:36', NULL, 601, 16, 'claudia'),
(229, '2025-08-01 15:15:36', '2025-08-02 08:32:40', '03:37:11', 601, 17, 'pedro'),
(230, '2025-08-01 15:31:39', '2025-08-01 16:39:32', NULL, 602, 16, 'claudia'),
(231, '2025-08-01 16:39:32', NULL, NULL, 602, 17, NULL),
(232, '2025-08-01 16:40:39', '2025-08-01 17:04:15', NULL, 603, 16, 'claudia'),
(233, '2025-08-01 17:04:15', NULL, NULL, 603, 17, NULL),
(234, '2025-08-01 17:06:57', '2025-08-01 17:16:38', '00:00:00', 563, 16, 'claudia'),
(235, '2025-08-01 17:21:05', '2025-08-01 17:41:27', NULL, 604, 16, 'claudia'),
(236, '2025-08-01 17:42:16', '2025-08-01 17:47:35', NULL, 605, 16, 'claudia'),
(237, '2025-08-01 17:48:17', '2025-08-01 18:01:38', NULL, 606, 16, 'claudia'),
(238, '2025-08-01 18:01:38', NULL, NULL, 606, 17, NULL),
(239, '2025-08-01 18:34:06', NULL, NULL, 551, 15, NULL),
(240, '2025-08-01 18:34:33', '2025-08-01 18:43:45', '00:00:00', 574, 17, 'pedro'),
(241, '2025-08-02 07:58:53', '2025-08-05 10:45:25', '72:05:19', 543, 15, 'joaquim'),
(242, '2025-08-02 08:32:40', NULL, NULL, 601, 15, NULL),
(243, '2025-08-02 11:02:28', NULL, NULL, 581, 15, NULL),
(244, '2025-08-04 08:07:09', '2025-08-04 18:01:02', '00:00:00', 589, 15, 'roberto'),
(245, '2025-08-04 09:06:40', '2025-08-04 15:16:19', '00:00:00', 594, 17, 'sofia'),
(246, '2025-08-04 09:06:41', '2025-08-04 10:29:23', '00:00:00', 563, 16, 'claudia'),
(247, '2025-08-04 10:29:45', '2025-08-04 10:54:51', NULL, 607, 16, 'claudia'),
(248, '2025-08-04 10:52:42', '2025-08-04 10:52:56', NULL, 608, 17, 'rui'),
(249, '2025-08-04 10:52:56', NULL, NULL, 608, 17, 'pedro'),
(250, '2025-08-04 10:54:51', NULL, NULL, 607, 17, NULL),
(251, '2025-08-04 10:54:56', '2025-08-04 13:56:48', '00:00:00', 563, 16, 'claudia'),
(252, '2025-08-04 13:57:09', '2025-08-04 13:59:45', NULL, 609, 16, 'claudia'),
(253, '2025-08-04 13:59:45', NULL, NULL, 609, 17, NULL),
(254, '2025-08-04 14:44:13', '2025-08-04 14:57:41', NULL, 610, 16, 'claudia'),
(255, '2025-08-04 14:57:41', NULL, NULL, 610, 17, NULL),
(256, '2025-08-04 15:00:14', '2025-08-04 15:41:54', NULL, 611, 16, 'claudia'),
(257, '2025-08-04 15:41:54', NULL, NULL, 611, 17, NULL),
(258, '2025-08-04 16:18:23', '2025-08-04 16:29:33', '00:00:00', 563, 16, 'claudia'),
(259, '2025-08-04 16:29:44', '2025-08-04 16:32:52', NULL, 612, 16, 'claudia'),
(260, '2025-08-04 16:32:52', NULL, NULL, 612, 17, NULL),
(261, '2025-08-04 16:33:06', '2025-08-04 16:41:16', NULL, 613, 16, 'claudia'),
(262, '2025-08-04 16:41:16', NULL, NULL, 613, 17, NULL),
(263, '2025-08-04 16:44:29', '2025-08-04 16:45:30', NULL, 614, 16, 'claudia'),
(264, '2025-08-04 16:45:07', NULL, NULL, 615, 17, 'rui'),
(265, '2025-08-04 16:45:30', NULL, NULL, 614, 17, NULL),
(266, '2025-08-04 16:45:43', '2025-08-04 16:45:58', NULL, 616, 16, 'claudia'),
(267, '2025-08-04 16:45:58', NULL, NULL, 616, 17, NULL),
(268, '2025-08-04 16:46:08', '2025-08-04 16:46:22', NULL, 617, 16, 'claudia'),
(269, '2025-08-04 16:46:22', NULL, NULL, 617, 17, NULL),
(270, '2025-08-04 16:46:44', '2025-08-04 16:46:59', NULL, 618, 16, 'claudia'),
(271, '2025-08-04 16:46:59', NULL, NULL, 618, 17, NULL),
(272, '2025-08-04 16:47:08', '2025-08-04 16:47:27', NULL, 619, 16, 'claudia'),
(273, '2025-08-04 16:47:27', NULL, NULL, 619, 17, NULL),
(274, '2025-08-04 16:55:19', '2025-08-04 17:01:39', NULL, 620, 16, 'claudia'),
(275, '2025-08-04 17:01:39', NULL, NULL, 620, 17, NULL),
(276, '2025-08-04 17:01:51', '2025-08-04 17:08:26', NULL, 621, 16, 'claudia'),
(277, '2025-08-04 17:08:56', '2025-08-04 17:16:27', NULL, 622, 16, 'claudia'),
(278, '2025-08-04 17:19:23', NULL, '15:43:56', 623, 16, 'claudia'),
(279, '2025-08-05 08:09:36', NULL, '00:00:00', 589, 15, 'roberto'),
(280, '2025-08-05 09:05:21', '2025-08-05 09:57:05', NULL, 624, 16, 'claudia'),
(281, '2025-08-05 09:39:38', NULL, NULL, 558, 15, NULL),
(282, '2025-08-05 09:57:16', '2025-08-05 09:57:36', NULL, 625, 16, 'claudia'),
(283, '2025-08-05 09:57:36', NULL, NULL, 625, 17, NULL),
(284, '2025-08-05 09:57:45', '2025-08-05 09:58:07', NULL, 626, 16, 'claudia'),
(285, '2025-08-05 09:58:07', NULL, NULL, 626, 17, NULL),
(286, '2025-08-05 09:58:25', '2025-08-05 09:58:38', NULL, 627, 16, 'claudia'),
(287, '2025-08-05 09:58:38', NULL, NULL, 627, 17, NULL),
(288, '2025-08-05 10:00:21', '2025-08-05 10:29:13', NULL, 628, 16, 'claudia'),
(289, '2025-08-05 10:32:15', NULL, NULL, 629, 16, 'claudia'),
(290, '2025-08-05 10:49:56', NULL, '00:00:00', 543, 15, 'joaquim');

-- --------------------------------------------------------

--
-- Estrutura da tabela `finalizar_dia`
--

CREATE TABLE `finalizar_dia` (
  `id` int(11) NOT NULL,
  `tarefa_id` int(11) DEFAULT NULL,
  `utilizador` varchar(255) NOT NULL,
  `datahora_fimdedia` datetime DEFAULT NULL,
  `datahora_iniciodiaseguinte` datetime DEFAULT NULL
) ENGINE=InnoDB DEFAULT CHARSET=utf8mb4 COLLATE=utf8mb4_general_ci;

--
-- Extraindo dados da tabela `finalizar_dia`
--

INSERT INTO `finalizar_dia` (`id`, `tarefa_id`, `utilizador`, `datahora_fimdedia`, `datahora_iniciodiaseguinte`) VALUES
(116, NULL, 'rui', '2025-07-30 19:01:52', '2025-07-31 08:03:50'),
(117, NULL, 'claudia', '2025-07-30 18:05:38', '2025-07-31 09:04:37'),
(118, 541, 'pedro', '2025-07-30 19:00:08', '2025-07-31 08:00:12'),
(119, NULL, 'claudia', '2025-07-31 18:08:12', '2025-08-01 09:03:45'),
(120, 550, 'sofia', '2025-07-31 19:00:03', '2025-08-01 08:00:14'),
(121, 566, 'pedro', '2025-07-31 19:00:03', '2025-08-01 08:00:18'),
(122, NULL, 'rui', '2025-07-31 19:01:21', '2025-08-01 08:08:35'),
(123, NULL, 'joaquim', '2025-07-31 19:03:03', '2025-08-01 07:59:55'),
(124, 594, 'sofia', '2025-08-01 18:00:03', '2025-08-04 08:00:37'),
(125, NULL, 'roberto', '2025-08-01 18:02:36', '2025-08-04 08:07:04'),
(126, NULL, 'joaquim', '2025-08-01 18:03:18', '2025-08-02 07:57:53'),
(127, NULL, 'claudia', '2025-08-01 18:03:53', '2025-08-04 09:05:55'),
(128, 601, 'pedro', '2025-08-01 19:00:20', '2025-08-02 08:00:14'),
(129, 583, 'rui', '2025-08-01 19:01:17', '2025-08-02 08:06:07'),
(130, 559, 'pedro', '2025-08-02 12:00:17', '2025-08-04 08:00:22'),
(131, 583, 'rui', '2025-08-02 12:00:53', '2025-08-04 08:05:52'),
(132, 543, 'joaquim', '2025-08-02 12:09:41', '2025-08-04 10:19:29'),
(133, NULL, 'claudia', '2025-08-04 17:29:06', '2025-08-05 09:03:19'),
(134, NULL, 'roberto', '2025-08-04 18:01:03', '2025-08-05 08:09:28'),
(135, NULL, 'joaquim', '2025-08-04 18:04:11', '2025-08-05 08:04:12'),
(136, 608, 'pedro', '2025-08-04 19:00:20', '2025-08-05 08:00:40'),
(137, 558, 'sofia', '2025-08-04 19:00:31', '2025-08-05 08:00:38'),
(138, 615, 'rui', '2025-08-04 19:02:47', '2025-08-05 08:04:23');

-- --------------------------------------------------------

--
-- Estrutura da tabela `funcionarios`
--

CREATE TABLE `funcionarios` (
  `utilizador` varchar(50) NOT NULL,
  `departamento` int(11) NOT NULL,
  `nome` varchar(100) NOT NULL,
  `estado` enum('inativo','ativo') NOT NULL DEFAULT 'ativo',
  `criar_tarefa` enum('inativo','ativo') NOT NULL DEFAULT 'inativo',
  `numero` varchar(20) NOT NULL,
  `email` varchar(100) DEFAULT NULL,
  `horario_id` int(11) DEFAULT NULL,
  `relatorio_acesso` enum('utilizador','todos') DEFAULT 'utilizador',
  `password` varchar(100) NOT NULL
) ENGINE=InnoDB DEFAULT CHARSET=utf8mb4 COLLATE=utf8mb4_general_ci;

--
-- Extraindo dados da tabela `funcionarios`
--

INSERT INTO `funcionarios` (`utilizador`, `departamento`, `nome`, `estado`, `criar_tarefa`, `numero`, `email`, `horario_id`, `relatorio_acesso`, `password`) VALUES
('amandio', 18, 'Amandio Pereira', 'ativo', 'ativo', '47', '', NULL, 'todos', '123'),
('claudia', 16, 'Claudia Santos', 'ativo', 'ativo', '46', 'csantos@portosmobiliario.com', NULL, 'utilizador', '123'),
('joaquim', 15, 'Joaquim Pereira', 'ativo', 'inativo', '11', 'gabtec@portosmobiliario.com', 3, 'utilizador', '123'),
('pedro', 17, 'Pedro Ribeiro', 'ativo', 'inativo', '89', 'gabtec@portosmobiliario.com', 3, 'utilizador', '123'),
('roberto', 15, 'Roberto Nunes', 'ativo', 'inativo', '105', 'gabtec@portosmobiliario.com', 3, 'utilizador', '123'),
('rui', 17, 'Rui Nunes', 'ativo', 'ativo', '62', 'gabtec@portosmobiliario.com', NULL, 'todos', '123'),
('sofia', 17, 'Sofia Ferreira', 'ativo', 'inativo', '96', 'gabtec@portosmobiliario.com', 3, 'utilizador', '123');

-- --------------------------------------------------------

--
-- Estrutura da tabela `horarios`
--

CREATE TABLE `horarios` (
  `id` int(11) NOT NULL,
  `nome` varchar(100) NOT NULL,
  `dias_semana` varchar(255) DEFAULT NULL,
  `hora_inicio` time NOT NULL,
  `tempo_notificacao` int(11) NOT NULL
) ENGINE=InnoDB DEFAULT CHARSET=utf8 COLLATE=utf8_general_ci;

--
-- Extraindo dados da tabela `horarios`
--

INSERT INTO `horarios` (`id`, `nome`, `dias_semana`, `hora_inicio`, `tempo_notificacao`) VALUES
(3, 'Portos', 'Segunda,Terca,Quarta,Quinta,Sexta', '08:00:00', 10);

-- --------------------------------------------------------

--
-- Estrutura da tabela `motivos_ausencia`
--

CREATE TABLE `motivos_ausencia` (
  `id` int(11) NOT NULL,
  `codigo` varchar(10) NOT NULL,
  `descricao` varchar(255) NOT NULL
) ENGINE=InnoDB DEFAULT CHARSET=utf8 COLLATE=utf8_general_ci;

--
-- Extraindo dados da tabela `motivos_ausencia`
--

INSERT INTO `motivos_ausencia` (`id`, `codigo`, `descricao`) VALUES
(4, 'Férias', 'Férias'),
(5, 'Falta Just', 'Falta Justificada');

-- --------------------------------------------------------

--
-- Estrutura da tabela `motivos_pausa`
--

CREATE TABLE `motivos_pausa` (
  `id` int(11) NOT NULL,
  `codigo` varchar(50) NOT NULL,
  `descricao` varchar(255) NOT NULL,
  `tipo` enum('SemOpcao','PararContadores','IniciarTarefas') NOT NULL
) ENGINE=InnoDB DEFAULT CHARSET=utf8 COLLATE=utf8_general_ci;

--
-- Extraindo dados da tabela `motivos_pausa`
--

INSERT INTO `motivos_pausa` (`id`, `codigo`, `descricao`, `tipo`) VALUES
(42, 'Almoço', 'Almoço', 'PararContadores'),
(43, 'Lanche', 'Lanche', 'SemOpcao'),
(44, 'Produção', 'Produção', 'SemOpcao'),
(45, 'Duvida Cliente', 'Duvida Cliente', 'IniciarTarefas'),
(46, 'Intergabinete', 'Intergabinete', 'IniciarTarefas'),
(47, 'WC', 'WC', 'SemOpcao'),
(48, 'Administração', 'Administração', 'SemOpcao'),
(49, 'Visita Cliente', 'Recepção Clientes e Fornecedores', 'SemOpcao'),
(50, 'Telefone', 'Telefone', 'SemOpcao'),
(51, 'Fornecedor', 'A espera do Fornecedor', 'IniciarTarefas'),
(52, 'Prioridade', 'Trocar para tarefa urgente', 'IniciarTarefas');

-- --------------------------------------------------------

--
-- Estrutura da tabela `pausas_tarefas`
--

CREATE TABLE `pausas_tarefas` (
  `id` int(11) NOT NULL,
  `tarefa_id` int(11) NOT NULL,
  `funcionario` varchar(50) NOT NULL,
  `data_pausa` datetime NOT NULL,
  `data_retorno` datetime DEFAULT NULL,
  `tempo_pausa` time GENERATED ALWAYS AS (timediff(`data_retorno`,`data_pausa`)) STORED,
  `motivo_id` int(11) NOT NULL
) ENGINE=InnoDB DEFAULT CHARSET=utf8mb4 COLLATE=utf8mb4_general_ci;

--
-- Extraindo dados da tabela `pausas_tarefas`
--

INSERT INTO `pausas_tarefas` (`id`, `tarefa_id`, `funcionario`, `data_pausa`, `data_retorno`, `motivo_id`) VALUES
(1790, 537, 'claudia', '2025-07-30 17:35:48', '2025-07-30 17:36:00', 46),
(1791, 537, 'claudia', '2025-07-30 17:42:27', '2025-07-30 17:42:37', 46),
(1792, 537, 'claudia', '2025-07-30 17:49:48', '2025-07-30 17:49:53', 46),
(1796, 538, 'claudia', '2025-07-30 17:54:44', '2025-07-30 17:54:50', 46),
(1797, 540, 'claudia', '2025-07-30 18:03:20', '2025-07-30 18:03:26', 46),
(1798, 541, 'rui', '2025-07-30 18:26:51', '2025-07-30 18:27:12', 46),
(1799, 542, 'rui', '2025-07-30 18:29:20', '2025-07-30 18:29:30', 46),
(1800, 541, 'pedro', '2025-07-30 18:30:06', '2025-07-30 18:32:46', 46),
(1801, 542, 'sofia', '2025-07-31 08:01:27', '2025-07-31 08:02:46', 46),
(1802, 543, 'rui', '2025-07-31 08:06:26', '2025-07-31 08:06:31', 46),
(1803, 544, 'rui', '2025-07-31 08:17:26', '2025-07-31 09:00:38', 44),
(1804, 543, 'joaquim', '2025-07-31 08:18:54', '2025-07-31 08:19:17', 46),
(1805, 544, 'rui', '2025-07-31 09:00:49', '2025-07-31 10:00:55', 46),
(1806, 545, 'rui', '2025-07-31 09:01:10', '2025-07-31 09:01:17', 46),
(1807, 545, 'sofia', '2025-07-31 09:01:17', '2025-07-31 09:04:07', 46),
(1808, 546, 'rui', '2025-07-31 09:01:31', '2025-07-31 09:01:36', 46),
(1809, 546, 'sofia', '2025-07-31 09:01:36', '2025-07-31 13:57:56', 46),
(1810, 547, 'rui', '2025-07-31 09:01:51', '2025-07-31 09:01:57', 46),
(1811, 547, 'sofia', '2025-07-31 09:01:57', '2025-07-31 11:58:29', 46),
(1812, 548, 'rui', '2025-07-31 09:02:16', '2025-07-31 09:02:21', 46),
(1813, 548, 'sofia', '2025-07-31 09:02:21', '2025-07-31 15:15:23', 46),
(1814, 549, 'rui', '2025-07-31 09:02:39', '2025-07-31 09:02:46', 46),
(1815, 549, 'sofia', '2025-07-31 09:02:46', '2025-07-31 16:53:43', 46),
(1816, 550, 'rui', '2025-07-31 09:03:19', '2025-07-31 09:04:16', 46),
(1817, 550, 'sofia', '2025-07-31 09:04:16', '2025-07-31 17:28:02', 46),
(1818, 551, 'claudia', '2025-07-31 09:06:32', '2025-07-31 09:06:39', 46),
(1819, 553, 'claudia', '2025-07-31 09:08:47', '2025-07-31 09:08:51', 46),
(1820, 554, 'claudia', '2025-07-31 09:09:04', '2025-07-31 09:09:09', 46),
(1821, 555, 'claudia', '2025-07-31 09:09:24', '2025-07-31 09:09:28', 46),
(1822, 556, 'claudia', '2025-07-31 09:09:39', '2025-07-31 09:09:45', 46),
(1823, 557, 'claudia', '2025-07-31 09:10:05', '2025-07-31 09:10:12', 46),
(1824, 558, 'claudia', '2025-07-31 09:10:26', '2025-07-31 09:10:30', 46),
(1825, 559, 'claudia', '2025-07-31 09:10:43', '2025-07-31 09:10:48', 46),
(1826, 560, 'claudia', '2025-07-31 09:11:01', '2025-07-31 09:11:05', 46),
(1827, 561, 'claudia', '2025-07-31 09:11:23', '2025-07-31 09:11:26', 46),
(1828, 562, 'claudia', '2025-07-31 09:11:40', '2025-07-31 09:11:45', 46),
(1829, 543, 'joaquim', '2025-07-31 09:16:31', '2025-07-31 09:51:11', 44),
(1830, 563, 'claudia', '2025-07-31 09:28:41', '2025-07-31 09:29:40', 44),
(1831, 563, 'claudia', '2025-07-31 09:30:11', '2025-07-31 09:34:32', 52),
(1832, 564, 'claudia', '2025-07-31 09:34:11', '2025-07-31 09:34:25', 46),
(1833, 563, 'claudia', '2025-07-31 09:37:31', '2025-07-31 09:39:41', 50),
(1834, 563, 'claudia', '2025-07-31 09:40:32', '2025-07-31 09:42:31', 50),
(1835, 563, 'claudia', '2025-07-31 09:48:51', '2025-07-31 09:55:59', 50),
(1836, 541, 'pedro', '2025-07-31 10:00:09', '2025-07-31 10:12:33', 43),
(1837, 545, 'sofia', '2025-07-31 10:00:10', '2025-07-31 10:15:10', 43),
(1838, 543, 'joaquim', '2025-07-31 10:00:19', '2025-07-31 10:13:16', 43),
(1839, 563, 'claudia', '2025-07-31 10:00:26', '2025-07-31 10:14:54', 43),
(1840, 544, 'rui', '2025-07-31 10:00:59', '2025-07-31 11:07:05', 49),
(1841, 563, 'claudia', '2025-07-31 10:16:00', '2025-07-31 10:19:36', 44),
(1842, 565, 'claudia', '2025-07-31 10:23:37', '2025-07-31 10:29:26', 50),
(1843, 541, 'pedro', '2025-07-31 10:27:58', '2025-07-31 10:36:27', 44),
(1844, 565, 'claudia', '2025-07-31 10:29:40', '2025-07-31 10:35:52', 50),
(1845, 565, 'claudia', '2025-07-31 10:36:08', '2025-07-31 13:39:02', 45),
(1846, 566, 'claudia', '2025-07-31 10:42:11', '2025-07-31 10:45:09', 50),
(1847, 566, 'claudia', '2025-07-31 10:50:47', '2025-07-31 10:50:52', 46),
(1848, 567, 'claudia', '2025-07-31 10:51:39', '2025-07-31 10:51:45', 46),
(1849, 568, 'claudia', '2025-07-31 10:52:24', '2025-07-31 10:52:30', 46),
(1850, 569, 'claudia', '2025-07-31 10:52:59', '2025-07-31 10:53:04', 46),
(1851, 570, 'claudia', '2025-07-31 11:00:34', '2025-07-31 13:39:02', 45),
(1852, 571, 'claudia', '2025-07-31 11:03:44', '2025-07-31 11:05:14', 50),
(1853, 571, 'claudia', '2025-07-31 11:13:49', '2025-07-31 11:16:14', 47),
(1854, 544, 'rui', '2025-07-31 11:15:13', '2025-07-31 11:23:23', 44),
(1855, 571, 'claudia', '2025-07-31 11:17:31', '2025-07-31 11:17:36', 46),
(1856, 545, 'sofia', '2025-07-31 11:21:22', '2025-07-31 11:27:01', 47),
(1857, 572, 'claudia', '2025-07-31 11:27:24', '2025-07-31 11:28:14', 49),
(1858, 573, 'rui', '2025-07-31 11:31:40', '2025-07-31 11:35:27', 52),
(1859, 574, 'rui', '2025-07-31 11:32:15', '2025-07-31 11:32:19', 46),
(1860, 574, 'pedro', '2025-07-31 11:32:19', '2025-07-31 11:32:31', 46),
(1861, 572, 'claudia', '2025-07-31 11:41:13', '2025-07-31 13:39:02', 45),
(1862, 574, 'pedro', '2025-07-31 12:00:07', '2025-07-31 13:30:02', 42),
(1863, 547, 'sofia', '2025-07-31 12:00:14', '2025-07-31 13:30:13', 42),
(1865, 573, 'rui', '2025-07-31 12:03:13', '2025-07-31 13:29:28', 42),
(1866, 543, 'joaquim', '2025-07-31 12:35:19', '2025-07-31 14:00:25', 42),
(1867, 572, 'claudia', '2025-07-31 13:39:02', '2025-07-31 13:56:46', 42),
(1868, 570, 'claudia', '2025-07-31 13:39:02', '2025-07-31 14:29:15', 42),
(1869, 565, 'claudia', '2025-07-31 13:39:02', '2025-07-31 14:29:15', 42),
(1870, 573, 'rui', '2025-07-31 13:51:49', '2025-07-31 13:52:34', 52),
(1871, 573, 'rui', '2025-07-31 13:54:31', '2025-07-31 14:17:02', 44),
(1872, 572, 'claudia', '2025-07-31 13:56:58', '2025-07-31 13:57:00', 45),
(1873, 572, 'claudia', '2025-07-31 13:57:00', '2025-07-31 13:57:14', 42),
(1874, 572, 'claudia', '2025-07-31 13:57:30', '2025-07-31 13:57:34', 45),
(1875, 572, 'claudia', '2025-07-31 13:57:34', '2025-07-31 13:57:54', 42),
(1876, 572, 'claudia', '2025-07-31 13:58:04', '2025-07-31 13:58:09', 45),
(1877, 572, 'claudia', '2025-07-31 13:58:09', '2025-07-31 13:58:51', 42),
(1878, 572, 'claudia', '2025-07-31 13:58:58', '2025-07-31 13:59:03', 47),
(1879, 572, 'claudia', '2025-07-31 13:59:10', '2025-07-31 13:59:13', 46),
(1880, 572, 'claudia', '2025-07-31 13:59:13', '2025-07-31 14:01:13', 42),
(1881, 572, 'claudia', '2025-07-31 14:01:21', '2025-07-31 14:01:27', 42),
(1882, 572, 'claudia', '2025-07-31 14:01:42', '2025-07-31 14:01:45', 45),
(1883, 572, 'claudia', '2025-07-31 14:01:45', '2025-07-31 14:28:22', 42),
(1884, 573, 'rui', '2025-07-31 14:27:08', '2025-07-31 14:51:31', 49),
(1885, 572, 'claudia', '2025-07-31 14:28:33', '2025-07-31 14:28:36', 46),
(1886, 572, 'claudia', '2025-07-31 14:28:36', '2025-07-31 14:29:13', 42),
(1887, 572, 'claudia', '2025-07-31 14:29:15', '2025-07-31 14:29:15', 45),
(1888, 570, 'claudia', '2025-07-31 14:29:15', '2025-07-31 18:08:12', 45),
(1889, 565, 'claudia', '2025-07-31 14:29:15', '2025-07-31 17:10:47', 45),
(1890, 572, 'claudia', '2025-07-31 14:29:15', '2025-07-31 14:29:15', 45),
(1891, 572, 'claudia', '2025-07-31 14:29:15', '2025-07-31 14:29:15', 45),
(1892, 572, 'claudia', '2025-07-31 14:29:15', '2025-07-31 14:29:15', 45),
(1893, 572, 'claudia', '2025-07-31 14:29:15', '2025-07-31 14:29:15', 46),
(1894, 572, 'claudia', '2025-07-31 14:29:15', '2025-07-31 14:29:15', 45),
(1895, 572, 'claudia', '2025-07-31 14:29:15', '2025-07-31 18:08:12', 46),
(1896, 572, 'claudia', '2025-07-31 14:29:44', '2025-07-31 18:08:12', 45),
(1897, 576, 'claudia', '2025-07-31 14:33:02', '2025-07-31 14:33:08', 46),
(1898, 577, 'claudia', '2025-07-31 14:34:55', '2025-07-31 18:08:12', 45),
(1899, 578, 'claudia', '2025-07-31 14:37:06', '2025-07-31 18:08:12', 45),
(1900, 579, 'claudia', '2025-07-31 14:51:43', '2025-07-31 14:51:57', 46),
(1901, 580, 'claudia', '2025-07-31 14:54:05', '2025-07-31 17:20:40', 45),
(1902, 573, 'rui', '2025-07-31 14:57:02', '2025-07-31 14:59:25', 46),
(1903, 581, 'claudia', '2025-07-31 15:01:39', '2025-07-31 15:01:58', 45),
(1904, 573, 'rui', '2025-07-31 15:06:13', '2025-07-31 15:19:20', 44),
(1905, 581, 'claudia', '2025-07-31 15:10:02', '2025-07-31 15:10:08', 46),
(1906, 582, 'claudia', '2025-07-31 15:20:43', '2025-07-31 15:20:50', 46),
(1907, 555, 'pedro', '2025-07-31 15:29:36', '2025-07-31 15:35:16', 47),
(1908, 584, 'claudia', '2025-07-31 15:30:53', '2025-07-31 15:33:00', 50),
(1909, 543, 'joaquim', '2025-07-31 15:37:40', '2025-07-31 15:53:29', 44),
(1910, 584, 'claudia', '2025-07-31 15:42:26', '2025-07-31 15:44:59', 50),
(1911, 584, 'claudia', '2025-07-31 15:53:19', '2025-07-31 15:53:25', 46),
(1912, 585, 'claudia', '2025-07-31 16:00:11', '2025-07-31 16:14:10', 43),
(1913, 548, 'sofia', '2025-07-31 16:00:12', '2025-07-31 16:14:20', 43),
(1914, 555, 'pedro', '2025-07-31 16:00:16', '2025-07-31 16:13:17', 43),
(1915, 543, 'joaquim', '2025-07-31 16:00:28', '2025-07-31 16:13:10', 43),
(1916, 583, 'rui', '2025-07-31 16:02:11', '2025-07-31 16:15:50', 43),
(1917, 585, 'claudia', '2025-07-31 16:30:18', '2025-07-31 16:30:23', 46),
(1919, 555, 'pedro', '2025-07-31 16:37:43', '2025-07-31 16:37:55', 46),
(1921, 548, 'sofia', '2025-07-31 16:47:20', '2025-07-31 16:47:25', 46),
(1922, 586, 'claudia', '2025-07-31 16:51:54', '2025-07-31 16:59:09', 50),
(1923, 586, 'claudia', '2025-07-31 17:00:53', '2025-07-31 17:03:50', 50),
(1924, 586, 'claudia', '2025-07-31 17:04:11', '2025-07-31 17:05:26', 50),
(1925, 586, 'claudia', '2025-07-31 17:06:26', '2025-07-31 17:08:59', 44),
(1926, 586, 'claudia', '2025-07-31 17:09:08', '2025-07-31 17:09:31', 50),
(1927, 586, 'claudia', '2025-07-31 17:10:07', '2025-07-31 17:10:15', 46),
(1928, 580, 'claudia', '2025-07-31 17:20:48', '2025-07-31 17:21:55', 50),
(1929, 580, 'claudia', '2025-07-31 17:22:07', '2025-07-31 18:08:12', 45),
(1931, 583, 'rui', '2025-07-31 17:29:11', '2025-07-31 18:09:06', 44),
(1932, 587, 'claudia', '2025-07-31 17:52:36', '2025-07-31 17:52:41', 46),
(1933, 560, 'pedro', '2025-07-31 17:53:10', '2025-07-31 17:53:15', 46),
(1934, 588, 'claudia', '2025-07-31 17:56:11', '2025-07-31 17:59:08', 45),
(1935, 588, 'claudia', '2025-07-31 18:03:03', '2025-07-31 18:08:12', 50),
(1936, 550, 'sofia', '2025-07-31 18:21:05', '2025-07-31 18:25:13', 47),
(1937, 543, 'joaquim', '2025-07-31 18:30:06', '2025-07-31 18:40:17', 47),
(1938, 583, 'rui', '2025-07-31 18:50:34', '2025-07-31 19:01:21', 44),
(1939, 583, 'rui', '2025-08-01 08:08:35', '2025-08-01 08:08:45', 44),
(1940, 583, 'rui', '2025-08-01 08:18:22', '2025-08-01 08:19:10', 52),
(1941, 589, 'rui', '2025-08-01 08:18:45', '2025-08-01 08:18:49', 46),
(1942, 589, 'roberto', '2025-08-01 08:18:49', '2025-08-01 08:19:55', 46),
(1943, 589, 'roberto', '2025-08-01 08:36:14', '2025-08-01 08:38:22', 44),
(1944, 589, 'roberto', '2025-08-01 08:45:59', '2025-08-01 08:48:13', 44),
(1945, 589, 'roberto', '2025-08-01 08:55:00', '2025-08-01 08:55:15', 44),
(1946, 589, 'roberto', '2025-08-01 08:57:00', '2025-08-01 09:08:28', 47),
(1947, 583, 'rui', '2025-08-01 08:57:52', '2025-08-01 09:13:35', 44),
(1948, 570, 'claudia', '2025-08-01 09:03:45', '2025-08-01 18:03:53', 45),
(1949, 572, 'claudia', '2025-08-01 09:03:45', '2025-08-01 14:38:55', 45),
(1950, 577, 'claudia', '2025-08-01 09:03:45', '2025-08-01 18:03:53', 45),
(1951, 578, 'claudia', '2025-08-01 09:03:45', '2025-08-01 18:03:53', 45),
(1952, 580, 'claudia', '2025-08-01 09:03:45', '2025-08-01 18:03:53', 45),
(1953, 588, 'claudia', '2025-08-01 09:03:45', '2025-08-01 10:53:14', 50),
(1954, 583, 'rui', '2025-08-01 09:13:41', '2025-08-01 09:13:42', 49),
(1955, 583, 'rui', '2025-08-01 09:13:59', '2025-08-01 09:46:54', 49),
(1956, 550, 'sofia', '2025-08-01 09:16:06', '2025-08-01 09:16:11', 46),
(1958, 589, 'roberto', '2025-08-01 09:38:38', '2025-08-01 09:46:39', 44),
(1959, 589, 'roberto', '2025-08-01 09:47:46', '2025-08-01 10:02:50', 44),
(1960, 556, 'sofia', '2025-08-01 10:00:12', '2025-08-01 10:14:12', 43),
(1961, 562, 'pedro', '2025-08-01 10:00:54', '2025-08-01 10:14:34', 43),
(1962, 543, 'joaquim', '2025-08-01 10:02:05', '2025-08-01 10:13:35', 43),
(1963, 589, 'roberto', '2025-08-01 10:03:02', '2025-08-01 10:15:43', 43),
(1964, 583, 'rui', '2025-08-01 10:03:34', '2025-08-01 10:14:27', 43),
(1965, 589, 'roberto', '2025-08-01 10:17:10', '2025-08-01 10:24:28', 44),
(1966, 543, 'joaquim', '2025-08-01 10:22:07', '2025-08-01 10:27:57', 44),
(1967, 562, 'pedro', '2025-08-01 10:22:26', '2025-08-01 10:22:34', 46),
(1968, 589, 'roberto', '2025-08-01 10:29:37', '2025-08-01 10:34:47', 44),
(1969, 543, 'joaquim', '2025-08-01 10:32:30', '2025-08-01 10:59:46', 44),
(1970, 583, 'rui', '2025-08-01 10:36:31', '2025-08-01 10:39:27', 44),
(1971, 588, 'claudia', '2025-08-01 10:53:22', '2025-08-01 11:07:01', 50),
(1972, 579, 'pedro', '2025-08-01 10:56:41', '2025-08-01 10:56:46', 46),
(1973, 588, 'claudia', '2025-08-01 11:07:09', '2025-08-01 12:00:41', 45),
(1974, 591, 'claudia', '2025-08-01 11:16:39', '2025-08-01 11:19:15', 50),
(1975, 563, 'claudia', '2025-08-01 11:30:53', '2025-08-01 11:33:35', 47),
(1976, 576, 'pedro', '2025-08-01 11:32:31', '2025-08-01 11:32:38', 46),
(1977, 589, 'roberto', '2025-08-01 11:37:47', '2025-08-01 11:49:21', 44),
(1978, 553, 'pedro', '2025-08-01 12:00:11', '2025-08-01 13:30:27', 42),
(1979, 557, 'sofia', '2025-08-01 12:00:21', '2025-08-01 13:30:53', 42),
(1980, 588, 'claudia', '2025-08-01 12:00:48', '2025-08-01 13:41:49', 42),
(1981, 589, 'roberto', '2025-08-01 12:00:57', '2025-08-01 13:31:39', 42),
(1982, 583, 'rui', '2025-08-01 12:04:48', '2025-08-01 13:31:10', 42),
(1983, 543, 'joaquim', '2025-08-01 12:37:33', '2025-08-01 13:57:20', 42),
(1984, 557, 'sofia', '2025-08-01 13:52:26', '2025-08-01 13:52:34', 46),
(1985, 583, 'rui', '2025-08-01 13:54:10', '2025-08-01 13:56:24', 52),
(1986, 594, 'rui', '2025-08-01 13:54:55', '2025-08-01 13:55:00', 46),
(1987, 594, 'sofia', '2025-08-01 13:55:00', '2025-08-01 13:56:45', 46),
(1988, 588, 'claudia', '2025-08-01 13:55:49', '2025-08-01 18:03:53', 45),
(1989, 583, 'rui', '2025-08-01 13:57:38', '2025-08-01 14:04:51', 47),
(1990, 595, 'claudia', '2025-08-01 13:59:42', '2025-08-01 13:59:46', 46),
(1991, 589, 'roberto', '2025-08-01 14:06:55', '2025-08-01 14:12:34', 44),
(1992, 596, 'claudia', '2025-08-01 14:07:45', '2025-08-01 14:08:48', 49),
(1993, 583, 'rui', '2025-08-01 14:17:02', '2025-08-01 15:16:14', 44),
(1994, 596, 'claudia', '2025-08-01 14:20:53', '2025-08-01 14:20:58', 46),
(1995, 597, 'claudia', '2025-08-01 14:35:20', '2025-08-01 14:35:27', 46),
(1996, 572, 'claudia', '2025-08-01 14:45:09', '2025-08-01 14:45:14', 46),
(1997, 598, 'claudia', '2025-08-01 14:55:08', '2025-08-01 14:55:12', 46),
(1998, 599, 'claudia', '2025-08-01 14:59:54', '2025-08-01 15:00:00', 46),
(1999, 600, 'claudia', '2025-08-01 15:05:26', '2025-08-01 15:05:29', 46),
(2000, 543, 'joaquim', '2025-08-01 15:08:41', '2025-08-01 15:18:26', 44),
(2001, 601, 'claudia', '2025-08-01 15:15:30', '2025-08-01 15:15:36', 46),
(2002, 583, 'rui', '2025-08-01 15:17:33', '2025-08-01 15:28:23', 44),
(2003, 589, 'roberto', '2025-08-01 15:19:37', '2025-08-01 15:29:54', 44),
(2004, 551, 'pedro', '2025-08-01 15:21:34', '2025-08-01 15:29:01', 47),
(2005, 589, 'roberto', '2025-08-01 15:43:12', '2025-08-01 15:52:52', 47),
(2006, 602, 'claudia', '2025-08-01 15:43:33', '2025-08-01 15:48:57', 50),
(2007, 602, 'claudia', '2025-08-01 15:49:12', '2025-08-01 15:50:33', 49),
(2008, 602, 'claudia', '2025-08-01 15:56:44', '2025-08-01 15:59:02', 47),
(2009, 594, 'sofia', '2025-08-01 16:00:10', '2025-08-01 16:14:23', 43),
(2010, 551, 'pedro', '2025-08-01 16:00:11', '2025-08-01 16:13:45', 43),
(2011, 589, 'roberto', '2025-08-01 16:00:18', '2025-08-01 16:14:47', 43),
(2012, 583, 'rui', '2025-08-01 16:03:56', '2025-08-01 16:16:38', 43),
(2013, 543, 'joaquim', '2025-08-01 16:05:37', '2025-08-01 16:13:37', 43),
(2014, 602, 'claudia', '2025-08-01 16:14:13', '2025-08-01 16:20:59', 43),
(2015, 543, 'joaquim', '2025-08-01 16:33:57', '2025-08-01 16:41:50', 44),
(2016, 583, 'rui', '2025-08-01 16:37:03', '2025-08-01 16:37:08', 44),
(2017, 602, 'claudia', '2025-08-01 16:39:26', '2025-08-01 16:39:32', 46),
(2018, 583, 'rui', '2025-08-01 17:01:05', '2025-08-01 17:28:18', 44),
(2019, 603, 'claudia', '2025-08-01 17:04:08', '2025-08-01 17:04:15', 46),
(2020, 563, 'claudia', '2025-08-01 17:08:25', '2025-08-01 17:11:57', 50),
(2021, 563, 'claudia', '2025-08-01 17:12:06', '2025-08-01 17:16:30', 44),
(2022, 589, 'roberto', '2025-08-01 17:18:24', '2025-08-01 17:33:16', 44),
(2023, 604, 'claudia', '2025-08-01 17:24:29', '2025-08-01 17:26:48', 47),
(2024, 543, 'joaquim', '2025-08-01 17:31:49', '2025-08-01 17:34:50', 47),
(2025, 589, 'roberto', '2025-08-01 17:34:51', '2025-08-01 17:50:44', 44),
(2026, 594, 'sofia', '2025-08-01 17:43:53', '2025-08-01 17:48:04', 47),
(2027, 605, 'claudia', '2025-08-01 17:45:07', '2025-08-01 17:46:17', 50),
(2028, 606, 'claudia', '2025-08-01 18:01:34', '2025-08-01 18:01:38', 46),
(2029, 551, 'pedro', '2025-08-01 18:33:58', '2025-08-01 18:34:06', 46),
(2030, 601, 'pedro', '2025-08-02 08:32:35', '2025-08-02 08:32:40', 46),
(2031, 543, 'joaquim', '2025-08-02 08:57:41', '2025-08-02 09:11:24', 44),
(2032, 581, 'pedro', '2025-08-02 10:00:11', '2025-08-02 10:14:04', 43),
(2033, 543, 'joaquim', '2025-08-02 10:00:52', '2025-08-02 10:14:04', 43),
(2034, 583, 'rui', '2025-08-02 10:01:14', '2025-08-02 10:32:02', 43),
(2035, 543, 'joaquim', '2025-08-02 10:22:01', '2025-08-02 10:56:09', 44),
(2036, 581, 'pedro', '2025-08-02 11:02:22', '2025-08-02 11:02:28', 46),
(2037, 583, 'rui', '2025-08-02 11:20:27', '2025-08-02 11:23:58', 47),
(2038, 559, 'pedro', '2025-08-02 11:39:23', '2025-08-02 11:43:12', 47),
(2039, 583, 'rui', '2025-08-02 11:46:26', '2025-08-02 11:49:48', 48),
(2040, 543, 'joaquim', '2025-08-02 11:50:38', '2025-08-02 11:59:21', 44),
(2041, 589, 'roberto', '2025-08-04 08:28:23', '2025-08-04 08:34:35', 44),
(2042, 583, 'rui', '2025-08-04 08:54:11', '2025-08-04 09:06:18', 44),
(2043, 570, 'claudia', '2025-08-04 09:05:53', '2025-08-04 17:29:06', 45),
(2044, 577, 'claudia', '2025-08-04 09:05:55', '2025-08-04 17:29:06', 45),
(2045, 578, 'claudia', '2025-08-04 09:05:55', '2025-08-04 17:29:06', 45),
(2046, 580, 'claudia', '2025-08-04 09:05:54', '2025-08-04 17:29:06', 45),
(2047, 588, 'claudia', '2025-08-04 09:05:55', '2025-08-04 16:47:57', 45),
(2048, 589, 'roberto', '2025-08-04 09:14:14', '2025-08-04 09:25:37', 44),
(2049, 594, 'sofia', '2025-08-04 10:00:11', '2025-08-04 10:14:40', 43),
(2050, 563, 'claudia', '2025-08-04 10:00:34', '2025-08-04 10:14:31', 43),
(2051, 589, 'roberto', '2025-08-04 10:00:34', '2025-08-04 10:15:35', 43),
(2052, 583, 'rui', '2025-08-04 10:01:15', '2025-08-04 10:34:11', 43),
(2053, 584, 'pedro', '2025-08-04 10:01:19', '2025-08-04 10:13:58', 43),
(2054, 563, 'claudia', '2025-08-04 10:17:48', '2025-08-04 10:23:07', 50),
(2055, 607, 'claudia', '2025-08-04 10:51:54', '2025-08-04 10:54:34', 47),
(2056, 583, 'rui', '2025-08-04 10:52:12', '2025-08-04 10:57:41', 52),
(2057, 608, 'rui', '2025-08-04 10:52:47', '2025-08-04 10:52:56', 46),
(2058, 608, 'pedro', '2025-08-04 10:52:56', '2025-08-04 11:04:57', 46),
(2059, 607, 'claudia', '2025-08-04 10:54:47', '2025-08-04 10:54:51', 46),
(2060, 563, 'claudia', '2025-08-04 11:10:46', '2025-08-04 11:41:05', 48),
(2061, 608, 'pedro', '2025-08-04 11:23:56', '2025-08-04 11:30:59', 47),
(2062, 589, 'roberto', '2025-08-04 11:25:19', '2025-08-04 11:31:44', 47),
(2063, 594, 'sofia', '2025-08-04 12:00:15', '2025-08-04 13:30:31', 42),
(2064, 608, 'pedro', '2025-08-04 12:00:16', '2025-08-04 13:30:26', 42),
(2065, 563, 'claudia', '2025-08-04 12:01:43', '2025-08-04 13:29:52', 42),
(2066, 583, 'rui', '2025-08-04 12:04:26', '2025-08-04 13:31:54', 42),
(2067, 543, 'joaquim', '2025-08-04 12:39:54', '2025-08-04 13:53:29', 42),
(2068, 543, 'joaquim', '2025-08-04 13:56:14', '2025-08-04 14:34:39', 44),
(2069, 609, 'claudia', '2025-08-04 13:59:40', '2025-08-04 13:59:45', 46),
(2070, 589, 'roberto', '2025-08-04 14:45:48', '2025-08-04 15:27:13', 44),
(2071, 610, 'claudia', '2025-08-04 14:49:00', '2025-08-04 14:50:45', 50),
(2072, 610, 'claudia', '2025-08-04 14:57:37', '2025-08-04 14:57:41', 46),
(2073, 611, 'claudia', '2025-08-04 15:41:49', '2025-08-04 15:41:54', 46),
(2074, 608, 'pedro', '2025-08-04 16:00:12', '2025-08-04 16:13:19', 43),
(2075, 586, 'sofia', '2025-08-04 16:00:14', '2025-08-04 16:14:22', 43),
(2076, 583, 'rui', '2025-08-04 16:01:11', '2025-08-04 16:18:42', 43),
(2077, 543, 'joaquim', '2025-08-04 16:04:41', '2025-08-04 16:16:56', 43),
(2078, 589, 'roberto', '2025-08-04 16:04:53', '2025-08-04 16:19:08', 43),
(2079, 563, 'claudia', '2025-08-04 16:18:34', '2025-08-04 16:22:38', 43),
(2080, 543, 'joaquim', '2025-08-04 16:31:49', '2025-08-04 18:04:11', 44),
(2081, 612, 'claudia', '2025-08-04 16:32:45', '2025-08-04 16:32:52', 46),
(2082, 589, 'roberto', '2025-08-04 16:34:15', '2025-08-04 17:01:36', 44),
(2083, 613, 'claudia', '2025-08-04 16:41:12', '2025-08-04 16:41:16', 46),
(2084, 614, 'claudia', '2025-08-04 16:45:23', '2025-08-04 16:45:30', 46),
(2085, 616, 'claudia', '2025-08-04 16:45:53', '2025-08-04 16:45:58', 46),
(2086, 617, 'claudia', '2025-08-04 16:46:16', '2025-08-04 16:46:22', 46),
(2087, 618, 'claudia', '2025-08-04 16:46:49', '2025-08-04 16:46:59', 46),
(2088, 619, 'claudia', '2025-08-04 16:47:17', '2025-08-04 16:47:27', 46),
(2089, 620, 'claudia', '2025-08-04 17:01:34', '2025-08-04 17:01:39', 46),
(2090, 589, 'roberto', '2025-08-04 17:13:10', '2025-08-04 17:41:22', 44),
(2091, 608, 'pedro', '2025-08-04 17:14:59', '2025-08-04 17:19:31', 44),
(2092, 615, 'rui', '2025-08-04 17:20:55', '2025-08-04 17:32:29', 44),
(2093, 623, 'claudia', '2025-08-04 17:29:02', '2025-08-04 17:29:06', 45),
(2094, 558, 'sofia', '2025-08-04 17:33:12', '2025-08-04 17:36:30', 47),
(2095, 615, 'rui', '2025-08-04 17:36:22', '2025-08-04 17:40:35', 44),
(2096, 615, 'rui', '2025-08-04 17:44:01', '2025-08-04 17:48:29', 44),
(2097, 608, 'pedro', '2025-08-04 17:58:03', '2025-08-04 18:05:08', 47),
(2098, 615, 'rui', '2025-08-04 18:16:52', '2025-08-04 18:19:05', 44),
(2099, 615, 'rui', '2025-08-04 18:23:16', '2025-08-04 18:29:02', 44),
(2100, 543, 'joaquim', '2025-08-05 08:04:12', '2025-08-05 10:04:29', 44),
(2101, 558, 'sofia', '2025-08-05 08:29:27', '2025-08-05 09:16:14', 46),
(2102, 615, 'rui', '2025-08-05 08:35:41', '2025-08-05 08:58:59', 44),
(2103, 589, 'roberto', '2025-08-05 08:45:49', '2025-08-05 09:59:12', 44),
(2104, 570, 'claudia', '2025-08-05 09:03:14', NULL, 45),
(2105, 577, 'claudia', '2025-08-05 09:03:15', NULL, 45),
(2106, 578, 'claudia', '2025-08-05 09:03:19', NULL, 45),
(2107, 580, 'claudia', '2025-08-05 09:03:15', NULL, 45),
(2108, 623, 'claudia', '2025-08-05 09:03:19', NULL, 45),
(2109, 615, 'rui', '2025-08-05 09:05:24', '2025-08-05 09:17:57', 44),
(2110, 596, 'sofia', '2025-08-05 09:16:08', '2025-08-05 09:40:49', 52),
(2111, 615, 'rui', '2025-08-05 09:23:59', '2025-08-05 10:01:29', 44),
(2112, 558, 'sofia', '2025-08-05 09:39:34', '2025-08-05 09:39:38', 46),
(2113, 624, 'claudia', '2025-08-05 09:52:36', '2025-08-05 09:56:59', 50),
(2114, 625, 'claudia', '2025-08-05 09:57:32', '2025-08-05 09:57:36', 46),
(2115, 626, 'claudia', '2025-08-05 09:57:54', '2025-08-05 09:58:07', 46),
(2116, 626, 'claudia', '2025-08-05 09:57:56', '2025-08-05 09:58:07', 46),
(2117, 626, 'claudia', '2025-08-05 09:57:57', '2025-08-05 09:58:07', 46),
(2118, 627, 'claudia', '2025-08-05 09:58:32', '2025-08-05 09:58:38', 46),
(2119, 596, 'sofia', '2025-08-05 10:00:07', '2025-08-05 10:15:10', 43),
(2120, 608, 'pedro', '2025-08-05 10:00:09', '2025-08-05 10:13:29', 43),
(2121, 589, 'roberto', '2025-08-05 10:00:21', '2025-08-05 10:22:19', 43),
(2122, 628, 'claudia', '2025-08-05 10:00:28', '2025-08-05 10:18:26', 43),
(2123, 615, 'rui', '2025-08-05 10:01:35', '2025-08-05 10:16:27', 43),
(2124, 543, 'joaquim', '2025-08-05 10:04:37', '2025-08-05 10:22:30', 43),
(2125, 615, 'rui', '2025-08-05 10:20:37', NULL, 44),
(2126, 628, 'claudia', '2025-08-05 10:22:45', '2025-08-05 10:24:49', 50),
(2127, 629, 'claudia', '2025-08-05 10:34:54', '2025-08-05 10:47:40', 50),
(2128, 543, 'joaquim', '2025-08-05 10:50:15', NULL, 44),
(2129, 608, 'pedro', '2025-08-05 10:51:11', NULL, 47);

-- --------------------------------------------------------

--
-- Estrutura da tabela `pausas_temporarias`
--

CREATE TABLE `pausas_temporarias` (
  `id` int(11) NOT NULL,
  `tarefa_id` int(11) NOT NULL,
  `utilizador` varchar(255) NOT NULL,
  `tipo_original` varchar(255) DEFAULT NULL,
  `data_backup` time NOT NULL DEFAULT '00:00:00'
) ENGINE=InnoDB DEFAULT CHARSET=utf8mb4 COLLATE=utf8mb4_general_ci;

-- --------------------------------------------------------

--
-- Estrutura da tabela `registo_diario`
--

CREATE TABLE `registo_diario` (
  `id` int(11) NOT NULL,
  `id_tarefa` int(11) NOT NULL,
  `utilizador` varchar(100) NOT NULL,
  `data_trabalho` date NOT NULL,
  `hora_inicio` time DEFAULT NULL,
  `tempo_inicio_tarefa` time DEFAULT NULL,
  `tempo_fim_tarefa` time DEFAULT NULL,
  `tempo_acumulado` time DEFAULT NULL,
  `inicio_tarefa` time DEFAULT NULL,
  `fim_tarefa` time DEFAULT NULL,
  `tempo_pausa` time DEFAULT '00:00:00'
) ENGINE=InnoDB DEFAULT CHARSET=utf8mb4 COLLATE=utf8mb4_general_ci;

--
-- Extraindo dados da tabela `registo_diario`
--

INSERT INTO `registo_diario` (`id`, `id_tarefa`, `utilizador`, `data_trabalho`, `hora_inicio`, `tempo_inicio_tarefa`, `tempo_fim_tarefa`, `tempo_acumulado`, `inicio_tarefa`, `fim_tarefa`, `tempo_pausa`) VALUES
(472, 537, 'claudia', '2025-07-30', '17:31:26', '17:31:26', '00:00:04', '00:00:00', '17:31:26', '17:49:48', '00:00:00'),
(473, 538, 'claudia', '2025-07-30', '17:50:09', '17:50:09', '00:02:25', '00:00:00', '17:50:09', '17:54:44', '00:00:00'),
(475, 540, 'claudia', '2025-07-30', '17:56:14', '17:56:14', '00:03:38', '00:00:00', '17:56:14', '18:03:20', '00:00:00'),
(476, 541, 'pedro', '2025-07-30', '18:26:46', '18:26:46', '00:08:29', '00:00:00', '18:26:46', '20:00:08', '00:02:40'),
(477, 542, 'sofia', '2025-07-30', '18:29:16', '18:29:16', '00:00:03', '00:00:00', '18:29:16', '18:29:20', '00:00:00'),
(478, 542, 'sofia', '2025-07-31', '08:02:46', '00:00:03', '00:30:49', '00:30:49', NULL, '09:33:42', '00:00:00'),
(479, 543, 'joaquim', '2025-07-31', '08:06:21', '08:06:21', '00:00:00', '00:00:00', '08:06:21', '20:02:55', '02:51:48'),
(480, 544, 'rui', '2025-07-31', '08:15:12', '08:15:12', '00:00:00', '00:00:00', '08:15:12', '12:23:23', '02:49:24'),
(481, 545, 'sofia', '2025-07-31', '09:01:05', '09:01:05', '00:00:00', '00:00:00', '09:01:05', '12:58:15', '00:23:29'),
(482, 546, 'sofia', '2025-07-31', '09:01:28', '09:01:28', '00:00:00', '00:00:00', '09:01:28', '16:10:13', '04:56:20'),
(483, 547, 'sofia', '2025-07-31', '09:01:46', '09:01:46', '00:00:00', '00:00:00', '09:01:46', '14:57:45', '04:26:31'),
(484, 548, 'sofia', '2025-07-31', '09:02:10', '09:02:10', '00:17:04', '00:00:00', '09:02:10', '16:47:20', '06:27:10'),
(485, 549, 'sofia', '2025-07-31', '09:02:34', '09:02:34', '00:00:00', '00:00:00', '09:02:34', '18:25:50', '07:50:57'),
(486, 550, 'sofia', '2025-07-31', '09:03:15', '09:03:15', '00:13:43', '00:00:00', '09:03:15', '20:00:03', '08:27:54'),
(487, 551, 'claudia', '2025-07-31', '09:06:27', '09:06:27', '00:00:05', '00:00:00', '09:06:27', '09:06:32', '00:00:00'),
(488, 552, 'claudia', '2025-07-31', '09:07:06', '09:07:06', '00:00:00', '00:00:00', '09:07:06', '10:08:26', '00:00:00'),
(489, 553, 'claudia', '2025-07-31', '09:08:43', '09:08:43', '00:00:03', '00:00:00', '09:08:43', '09:08:47', '00:00:00'),
(490, 554, 'claudia', '2025-07-31', '09:09:00', '09:09:00', '00:00:04', '00:00:00', '09:09:00', '09:09:04', '00:00:00'),
(491, 555, 'claudia', '2025-07-31', '09:09:21', '09:09:21', '00:00:02', '00:00:00', '09:09:21', '09:09:24', '00:00:00'),
(492, 556, 'claudia', '2025-07-31', '09:09:36', '09:09:36', '00:00:02', '00:00:00', '09:09:36', '09:09:39', '00:00:00'),
(493, 557, 'claudia', '2025-07-31', '09:10:03', '09:10:03', '00:00:02', '00:00:00', '09:10:03', '09:10:05', '00:00:00'),
(494, 558, 'claudia', '2025-07-31', '09:10:22', '09:10:22', '00:00:04', '00:00:00', '09:10:22', '09:10:26', '00:00:00'),
(495, 559, 'claudia', '2025-07-31', '09:10:40', '09:10:40', '00:00:03', '00:00:00', '09:10:40', '09:10:43', '00:00:00'),
(496, 560, 'claudia', '2025-07-31', '09:10:57', '09:10:57', '00:00:03', '00:00:00', '09:10:57', '09:11:01', '00:00:00'),
(497, 561, 'claudia', '2025-07-31', '09:11:19', '09:11:19', '00:00:03', '00:00:00', '09:11:19', '09:11:23', '00:00:00'),
(498, 562, 'claudia', '2025-07-31', '09:11:37', '09:11:37', '00:00:03', '00:00:00', '09:11:37', '09:11:40', '00:00:00'),
(499, 563, 'claudia', '2025-07-31', '09:12:36', '09:12:36', '00:00:00', '00:00:00', '09:12:36', '11:19:42', '00:34:41'),
(500, 564, 'claudia', '2025-07-31', '09:30:32', '09:30:32', '00:02:52', '00:00:00', '09:30:32', '09:34:11', '00:00:00'),
(501, 541, 'pedro', '2025-07-31', '10:12:33', '00:08:29', '01:10:13', '01:10:13', NULL, '12:17:13', '00:08:29'),
(502, 565, 'claudia', '2025-07-31', '10:19:56', '10:19:56', '00:00:00', '00:00:00', '10:19:56', '18:20:29', '02:53:33'),
(503, 566, 'claudia', '2025-07-31', '10:36:34', '10:36:34', '00:02:29', '00:00:00', '10:36:34', '10:50:47', '00:02:58'),
(504, 567, 'claudia', '2025-07-31', '10:51:10', '10:51:10', '00:00:19', '00:00:00', '10:51:10', '10:51:39', '00:00:00'),
(505, 568, 'claudia', '2025-07-31', '10:52:13', '10:52:13', '00:00:10', '00:00:00', '10:52:13', '10:52:24', '00:00:00'),
(506, 569, 'claudia', '2025-07-31', '10:52:47', '10:52:47', '00:00:11', '00:00:00', '10:52:47', '10:52:59', '00:00:00'),
(507, 570, 'claudia', '2025-07-31', '10:53:46', '10:53:46', '00:02:24', '00:00:00', '10:53:46', '11:00:34', '00:00:00'),
(508, 571, 'claudia', '2025-07-31', '11:00:59', '11:00:59', '00:08:55', '00:00:00', '11:00:59', '11:17:31', '00:03:55'),
(509, 572, 'claudia', '2025-07-31', '11:17:49', '11:17:49', '00:10:12', '00:00:00', '11:17:49', '14:29:44', '00:49:15'),
(510, 573, 'rui', '2025-07-31', '11:27:10', '11:27:10', '00:00:00', '00:00:00', '11:27:10', '16:19:25', '02:33:11'),
(511, 574, 'pedro', '2025-07-31', '11:32:10', '11:32:10', '00:00:00', '00:00:00', '11:32:10', '14:59:20', '01:30:07'),
(513, 576, 'claudia', '2025-07-31', '14:31:16', '14:31:16', '00:01:46', '00:00:00', '14:31:16', '14:33:02', '00:00:00'),
(514, 577, 'claudia', '2025-07-31', '14:33:33', '14:33:33', '00:01:21', '00:00:00', '14:33:33', '14:34:55', '00:00:00'),
(515, 578, 'claudia', '2025-07-31', '14:35:10', '14:35:10', '00:01:07', '00:00:00', '14:35:10', '14:37:06', '00:00:00'),
(516, 579, 'claudia', '2025-07-31', '14:37:27', '14:37:27', '00:07:49', '00:00:00', '14:37:27', '14:51:43', '00:00:00'),
(517, 580, 'claudia', '2025-07-31', '14:52:22', '14:52:22', '00:02:00', '00:00:00', '14:52:22', '17:22:07', '02:27:42'),
(518, 581, 'claudia', '2025-07-31', '14:54:17', '14:54:17', '00:05:27', '00:00:00', '14:54:17', '15:10:02', '00:00:19'),
(519, 582, 'claudia', '2025-07-31', '15:10:40', '15:10:40', '00:03:05', '00:00:00', '15:10:40', '15:20:43', '00:00:00'),
(520, 583, 'rui', '2025-07-31', '15:20:54', '15:20:54', '00:17:55', '00:00:00', '15:20:54', '18:50:34', '00:53:34'),
(521, 584, 'claudia', '2025-07-31', '15:21:39', '15:21:39', '00:06:36', '00:00:00', '15:21:39', '15:53:19', '00:04:40'),
(522, 555, 'pedro', '2025-07-31', '15:35:16', '00:00:02', '00:45:41', '00:45:39', NULL, '16:37:43', '00:13:01'),
(523, 585, 'claudia', '2025-07-31', '15:53:42', '15:53:42', '00:06:35', '00:00:00', '15:53:42', '16:30:18', '00:13:59'),
(524, 586, 'claudia', '2025-07-31', '16:47:24', '16:47:24', '00:04:59', '00:00:00', '16:47:24', '17:10:07', '00:14:23'),
(525, 587, 'claudia', '2025-07-31', '17:47:12', '17:47:12', '00:01:11', '00:00:00', '17:47:12', '17:52:35', '00:00:00'),
(526, 588, 'claudia', '2025-07-31', '17:53:44', '17:53:44', '00:02:44', '00:00:00', '17:53:44', '18:03:03', '00:02:57'),
(527, 583, 'rui', '2025-08-01', '08:08:45', '00:17:55', '06:10:01', '05:52:06', NULL, '20:01:17', '04:29:07'),
(528, 589, 'roberto', '2025-08-01', '08:18:41', '08:18:41', '00:00:00', '00:00:00', '08:18:41', '19:02:31', '03:58:31'),
(529, 543, 'joaquim', '2025-08-01', '10:13:35', '01:30:40', '05:50:28', '05:50:28', NULL, '19:03:10', '02:21:32'),
(530, 556, 'sofia', '2025-08-01', '10:14:12', '00:00:02', '01:11:23', '01:11:23', NULL, '11:46:46', '00:00:00'),
(531, 562, 'pedro', '2025-08-01', '10:14:34', '00:00:03', '01:21:27', '01:21:24', NULL, '10:22:26', '00:00:00'),
(532, 588, 'claudia', '2025-08-01', '10:53:14', '00:02:44', '00:14:16', '00:11:32', NULL, '13:55:49', '02:48:12'),
(533, 590, 'claudia', '2025-08-01', '11:07:23', '11:07:23', '00:00:00', '00:00:00', '11:07:23', '12:09:55', '00:00:00'),
(534, 591, 'claudia', '2025-08-01', '11:10:06', '11:10:06', '00:00:00', '00:00:00', '11:10:06', '12:23:29', '00:02:36'),
(535, 563, 'claudia', '2025-08-01', '11:33:35', '00:12:10', '00:00:00', '00:00:00', NULL, '18:16:38', '00:07:56'),
(536, 592, 'claudia', '2025-08-01', '11:35:33', '11:35:33', '00:00:00', '00:00:00', '11:35:33', '12:50:26', '00:00:00'),
(537, 593, 'claudia', '2025-08-01', '11:50:47', '11:50:47', '00:00:00', '00:00:00', '11:50:47', '12:54:05', '00:00:00'),
(538, 553, 'pedro', '2025-08-01', '13:30:27', '00:00:03', '01:31:25', '01:31:25', NULL, '15:56:21', '00:00:00'),
(539, 557, 'sofia', '2025-08-01', '13:30:53', '00:00:02', '01:24:01', '01:23:59', NULL, '13:52:26', '00:00:00'),
(540, 594, 'sofia', '2025-08-01', '13:54:50', '13:54:50', '03:44:53', '00:00:00', '13:54:50', '19:00:03', '00:20:09'),
(541, 595, 'claudia', '2025-08-01', '13:57:28', '13:57:28', '00:02:13', '00:00:00', '13:57:28', '13:59:42', '00:00:00'),
(542, 596, 'claudia', '2025-08-01', '14:00:18', '14:00:18', '00:19:31', '00:00:00', '14:00:18', '14:20:53', '00:01:03'),
(543, 597, 'claudia', '2025-08-01', '14:21:46', '14:21:46', '00:13:33', '00:00:00', '14:21:46', '14:35:20', '00:00:00'),
(544, 572, 'claudia', '2025-08-01', '14:38:55', '00:10:12', '00:06:12', '00:00:00', NULL, '14:45:09', '00:00:00'),
(545, 598, 'claudia', '2025-08-01', '14:45:24', '14:45:24', '00:09:44', '00:00:00', '14:45:24', '14:55:08', '00:00:00'),
(546, 599, 'claudia', '2025-08-01', '14:55:30', '14:55:30', '00:04:23', '00:00:00', '14:55:30', '14:59:54', '00:00:00'),
(547, 600, 'claudia', '2025-08-01', '15:00:09', '15:00:09', '00:05:16', '00:00:00', '15:00:09', '15:05:26', '00:00:00'),
(548, 601, 'claudia', '2025-08-01', '15:05:43', '15:05:43', '00:09:47', '00:00:00', '15:05:43', '15:15:30', '00:00:00'),
(549, 551, 'pedro', '2025-08-01', '15:29:01', '00:00:05', '03:15:54', '03:15:49', NULL, '18:33:58', '00:13:34'),
(550, 602, 'claudia', '2025-08-01', '15:31:39', '15:31:39', '00:51:54', '00:00:00', '15:31:39', '16:39:26', '00:15:49'),
(551, 603, 'claudia', '2025-08-01', '16:40:39', '16:40:39', '00:23:29', '00:00:00', '16:40:39', '17:04:08', '00:00:00'),
(552, 604, 'claudia', '2025-08-01', '17:21:05', '17:21:05', '00:00:00', '00:00:00', '17:21:05', '18:41:27', '00:02:19'),
(553, 605, 'claudia', '2025-08-01', '17:42:16', '17:42:16', '00:00:00', '00:00:00', '17:42:16', '18:47:35', '00:01:10'),
(554, 606, 'claudia', '2025-08-01', '17:48:17', '17:48:17', '00:13:17', '00:00:00', '17:48:17', '18:01:34', '00:00:00'),
(555, 543, 'joaquim', '2025-08-02', '09:11:24', '08:51:48', '11:47:30', '02:55:42', NULL, '13:09:41', '00:56:03'),
(556, 581, 'pedro', '2025-08-02', '10:14:04', '00:05:27', '01:04:55', '00:59:28', NULL, '11:02:22', '00:00:00'),
(557, 583, 'rui', '2025-08-02', '10:32:02', '06:10:01', '21:11:12', '15:01:11', NULL, '13:00:53', '00:06:53'),
(558, 559, 'pedro', '2025-08-02', '11:43:12', '00:00:03', '00:51:25', '00:51:22', NULL, '13:00:17', '00:00:00'),
(559, 589, 'roberto', '2025-08-04', '08:34:35', '03:37:30', '02:42:00', '02:42:00', NULL, '19:01:02', '02:24:02'),
(560, 583, 'rui', '2025-08-04', '09:06:18', '21:11:12', '00:00:00', '00:00:00', NULL, '17:44:44', '02:23:24'),
(561, 584, 'pedro', '2025-08-04', '10:13:58', '00:06:36', '00:52:14', '00:52:14', NULL, '11:52:18', '00:00:00'),
(562, 563, 'claudia', '2025-08-04', '10:14:32', '00:21:58', '00:00:00', '00:00:00', NULL, '17:29:33', '02:07:51'),
(563, 594, 'sofia', '2025-08-04', '10:14:40', '12:05:35', '00:00:00', '00:00:00', NULL, '16:16:19', '01:30:16'),
(564, 607, 'claudia', '2025-08-04', '10:29:45', '10:29:45', '00:22:20', '00:00:00', '10:29:45', '10:54:47', '00:02:40'),
(565, 608, 'pedro', '2025-08-04', '10:52:42', '10:52:42', '05:53:14', '00:00:00', '10:52:42', '20:00:20', '02:13:58'),
(566, 543, 'joaquim', '2025-08-04', '13:53:29', '11:47:30', '09:55:46', '00:00:00', NULL, '16:31:49', '00:50:40'),
(567, 609, 'claudia', '2025-08-04', '13:57:09', '13:57:09', '00:02:31', '00:00:00', '13:57:09', '13:59:40', '00:00:00'),
(568, 610, 'claudia', '2025-08-04', '14:44:13', '14:44:13', '00:11:37', '00:00:00', '14:44:13', '14:57:37', '00:01:45'),
(569, 611, 'claudia', '2025-08-04', '15:00:14', '15:00:14', '00:41:35', '00:00:00', '15:00:14', '15:41:49', '00:00:00'),
(570, 586, 'sofia', '2025-08-04', '16:14:22', '00:04:59', '01:16:05', '01:16:05', NULL, '17:55:21', '00:00:00'),
(571, 612, 'claudia', '2025-08-04', '16:29:44', '16:29:44', '00:03:00', '00:00:00', '16:29:44', '16:32:45', '00:00:00'),
(572, 613, 'claudia', '2025-08-04', '16:33:06', '16:33:06', '00:08:05', '00:00:00', '16:33:06', '16:41:12', '00:00:00'),
(573, 614, 'claudia', '2025-08-04', '16:44:29', '16:44:29', '00:00:54', '00:00:00', '16:44:29', '16:45:23', '00:00:00'),
(574, 615, 'rui', '2025-08-04', '16:45:07', '16:45:07', '01:49:21', '00:00:00', '16:45:07', '20:02:47', '00:28:14'),
(575, 616, 'claudia', '2025-08-04', '16:45:43', '16:45:43', '00:00:09', '00:00:00', '16:45:43', '16:45:53', '00:00:00'),
(576, 617, 'claudia', '2025-08-04', '16:46:08', '16:46:08', '00:00:07', '00:00:00', '16:46:08', '16:46:16', '00:00:00'),
(577, 618, 'claudia', '2025-08-04', '16:46:44', '16:46:44', '00:00:04', '00:00:00', '16:46:44', '16:46:49', '00:00:00'),
(578, 619, 'claudia', '2025-08-04', '16:47:08', '16:47:08', '00:00:08', '00:00:00', '16:47:08', '16:47:17', '00:00:00'),
(579, 588, 'claudia', '2025-08-04', '16:47:57', '00:17:00', '00:00:00', '00:00:00', NULL, '17:54:47', '00:00:00'),
(580, 620, 'claudia', '2025-08-04', '16:55:19', '16:55:19', '00:06:14', '00:00:00', '16:55:19', '17:01:34', '00:00:00'),
(581, 621, 'claudia', '2025-08-04', '17:01:51', '17:01:51', '00:00:00', '00:00:00', '17:01:51', '18:08:26', '00:00:00'),
(582, 622, 'claudia', '2025-08-04', '17:08:56', '17:08:56', '00:00:00', '00:00:00', '17:08:56', '18:16:27', '00:00:00'),
(583, 623, 'claudia', '2025-08-04', '17:19:23', '17:19:23', '00:09:38', '00:00:00', '17:19:23', '17:29:02', '00:00:00'),
(584, 558, 'sofia', '2025-08-04', '17:36:30', '00:00:04', '01:55:56', '01:55:52', NULL, '20:00:31', '00:00:00'),
(585, 615, 'rui', '2025-08-05', '08:58:59', '01:49:21', '04:26:33', '02:37:12', NULL, '10:20:37', '01:04:55'),
(586, 624, 'claudia', '2025-08-05', '09:05:21', '09:05:21', '00:00:00', '00:00:00', '09:05:21', '10:57:05', '00:04:23'),
(587, 558, 'sofia', '2025-08-05', '09:16:14', '01:55:56', '04:43:51', '02:47:55', NULL, '09:39:34', '00:00:00'),
(588, 596, 'sofia', '2025-08-05', '09:40:49', '00:19:31', '01:03:36', '00:44:05', NULL, '10:00:07', '00:15:03'),
(589, 625, 'claudia', '2025-08-05', '09:57:16', '09:57:16', '00:00:15', '00:00:00', '09:57:16', '09:57:32', '00:00:00'),
(590, 626, 'claudia', '2025-08-05', '09:57:45', '09:57:45', '00:00:08', '00:00:00', '09:57:45', '09:57:57', '00:00:00'),
(591, 627, 'claudia', '2025-08-05', '09:58:25', '09:58:25', '00:00:07', '00:00:00', '09:58:25', '09:58:32', '00:00:00'),
(592, 589, 'roberto', '2025-08-05', '09:59:12', '09:57:00', '00:30:42', '00:00:00', NULL, '10:00:21', '00:21:58'),
(593, 628, 'claudia', '2025-08-05', '10:00:21', '10:00:21', '00:00:00', '00:00:00', '10:00:21', '11:29:13', '00:20:02'),
(594, 543, 'joaquim', '2025-08-05', '10:04:29', '21:43:16', '00:00:09', '00:00:00', NULL, '10:50:15', '00:17:53'),
(595, 608, 'pedro', '2025-08-05', '10:13:29', '05:53:14', '14:23:28', '08:30:14', NULL, '10:51:11', '00:00:00'),
(596, 629, 'claudia', '2025-08-05', '10:32:15', '10:32:15', '00:02:38', '00:00:00', '10:32:15', '10:34:54', '00:12:46');

-- --------------------------------------------------------

--
-- Estrutura da tabela `tarefas`
--

CREATE TABLE `tarefas` (
  `id` int(11) NOT NULL,
  `utilizador` varchar(50) DEFAULT NULL,
  `tarefa` varchar(255) NOT NULL,
  `descricao` text DEFAULT NULL,
  `estado` varchar(50) DEFAULT 'pendente',
  `tempo_decorrido` time NOT NULL DEFAULT '00:00:00',
  `data_criacao` datetime DEFAULT current_timestamp(),
  `ultima_modificacao` datetime DEFAULT current_timestamp() ON UPDATE current_timestamp(),
  `data_inicio` datetime DEFAULT NULL,
  `data_fim` datetime DEFAULT NULL,
  `estado_cronometro` enum('inativa','ativa','espera','pausa') NOT NULL DEFAULT 'inativa',
  `data_inicio_cronometro` datetime DEFAULT NULL,
  `tempo_decorrido_utilizador` time NOT NULL DEFAULT '00:00:00'
) ENGINE=InnoDB DEFAULT CHARSET=utf8mb4 COLLATE=utf8mb4_general_ci;

--
-- Extraindo dados da tabela `tarefas`
--

INSERT INTO `tarefas` (`id`, `utilizador`, `tarefa`, `descricao`, `estado`, `tempo_decorrido`, `data_criacao`, `ultima_modificacao`, `data_inicio`, `data_fim`, `estado_cronometro`, `data_inicio_cronometro`, `tempo_decorrido_utilizador`) VALUES
(537, 'sofia', 'ENC1282', 'ENC1282 - ALTERAÇÃO', 'concluida', '00:11:19', '2025-07-30 17:31:26', '2025-07-31 08:45:38', NULL, '2025-07-31 08:45:38', 'inativa', NULL, '00:00:00'),
(538, 'sofia', 'enc1163', 'enc1163 alteração', 'concluida', '00:07:12', '2025-07-30 17:50:09', '2025-07-31 08:59:18', NULL, '2025-07-31 08:59:18', 'inativa', NULL, '00:00:00'),
(540, NULL, 'gsav467', 'gsav467', 'espera', '00:03:38', '2025-07-30 17:56:14', '2025-07-30 18:03:26', NULL, NULL, 'inativa', NULL, '00:00:00'),
(541, 'pedro', 'Retificar Fichas Tecnicas', 'Retificar Fichas Tecnicas', 'concluida', '01:27:11', '2025-07-30 18:26:46', '2025-07-31 11:17:13', '2025-07-30 18:32:46', '2025-07-31 11:17:13', 'inativa', NULL, '00:00:00'),
(542, 'sofia', 'enc1326', 'enc1326', 'concluida', '00:30:55', '2025-07-30 18:29:16', '2025-07-31 08:33:42', '2025-07-31 08:02:46', '2025-07-31 08:33:42', 'inativa', NULL, '00:00:00'),
(543, 'joaquim', 'enc1068', 'colegio novo da maia', 'pendente', '22:06:10', '2025-07-31 08:06:21', '2025-08-05 10:50:15', '2025-07-31 08:19:17', '2025-08-05 10:45:25', 'pausa', NULL, '00:00:09'),
(544, 'rui', 'enc1375', 'Caixa Luis Silva', 'concluida', '00:03:45', '2025-07-31 08:15:12', '2025-07-31 11:23:23', '2025-07-31 09:00:38', '2025-07-31 11:23:23', 'inativa', NULL, '00:00:00'),
(545, 'sofia', 'enc1313', 'enc1313', 'concluida', '01:45:45', '2025-07-31 09:01:05', '2025-07-31 11:58:15', '2025-07-31 09:04:07', '2025-07-31 11:58:15', 'inativa', NULL, '00:00:00'),
(546, 'sofia', 'enc1320', 'enc1320', 'concluida', '00:06:01', '2025-07-31 09:01:28', '2025-07-31 15:10:13', '2025-07-31 13:57:56', '2025-07-31 15:10:13', 'inativa', NULL, '00:00:00'),
(547, 'sofia', 'enc1327', 'enc1327', 'concluida', '00:13:43', '2025-07-31 09:01:46', '2025-07-31 13:57:45', '2025-07-31 11:58:29', '2025-07-31 13:57:45', 'inativa', NULL, '00:00:00'),
(548, NULL, 'enc1328', 'enc1328', 'espera', '00:17:09', '2025-07-31 09:02:10', '2025-07-31 16:47:25', '2025-07-31 15:15:23', NULL, 'inativa', NULL, '00:00:00'),
(549, 'sofia', 'enc1330', 'enc1330', 'concluida', '00:11:00', '2025-07-31 09:02:34', '2025-07-31 17:25:50', '2025-07-31 16:53:43', '2025-07-31 17:25:50', 'inativa', NULL, '00:00:00'),
(550, NULL, 'enc1338', 'enc1338', 'espera', '00:44:50', '2025-07-31 09:03:15', '2025-08-01 09:16:11', '2025-07-31 17:28:02', NULL, 'inativa', NULL, '00:00:00'),
(551, NULL, 'enc1334', 'enc1334', 'espera', '03:15:59', '2025-07-31 09:06:27', '2025-08-01 18:34:06', '2025-08-01 15:29:01', NULL, 'inativa', NULL, '00:00:00'),
(552, 'claudia', 'criar tarefas', 'criar tarefas', 'concluida', '00:01:20', '2025-07-31 09:07:06', '2025-07-31 09:08:26', NULL, '2025-07-31 09:08:26', 'inativa', NULL, '00:00:00'),
(553, 'pedro', 'enc1335', 'enc1335', 'concluida', '01:31:31', '2025-07-31 09:08:43', '2025-08-01 14:56:21', '2025-08-01 13:30:27', '2025-08-01 14:56:21', 'inativa', NULL, '00:00:00'),
(554, 'pedro', 'enc1336', 'enc1336', 'concluida', '00:31:55', '2025-07-31 09:09:00', '2025-07-31 15:21:59', NULL, '2025-07-31 15:21:59', 'inativa', NULL, '00:00:00'),
(555, NULL, 'enc1339', 'enc1339', 'espera', '00:45:43', '2025-07-31 09:09:21', '2025-07-31 16:37:55', '2025-07-31 15:35:16', NULL, 'inativa', NULL, '00:00:00'),
(556, 'sofia', 'enc1340', 'enc1340', 'concluida', '01:11:27', '2025-07-31 09:09:36', '2025-08-01 10:46:46', '2025-08-01 10:14:12', '2025-08-01 10:46:46', 'inativa', NULL, '00:00:00'),
(557, NULL, 'enc1341', 'enc1341', 'espera', '01:24:03', '2025-07-31 09:10:03', '2025-08-01 13:52:34', '2025-08-01 13:30:53', NULL, 'inativa', NULL, '00:00:00'),
(558, NULL, 'enc1343', 'enc1343', 'espera', '06:39:47', '2025-07-31 09:10:22', '2025-08-05 09:39:38', '2025-08-04 17:36:30', NULL, 'inativa', NULL, '00:00:00'),
(559, 'pedro', 'enc1350', 'enc1350', 'concluida', '03:18:00', '2025-07-31 09:10:40', '2025-08-04 08:44:15', '2025-08-02 11:43:12', '2025-08-04 08:44:15', 'inativa', NULL, '00:00:00'),
(560, NULL, 'enc1354', 'enc1354', 'espera', '00:35:04', '2025-07-31 09:10:57', '2025-07-31 17:53:15', NULL, NULL, 'inativa', NULL, '00:00:00'),
(561, 'pedro', 'enc1355', 'enc1355', 'concluida', '01:04:34', '2025-07-31 09:11:19', '2025-08-02 09:43:02', NULL, '2025-08-02 09:43:02', 'inativa', NULL, '00:00:00'),
(562, NULL, 'enc1357', 'enc1357', 'espera', '01:21:30', '2025-07-31 09:11:37', '2025-08-01 10:22:34', '2025-08-01 10:14:34', NULL, 'inativa', NULL, '00:00:00'),
(563, 'claudia', 'mail', 'mail', 'concluida', '02:35:44', '2025-07-31 09:12:36', '2025-08-04 16:29:33', '2025-07-31 09:29:40', '2025-08-04 16:29:33', 'inativa', NULL, '00:00:00'),
(564, 'rui', 'gsav468', 'gsav468', 'concluida', '00:03:00', '2025-07-31 09:30:32', '2025-07-31 13:52:02', NULL, '2025-07-31 13:52:02', 'inativa', NULL, '00:00:00'),
(565, 'claudia', 'orç360', 'orç360', 'concluida', '00:05:04', '2025-07-31 10:19:56', '2025-07-31 17:20:29', '2025-07-31 10:29:26', '2025-07-31 17:20:29', 'inativa', NULL, '00:00:00'),
(566, 'pedro', 'enc 1309 alteração', 'enc 1309 alteração', 'concluida', '00:47:17', '2025-07-31 10:36:34', '2025-08-01 08:41:35', '2025-07-31 10:45:09', '2025-08-01 08:41:35', 'inativa', NULL, '00:00:00'),
(567, 'pedro', 'enc 1402', 'enc 1402', 'concluida', '00:02:16', '2025-07-31 10:51:09', '2025-07-31 18:17:00', NULL, '2025-07-31 18:17:00', 'inativa', NULL, '00:00:00'),
(568, 'pedro', 'enc1404', 'enc1404', 'concluida', '00:01:33', '2025-07-31 10:52:13', '2025-07-31 18:21:13', NULL, '2025-07-31 18:21:13', 'inativa', NULL, '00:00:00'),
(569, 'pedro', 'enc1406', 'enc1406', 'concluida', '00:02:41', '2025-07-31 10:52:47', '2025-07-31 18:19:41', NULL, '2025-07-31 18:19:41', 'inativa', NULL, '00:00:00'),
(570, 'claudia', 'orç361', 'orç361', 'pendente', '00:02:24', '2025-07-31 10:53:46', '2025-08-05 09:03:19', NULL, '2025-08-04 17:29:06', 'pausa', NULL, '00:00:00'),
(571, 'pedro', 'enc1330 alteração', 'enc1330 alteração', 'concluida', '00:11:06', '2025-07-31 11:00:59', '2025-07-31 18:31:25', '2025-07-31 11:05:14', '2025-07-31 18:31:25', 'inativa', NULL, '00:00:00'),
(572, NULL, 'enc1324', 'enc1324', 'espera', '00:16:24', '2025-07-31 11:17:49', '2025-08-01 14:45:14', '2025-07-31 11:28:14', NULL, 'inativa', NULL, '00:00:00'),
(573, 'rui', 'enc1113', 'Desenhar uma solução para problema cliente', 'concluida', '00:27:10', '2025-07-31 11:27:10', '2025-07-31 15:19:25', '2025-07-31 11:35:27', '2025-07-31 15:19:25', 'inativa', NULL, '00:00:00'),
(574, 'pedro', 'Retificar pedidos alterados', 'Retificar pedidos alterados', 'concluida', '00:57:33', '2025-07-31 11:32:10', '2025-08-01 18:43:45', '2025-07-31 11:32:31', '2025-08-01 18:43:45', 'inativa', NULL, '00:00:00'),
(576, NULL, 'enc1359', 'enc1359', 'espera', '00:35:01', '2025-07-31 14:31:16', '2025-08-01 11:32:38', NULL, NULL, 'inativa', NULL, '00:00:00'),
(577, 'claudia', 'enc1360', 'enc1360', 'pendente', '00:01:21', '2025-07-31 14:33:33', '2025-08-05 09:03:19', NULL, '2025-08-04 17:29:06', 'pausa', NULL, '00:00:00'),
(578, 'claudia', 'enc1361', 'enc1361', 'pendente', '00:01:07', '2025-07-31 14:35:10', '2025-08-05 09:03:19', NULL, '2025-08-04 17:29:06', 'pausa', NULL, '00:00:00'),
(579, NULL, 'enc1362', 'enc1362', 'espera', '00:40:11', '2025-07-31 14:37:27', '2025-08-01 10:56:46', NULL, NULL, 'inativa', NULL, '00:00:00'),
(580, 'claudia', 'enc1363', 'enc1363', 'pendente', '00:02:00', '2025-07-31 14:52:22', '2025-08-05 09:03:19', '2025-07-31 17:20:40', '2025-08-04 17:29:06', 'pausa', NULL, '00:00:00'),
(581, NULL, 'enc1364', 'enc1364', 'espera', '01:10:22', '2025-07-31 14:54:17', '2025-08-02 11:02:28', '2025-07-31 15:01:58', NULL, 'inativa', NULL, '00:00:00'),
(582, 'pedro', 'enc1337', 'enc1337', 'concluida', '00:06:12', '2025-07-31 15:10:40', '2025-07-31 18:24:43', NULL, '2025-07-31 18:24:43', 'inativa', NULL, '00:00:00'),
(583, 'rui', 'Apoio Produçao', 'programar', 'concluida', '21:11:12', '2025-07-31 15:20:54', '2025-08-04 16:44:44', '2025-07-31 16:15:50', '2025-08-04 16:44:44', 'inativa', NULL, '00:00:00'),
(584, 'pedro', 'enc1370', 'enc1370', 'concluida', '01:05:26', '2025-07-31 15:21:39', '2025-08-04 10:52:18', '2025-07-31 15:33:00', '2025-08-04 10:52:18', 'inativa', NULL, '00:00:00'),
(585, NULL, 'enc1371', 'enc1371', 'espera', '00:06:35', '2025-07-31 15:53:42', '2025-07-31 16:30:23', '2025-07-31 16:14:10', NULL, 'inativa', NULL, '00:00:00'),
(586, 'sofia', 'enc1373', 'enc1373', 'concluida', '01:26:03', '2025-07-31 16:47:24', '2025-08-04 16:55:21', '2025-07-31 16:59:09', '2025-08-04 16:55:21', 'inativa', NULL, '00:00:00'),
(587, 'pedro', 'enc 1292 alteração', 'enc 1292 alteração', 'concluida', '00:03:23', '2025-07-31 17:47:12', '2025-07-31 18:33:45', NULL, '2025-07-31 18:33:45', 'inativa', NULL, '00:00:00'),
(588, 'claudia', 'orç364', 'orç364', 'concluida', '00:23:49', '2025-07-31 17:53:44', '2025-08-04 16:54:47', '2025-07-31 17:59:08', '2025-08-04 16:54:47', 'inativa', NULL, '00:00:00'),
(589, 'roberto', 'enc showroom fazenda', 'enc showroom fazenda', 'pendente', '09:57:00', '2025-08-01 08:18:41', '2025-08-05 10:48:13', '2025-08-01 08:19:55', '2025-08-04 18:01:02', 'ativa', '2025-08-05 10:48:13', '00:37:17'),
(590, 'claudia', 'orç361', 'orç361', 'concluida', '00:02:31', '2025-08-01 11:07:23', '2025-08-01 11:09:55', NULL, '2025-08-01 11:09:55', 'inativa', NULL, '00:00:00'),
(591, 'claudia', 'orç365', 'orç365', 'concluida', '00:10:45', '2025-08-01 11:10:06', '2025-08-01 11:23:29', '2025-08-01 11:19:15', '2025-08-01 11:23:29', 'inativa', NULL, '00:00:00'),
(592, 'claudia', 'gsav469', 'gsav469', 'concluida', '00:14:52', '2025-08-01 11:35:33', '2025-08-01 11:50:26', NULL, '2025-08-01 11:50:26', 'inativa', NULL, '00:00:00'),
(593, 'claudia', 'orç366', 'orç366', 'concluida', '00:03:18', '2025-08-01 11:50:47', '2025-08-01 11:54:05', NULL, '2025-08-01 11:54:05', 'inativa', NULL, '00:00:00'),
(594, 'sofia', 'Criar Relatorios S20', 'Criar Relatorios S20', 'concluida', '16:30:25', '2025-08-01 13:54:49', '2025-08-04 15:16:19', '2025-08-01 13:56:46', '2025-08-04 15:16:19', 'inativa', NULL, '00:00:00'),
(595, 'pedro', 'enc1361', 'enc1361', 'concluida', '00:03:28', '2025-08-01 13:57:28', '2025-08-01 18:45:28', NULL, '2025-08-01 18:45:28', 'inativa', NULL, '00:00:00'),
(596, 'sofia', 'enc1360', 'enc1360', 'pendente', '00:19:31', '2025-08-01 14:00:18', '2025-08-05 10:15:12', '2025-08-01 14:08:48', NULL, 'ativa', '2025-08-05 10:15:12', '01:03:37'),
(597, 'pedro', 'enc1304', 'enc1304', 'concluida', '01:08:13', '2025-08-01 14:21:46', '2025-08-04 09:40:06', NULL, '2025-08-04 09:40:06', 'inativa', NULL, '00:00:00'),
(598, 'pedro', 'enc1400', 'enc1400', 'concluida', '00:10:39', '2025-08-01 14:45:23', '2025-08-01 18:49:11', NULL, '2025-08-01 18:49:11', 'inativa', NULL, '00:00:00'),
(599, 'pedro', 'enc1345', 'enc1345', 'concluida', '00:05:24', '2025-08-01 14:55:30', '2025-08-01 18:48:07', NULL, '2025-08-01 18:48:07', 'inativa', NULL, '00:00:00'),
(600, 'pedro', 'enc1346', 'enc1346', 'concluida', '00:06:15', '2025-08-01 15:00:09', '2025-08-01 18:47:00', NULL, '2025-08-01 18:47:00', 'inativa', NULL, '00:00:00'),
(601, NULL, 'enc1358', 'enc1358', 'espera', '01:04:40', '2025-08-01 15:05:43', '2025-08-02 08:32:40', NULL, NULL, 'inativa', NULL, '00:00:00'),
(602, NULL, 'enc 1349', 'enc 1349', 'espera', '00:51:54', '2025-08-01 15:31:39', '2025-08-01 16:39:32', '2025-08-01 15:48:57', NULL, 'inativa', NULL, '00:00:00'),
(603, NULL, 'enc1374', 'enc1374', 'espera', '00:23:29', '2025-08-01 16:40:39', '2025-08-01 17:04:15', NULL, NULL, 'inativa', NULL, '00:00:00'),
(604, 'claudia', 'orç368', 'orç368', 'concluida', '00:18:02', '2025-08-01 17:21:05', '2025-08-01 17:41:27', '2025-08-01 17:26:48', '2025-08-01 17:41:27', 'inativa', NULL, '00:00:00'),
(605, 'claudia', 'orç369', 'orç369', 'concluida', '00:04:06', '2025-08-01 17:42:16', '2025-08-01 17:47:35', '2025-08-01 17:46:17', '2025-08-01 17:47:35', 'inativa', NULL, '00:00:00'),
(606, NULL, 'enc1377', 'enc1377', 'espera', '00:13:17', '2025-08-01 17:48:17', '2025-08-01 18:01:38', NULL, NULL, 'inativa', NULL, '00:00:00'),
(607, NULL, 'enc1266 alteração', 'enc1266 alteração', 'espera', '00:22:20', '2025-08-04 10:29:45', '2025-08-04 10:54:51', '2025-08-04 10:54:34', NULL, 'inativa', NULL, '00:00:00'),
(608, 'pedro', 'Apoio Produçao CNC', 'Programar CNC', 'pendente', '05:53:14', '2025-08-04 10:52:42', '2025-08-05 10:51:11', '2025-08-04 11:04:58', '2025-08-04 19:00:20', 'pausa', NULL, '14:23:28'),
(609, NULL, 'enc1314 alteração', 'enc1314 alteração', 'espera', '00:02:31', '2025-08-04 13:57:09', '2025-08-04 13:59:45', NULL, NULL, 'inativa', NULL, '00:00:00'),
(610, NULL, 'enc1323 alteração', 'enc1323 alteração', 'espera', '00:11:37', '2025-08-04 14:44:13', '2025-08-04 14:57:41', '2025-08-04 14:50:46', NULL, 'inativa', NULL, '00:00:00'),
(611, NULL, 'enc1325 alteração', 'enc1325 alteração', 'espera', '00:41:35', '2025-08-04 15:00:14', '2025-08-04 15:41:54', NULL, NULL, 'inativa', NULL, '00:00:00'),
(612, NULL, 'enc1360 alteração', 'enc1360 alteração', 'espera', '00:03:00', '2025-08-04 16:29:44', '2025-08-04 16:32:52', NULL, NULL, 'inativa', NULL, '00:00:00'),
(613, NULL, 'enc1374 alteração', 'enc1374 alteração', 'espera', '00:08:05', '2025-08-04 16:33:06', '2025-08-04 16:41:16', NULL, NULL, 'inativa', NULL, '00:00:00'),
(614, NULL, 'enc1419', 'enc1419', 'espera', '00:00:54', '2025-08-04 16:44:29', '2025-08-04 16:45:30', NULL, NULL, 'inativa', NULL, '00:00:00'),
(615, 'rui', 'enc1415', 'Encomenda DePau', 'pendente', '01:49:21', '2025-08-04 16:45:07', '2025-08-05 10:52:43', '2025-08-04 17:32:29', '2025-08-04 19:02:47', 'pausa', NULL, '04:26:33'),
(616, NULL, 'enc1421', 'enc1421', 'espera', '00:00:09', '2025-08-04 16:45:43', '2025-08-04 16:45:58', NULL, NULL, 'inativa', NULL, '00:00:00'),
(617, NULL, 'enc1424', 'enc1424', 'espera', '00:00:07', '2025-08-04 16:46:08', '2025-08-04 16:46:22', NULL, NULL, 'inativa', NULL, '00:00:00'),
(618, NULL, 'enc1427', 'enc1427', 'espera', '00:00:04', '2025-08-04 16:46:44', '2025-08-04 16:46:59', NULL, NULL, 'inativa', NULL, '00:00:00'),
(619, NULL, 'enc1429', 'enc1429', 'espera', '00:00:08', '2025-08-04 16:47:08', '2025-08-04 16:47:27', NULL, NULL, 'inativa', NULL, '00:00:00'),
(620, NULL, 'gsav470', 'gsav470', 'espera', '00:06:14', '2025-08-04 16:55:19', '2025-08-04 17:01:39', NULL, NULL, 'inativa', NULL, '00:00:00'),
(621, 'claudia', 'gsav471', 'gsav471', 'concluida', '00:06:34', '2025-08-04 17:01:51', '2025-08-04 17:08:26', NULL, '2025-08-04 17:08:26', 'inativa', NULL, '00:00:00'),
(622, 'claudia', 'GSAV472', 'GSAV472', 'concluida', '00:07:31', '2025-08-04 17:08:56', '2025-08-04 17:16:27', NULL, '2025-08-04 17:16:27', 'inativa', NULL, '00:00:00'),
(623, 'claudia', 'gsav473', 'gsav473', 'pendente', '00:09:38', '2025-08-04 17:19:23', '2025-08-05 09:03:19', NULL, '2025-08-04 17:29:06', 'pausa', NULL, '00:00:00'),
(624, 'claudia', 'mail', 'mail', 'concluida', '00:47:18', '2025-08-05 09:05:21', '2025-08-05 09:57:05', '2025-08-05 09:56:59', '2025-08-05 09:57:05', 'inativa', NULL, '00:00:00'),
(625, NULL, 'enc1439', 'enc1439', 'espera', '00:00:15', '2025-08-05 09:57:16', '2025-08-05 09:57:36', NULL, NULL, 'inativa', NULL, '00:00:00'),
(626, NULL, 'enc1440', 'enc1440', 'espera', '00:00:08', '2025-08-05 09:57:45', '2025-08-05 09:58:07', NULL, NULL, 'inativa', NULL, '00:00:00'),
(627, NULL, 'enc1441', 'enc1441', 'espera', '00:00:07', '2025-08-05 09:58:25', '2025-08-05 09:58:38', NULL, NULL, 'inativa', NULL, '00:00:00'),
(628, 'claudia', 'enc1194 alteração', 'enc1194 alteração', 'concluida', '00:08:48', '2025-08-05 10:00:21', '2025-08-05 10:29:13', '2025-08-05 10:18:26', '2025-08-05 10:29:13', 'inativa', NULL, '00:00:00'),
(629, 'claudia', 'enc1378', 'enc1378', 'pendente', '00:00:00', '2025-08-05 10:32:15', '2025-08-05 10:47:42', '2025-08-05 10:47:40', NULL, 'ativa', '2025-08-05 10:47:42', '00:02:39');

-- --------------------------------------------------------

--
-- Estrutura da tabela `transicao_tarefas`
--

CREATE TABLE `transicao_tarefas` (
  `id` int(11) NOT NULL,
  `tarefa_id` int(11) NOT NULL,
  `utilizador_antigo` varchar(50) NOT NULL,
  `utilizador_novo` varchar(50) DEFAULT NULL,
  `departamento_novo` int(11) NOT NULL,
  `dataHora_transicao` datetime NOT NULL DEFAULT current_timestamp(),
  `duracao_exec` time NOT NULL DEFAULT '00:00:00',
  `hora_de_associacao` datetime DEFAULT NULL
) ENGINE=InnoDB DEFAULT CHARSET=utf8mb4 COLLATE=utf8mb4_general_ci;

--
-- Extraindo dados da tabela `transicao_tarefas`
--

INSERT INTO `transicao_tarefas` (`id`, `tarefa_id`, `utilizador_antigo`, `utilizador_novo`, `departamento_novo`, `dataHora_transicao`, `duracao_exec`, `hora_de_associacao`) VALUES
(178, 537, 'claudia', 'sofia', 17, '2025-07-30 17:36:00', '00:04:21', '2025-07-31 08:36:24'),
(179, 537, 'claudia', 'sofia', 17, '2025-07-30 17:42:37', '00:00:12', '2025-07-31 08:36:24'),
(180, 537, 'claudia', 'sofia', 17, '2025-07-30 17:49:53', '00:00:04', '2025-07-31 08:36:24'),
(183, 538, 'claudia', 'sofia', 17, '2025-07-30 17:54:50', '00:02:25', '2025-07-31 08:45:52'),
(184, 540, 'claudia', NULL, 17, '2025-07-30 18:03:26', '00:03:38', NULL),
(185, 541, 'rui', 'pedro', 17, '2025-07-30 18:27:12', '00:00:04', NULL),
(186, 542, 'rui', 'sofia', 17, '2025-07-30 18:29:30', '00:00:03', NULL),
(187, 543, 'rui', 'joaquim', 15, '2025-07-31 08:06:31', '00:00:04', NULL),
(188, 545, 'rui', 'sofia', 17, '2025-07-31 09:01:17', '00:00:04', NULL),
(189, 546, 'rui', 'sofia', 17, '2025-07-31 09:01:36', '00:00:03', NULL),
(190, 547, 'rui', 'sofia', 17, '2025-07-31 09:01:57', '00:00:04', NULL),
(191, 548, 'rui', 'sofia', 17, '2025-07-31 09:02:21', '00:00:05', NULL),
(192, 549, 'rui', 'sofia', 17, '2025-07-31 09:02:46', '00:00:04', NULL),
(193, 550, 'rui', 'sofia', 17, '2025-07-31 09:04:16', '00:00:03', NULL),
(194, 551, 'claudia', 'pedro', 17, '2025-07-31 09:06:39', '00:00:05', '2025-08-01 14:57:00'),
(195, 553, 'claudia', 'pedro', 17, '2025-07-31 09:08:51', '00:00:03', '2025-08-01 11:54:32'),
(196, 554, 'claudia', 'pedro', 17, '2025-07-31 09:09:09', '00:00:04', '2025-07-31 14:05:55'),
(197, 555, 'claudia', 'pedro', 17, '2025-07-31 09:09:28', '00:00:02', '2025-07-31 15:23:38'),
(198, 556, 'claudia', 'sofia', 17, '2025-07-31 09:09:45', '00:00:02', '2025-08-01 09:21:18'),
(199, 557, 'claudia', 'sofia', 17, '2025-07-31 09:10:12', '00:00:02', '2025-08-01 10:57:48'),
(200, 558, 'claudia', 'sofia', 17, '2025-07-31 09:10:30', '00:00:04', '2025-08-04 17:01:19'),
(201, 559, 'claudia', 'pedro', 17, '2025-07-31 09:10:48', '00:00:03', '2025-08-02 11:05:00'),
(202, 560, 'claudia', 'pedro', 17, '2025-07-31 09:11:05', '00:00:03', '2025-07-31 17:14:56'),
(203, 561, 'claudia', 'pedro', 17, '2025-07-31 09:11:26', '00:00:03', '2025-08-02 08:38:29'),
(204, 562, 'claudia', 'pedro', 17, '2025-07-31 09:11:45', '00:00:03', '2025-08-01 08:47:17'),
(205, 564, 'claudia', 'rui', 17, '2025-07-31 09:34:25', '00:02:52', '2025-07-31 13:51:53'),
(206, 566, 'claudia', 'pedro', 17, '2025-07-31 10:50:52', '00:02:29', '2025-07-31 18:34:29'),
(207, 567, 'claudia', 'pedro', 17, '2025-07-31 10:51:45', '00:00:19', '2025-07-31 18:15:02'),
(208, 568, 'claudia', 'pedro', 17, '2025-07-31 10:52:30', '00:00:10', '2025-07-31 18:19:50'),
(209, 569, 'claudia', 'pedro', 17, '2025-07-31 10:53:04', '00:00:11', '2025-07-31 18:17:12'),
(210, 571, 'claudia', 'pedro', 17, '2025-07-31 11:17:36', '00:08:55', '2025-07-31 18:29:14'),
(211, 574, 'rui', 'pedro', 17, '2025-07-31 11:32:19', '00:00:04', NULL),
(212, 576, 'claudia', 'pedro', 17, '2025-07-31 14:33:08', '00:01:46', '2025-08-01 10:59:14'),
(213, 579, 'claudia', 'pedro', 17, '2025-07-31 14:51:57', '00:07:49', '2025-08-01 10:24:18'),
(214, 581, 'claudia', 'pedro', 17, '2025-07-31 15:10:08', '00:05:27', '2025-08-02 09:43:31'),
(215, 582, 'claudia', 'pedro', 17, '2025-07-31 15:20:50', '00:03:05', '2025-07-31 18:21:35'),
(216, 584, 'claudia', 'pedro', 17, '2025-07-31 15:53:25', '00:06:36', '2025-08-04 09:40:45'),
(217, 585, 'claudia', NULL, 17, '2025-07-31 16:30:23', '00:06:35', NULL),
(218, 555, 'pedro', NULL, 15, '2025-07-31 16:37:55', '00:45:41', NULL),
(219, 548, 'sofia', NULL, 15, '2025-07-31 16:47:25', '00:17:04', NULL),
(220, 586, 'claudia', 'sofia', 17, '2025-07-31 17:10:15', '00:04:59', '2025-08-04 15:20:06'),
(221, 587, 'claudia', 'pedro', 17, '2025-07-31 17:52:41', '00:01:11', '2025-07-31 18:31:32'),
(222, 560, 'pedro', NULL, 15, '2025-07-31 17:53:15', '00:35:01', NULL),
(223, 589, 'rui', 'roberto', 15, '2025-08-01 08:18:49', '00:00:03', NULL),
(224, 550, 'sofia', NULL, 15, '2025-08-01 09:16:11', '00:31:07', NULL),
(225, 562, 'pedro', NULL, 15, '2025-08-01 10:22:34', '01:21:27', NULL),
(226, 579, 'pedro', NULL, 15, '2025-08-01 10:56:46', '00:32:22', NULL),
(227, 576, 'pedro', NULL, 15, '2025-08-01 11:32:38', '00:33:15', NULL),
(228, 557, 'sofia', NULL, 15, '2025-08-01 13:52:34', '01:24:01', NULL),
(229, 594, 'rui', 'sofia', 17, '2025-08-01 13:55:00', '00:00:05', NULL),
(230, 595, 'claudia', 'pedro', 17, '2025-08-01 13:59:46', '00:02:13', '2025-08-01 18:44:12'),
(231, 596, 'claudia', 'sofia', 17, '2025-08-01 14:20:58', '00:19:31', '2025-08-05 08:31:47'),
(232, 597, 'claudia', 'pedro', 17, '2025-08-01 14:35:27', '00:13:33', '2025-08-04 08:45:23'),
(233, 572, 'claudia', NULL, 17, '2025-08-01 14:45:14', '00:06:12', NULL),
(234, 598, 'claudia', 'pedro', 17, '2025-08-01 14:55:12', '00:09:44', '2025-08-01 18:48:13'),
(235, 599, 'claudia', 'pedro', 17, '2025-08-01 15:00:00', '00:04:23', '2025-08-01 18:47:06'),
(236, 600, 'claudia', 'pedro', 17, '2025-08-01 15:05:29', '00:05:16', '2025-08-01 18:45:58'),
(237, 601, 'claudia', 'pedro', 17, '2025-08-01 15:15:36', '00:09:47', '2025-08-01 18:52:47'),
(238, 602, 'claudia', NULL, 17, '2025-08-01 16:39:32', '00:51:54', NULL),
(239, 603, 'claudia', NULL, 17, '2025-08-01 17:04:15', '00:23:29', NULL),
(240, 606, 'claudia', NULL, 17, '2025-08-01 18:01:38', '00:13:17', NULL),
(241, 551, 'pedro', NULL, 15, '2025-08-01 18:34:06', '03:15:54', NULL),
(242, 601, 'pedro', NULL, 15, '2025-08-02 08:32:40', '00:47:22', NULL),
(243, 581, 'pedro', NULL, 15, '2025-08-02 11:02:28', '01:04:55', NULL),
(244, 608, 'rui', 'pedro', 17, '2025-08-04 10:52:56', '00:00:04', NULL),
(245, 607, 'claudia', NULL, 17, '2025-08-04 10:54:51', '00:22:20', NULL),
(246, 609, 'claudia', NULL, 17, '2025-08-04 13:59:45', '00:02:31', NULL),
(247, 610, 'claudia', NULL, 17, '2025-08-04 14:57:41', '00:11:37', NULL),
(248, 611, 'claudia', NULL, 17, '2025-08-04 15:41:54', '00:41:35', NULL),
(249, 612, 'claudia', NULL, 17, '2025-08-04 16:32:52', '00:03:00', NULL),
(250, 613, 'claudia', NULL, 17, '2025-08-04 16:41:16', '00:08:05', NULL),
(251, 614, 'claudia', NULL, 17, '2025-08-04 16:45:30', '00:00:54', NULL),
(252, 616, 'claudia', NULL, 17, '2025-08-04 16:45:58', '00:00:09', NULL),
(253, 617, 'claudia', NULL, 17, '2025-08-04 16:46:22', '00:00:07', NULL),
(254, 618, 'claudia', NULL, 17, '2025-08-04 16:46:59', '00:00:04', NULL),
(255, 619, 'claudia', NULL, 17, '2025-08-04 16:47:27', '00:00:08', NULL),
(256, 620, 'claudia', NULL, 17, '2025-08-04 17:01:39', '00:06:14', NULL),
(257, 558, 'sofia', NULL, 15, '2025-08-05 09:39:38', '04:43:51', NULL),
(258, 625, 'claudia', NULL, 17, '2025-08-05 09:57:36', '00:00:15', NULL),
(259, 626, 'claudia', NULL, 17, '2025-08-05 09:58:07', '00:00:08', NULL),
(260, 627, 'claudia', NULL, 17, '2025-08-05 09:58:38', '00:00:07', NULL);

-- --------------------------------------------------------

--
-- Estrutura da tabela `utilizador_entradaesaida`
--

CREATE TABLE `utilizador_entradaesaida` (
  `id` int(11) NOT NULL,
  `utilizador` varchar(255) NOT NULL,
  `data` date NOT NULL,
  `hora_entrada` datetime NOT NULL,
  `hora_saida` datetime NOT NULL
) ENGINE=InnoDB DEFAULT CHARSET=utf8mb4 COLLATE=utf8mb4_general_ci;

--
-- Extraindo dados da tabela `utilizador_entradaesaida`
--

INSERT INTO `utilizador_entradaesaida` (`id`, `utilizador`, `data`, `hora_entrada`, `hora_saida`) VALUES
(116, 'claudia', '2025-07-30', '2025-07-30 17:31:06', '2025-07-30 18:05:38'),
(117, 'rui', '2025-07-30', '2025-07-30 17:36:33', '2025-07-30 19:01:52'),
(118, 'pedro', '2025-07-30', '2025-07-30 18:30:05', '2025-07-30 19:00:08'),
(119, 'pedro', '2025-07-31', '2025-07-31 08:00:12', '2025-07-31 19:00:03'),
(120, 'sofia', '2025-07-31', '2025-07-31 08:01:27', '2025-07-31 19:00:03'),
(121, 'rui', '2025-07-31', '2025-07-31 08:03:50', '2025-07-31 19:01:21'),
(122, 'joaquim', '2025-07-31', '2025-07-31 08:18:54', '2025-07-31 19:03:03'),
(123, 'claudia', '2025-07-31', '2025-07-31 09:04:37', '2025-07-31 18:08:12'),
(124, 'joaquim', '2025-08-01', '2025-08-01 07:59:55', '2025-08-01 18:03:18'),
(125, 'sofia', '2025-08-01', '2025-08-01 08:00:14', '2025-08-01 18:00:03'),
(126, 'pedro', '2025-08-01', '2025-08-01 08:00:18', '2025-08-01 19:00:20'),
(127, 'rui', '2025-08-01', '2025-08-01 08:08:35', '2025-08-01 19:01:17'),
(128, 'roberto', '2025-08-01', '2025-08-01 08:09:29', '2025-08-01 18:02:36'),
(129, 'claudia', '2025-08-01', '2025-08-01 09:03:45', '2025-08-01 18:03:53'),
(130, 'joaquim', '2025-08-02', '2025-08-02 07:57:53', '2025-08-02 12:09:41'),
(131, 'pedro', '2025-08-02', '2025-08-02 08:00:14', '2025-08-02 12:00:17'),
(132, 'rui', '2025-08-02', '2025-08-02 08:06:07', '2025-08-02 12:00:53'),
(133, 'pedro', '2025-08-04', '2025-08-04 08:00:22', '2025-08-04 19:00:20'),
(134, 'sofia', '2025-08-04', '2025-08-04 08:00:37', '2025-08-04 19:00:31'),
(135, 'rui', '2025-08-04', '2025-08-04 08:05:52', '2025-08-04 19:02:47'),
(136, 'roberto', '2025-08-04', '2025-08-04 08:07:04', '2025-08-04 18:01:04'),
(137, 'claudia', '2025-08-04', '2025-08-04 09:05:55', '2025-08-04 17:29:06'),
(138, 'joaquim', '2025-08-04', '2025-08-04 10:19:29', '2025-08-04 18:04:11'),
(139, 'sofia', '2025-08-05', '2025-08-05 08:00:38', '0000-00-00 00:00:00'),
(140, 'pedro', '2025-08-05', '2025-08-05 08:00:40', '0000-00-00 00:00:00'),
(141, 'joaquim', '2025-08-05', '2025-08-05 08:04:12', '0000-00-00 00:00:00'),
(142, 'rui', '2025-08-05', '2025-08-05 08:04:23', '0000-00-00 00:00:00'),
(143, 'roberto', '2025-08-05', '2025-08-05 08:09:28', '0000-00-00 00:00:00'),
(144, 'claudia', '2025-08-05', '2025-08-05 09:03:19', '0000-00-00 00:00:00');

--
-- Índices para tabelas despejadas
--

--
-- Índices para tabela `ausencia_funcionarios`
--
ALTER TABLE `ausencia_funcionarios`
  ADD PRIMARY KEY (`id`),
  ADD KEY `fk_ausencia_funcionario` (`funcionario_utilizador`),
  ADD KEY `motivo_id` (`motivo_id`);

--
-- Índices para tabela `avisos_inatividade`
--
ALTER TABLE `avisos_inatividade`
  ADD PRIMARY KEY (`id`);

--
-- Índices para tabela `configuracao_email`
--
ALTER TABLE `configuracao_email`
  ADD PRIMARY KEY (`id`);

--
-- Índices para tabela `departamento`
--
ALTER TABLE `departamento`
  ADD PRIMARY KEY (`id`);

--
-- Índices para tabela `departamento_tarefa`
--
ALTER TABLE `departamento_tarefa`
  ADD PRIMARY KEY (`id`),
  ADD KEY `tarefa_id` (`tarefa_id`),
  ADD KEY `departamento_id` (`departamento_id`),
  ADD KEY `utilizador` (`utilizador`);

--
-- Índices para tabela `finalizar_dia`
--
ALTER TABLE `finalizar_dia`
  ADD PRIMARY KEY (`id`),
  ADD KEY `tarefa_id` (`tarefa_id`),
  ADD KEY `utilizador` (`utilizador`);

--
-- Índices para tabela `funcionarios`
--
ALTER TABLE `funcionarios`
  ADD PRIMARY KEY (`utilizador`),
  ADD KEY `horario_id` (`horario_id`),
  ADD KEY `departamento` (`departamento`);

--
-- Índices para tabela `horarios`
--
ALTER TABLE `horarios`
  ADD PRIMARY KEY (`id`);

--
-- Índices para tabela `motivos_ausencia`
--
ALTER TABLE `motivos_ausencia`
  ADD PRIMARY KEY (`id`);

--
-- Índices para tabela `motivos_pausa`
--
ALTER TABLE `motivos_pausa`
  ADD PRIMARY KEY (`id`);

--
-- Índices para tabela `pausas_tarefas`
--
ALTER TABLE `pausas_tarefas`
  ADD PRIMARY KEY (`id`),
  ADD KEY `tarefa_id` (`tarefa_id`),
  ADD KEY `motivo_id` (`motivo_id`),
  ADD KEY `funcionario` (`funcionario`);

--
-- Índices para tabela `pausas_temporarias`
--
ALTER TABLE `pausas_temporarias`
  ADD PRIMARY KEY (`id`),
  ADD KEY `tarefa_id` (`tarefa_id`),
  ADD KEY `utilizador` (`utilizador`);

--
-- Índices para tabela `registo_diario`
--
ALTER TABLE `registo_diario`
  ADD PRIMARY KEY (`id`),
  ADD KEY `id_tarefa` (`id_tarefa`),
  ADD KEY `utilizador` (`utilizador`);

--
-- Índices para tabela `tarefas`
--
ALTER TABLE `tarefas`
  ADD PRIMARY KEY (`id`),
  ADD KEY `fk_utilizador` (`utilizador`);

--
-- Índices para tabela `transicao_tarefas`
--
ALTER TABLE `transicao_tarefas`
  ADD PRIMARY KEY (`id`),
  ADD KEY `tarefa_id` (`tarefa_id`),
  ADD KEY `utilizador_novo` (`utilizador_novo`),
  ADD KEY `transicao_tarefas_ibfk_3` (`utilizador_antigo`);

--
-- Índices para tabela `utilizador_entradaesaida`
--
ALTER TABLE `utilizador_entradaesaida`
  ADD PRIMARY KEY (`id`),
  ADD KEY `utilizador_entradaesaida_ibfk_1` (`utilizador`);

--
-- AUTO_INCREMENT de tabelas despejadas
--

--
-- AUTO_INCREMENT de tabela `ausencia_funcionarios`
--
ALTER TABLE `ausencia_funcionarios`
  MODIFY `id` int(11) NOT NULL AUTO_INCREMENT, AUTO_INCREMENT=34;

--
-- AUTO_INCREMENT de tabela `avisos_inatividade`
--
ALTER TABLE `avisos_inatividade`
  MODIFY `id` int(11) NOT NULL AUTO_INCREMENT, AUTO_INCREMENT=18;

--
-- AUTO_INCREMENT de tabela `configuracao_email`
--
ALTER TABLE `configuracao_email`
  MODIFY `id` int(11) NOT NULL AUTO_INCREMENT, AUTO_INCREMENT=19;

--
-- AUTO_INCREMENT de tabela `departamento`
--
ALTER TABLE `departamento`
  MODIFY `id` int(11) NOT NULL AUTO_INCREMENT, AUTO_INCREMENT=19;

--
-- AUTO_INCREMENT de tabela `departamento_tarefa`
--
ALTER TABLE `departamento_tarefa`
  MODIFY `id` int(11) NOT NULL AUTO_INCREMENT, AUTO_INCREMENT=291;

--
-- AUTO_INCREMENT de tabela `finalizar_dia`
--
ALTER TABLE `finalizar_dia`
  MODIFY `id` int(11) NOT NULL AUTO_INCREMENT, AUTO_INCREMENT=139;

--
-- AUTO_INCREMENT de tabela `horarios`
--
ALTER TABLE `horarios`
  MODIFY `id` int(11) NOT NULL AUTO_INCREMENT, AUTO_INCREMENT=4;

--
-- AUTO_INCREMENT de tabela `motivos_ausencia`
--
ALTER TABLE `motivos_ausencia`
  MODIFY `id` int(11) NOT NULL AUTO_INCREMENT, AUTO_INCREMENT=6;

--
-- AUTO_INCREMENT de tabela `motivos_pausa`
--
ALTER TABLE `motivos_pausa`
  MODIFY `id` int(11) NOT NULL AUTO_INCREMENT, AUTO_INCREMENT=53;

--
-- AUTO_INCREMENT de tabela `pausas_tarefas`
--
ALTER TABLE `pausas_tarefas`
  MODIFY `id` int(11) NOT NULL AUTO_INCREMENT, AUTO_INCREMENT=2130;

--
-- AUTO_INCREMENT de tabela `pausas_temporarias`
--
ALTER TABLE `pausas_temporarias`
  MODIFY `id` int(11) NOT NULL AUTO_INCREMENT, AUTO_INCREMENT=423;

--
-- AUTO_INCREMENT de tabela `registo_diario`
--
ALTER TABLE `registo_diario`
  MODIFY `id` int(11) NOT NULL AUTO_INCREMENT, AUTO_INCREMENT=597;

--
-- AUTO_INCREMENT de tabela `tarefas`
--
ALTER TABLE `tarefas`
  MODIFY `id` int(11) NOT NULL AUTO_INCREMENT, AUTO_INCREMENT=630;

--
-- AUTO_INCREMENT de tabela `transicao_tarefas`
--
ALTER TABLE `transicao_tarefas`
  MODIFY `id` int(11) NOT NULL AUTO_INCREMENT, AUTO_INCREMENT=261;

--
-- AUTO_INCREMENT de tabela `utilizador_entradaesaida`
--
ALTER TABLE `utilizador_entradaesaida`
  MODIFY `id` int(11) NOT NULL AUTO_INCREMENT, AUTO_INCREMENT=145;

--
-- Restrições para despejos de tabelas
--

--
-- Limitadores para a tabela `ausencia_funcionarios`
--
ALTER TABLE `ausencia_funcionarios`
  ADD CONSTRAINT `ausencia_funcionarios_ibfk_1` FOREIGN KEY (`motivo_id`) REFERENCES `motivos_ausencia` (`id`),
  ADD CONSTRAINT `fk_ausencia_funcionario` FOREIGN KEY (`funcionario_utilizador`) REFERENCES `funcionarios` (`utilizador`) ON DELETE CASCADE;

--
-- Limitadores para a tabela `departamento_tarefa`
--
ALTER TABLE `departamento_tarefa`
  ADD CONSTRAINT `departamento_tarefa_ibfk_1` FOREIGN KEY (`tarefa_id`) REFERENCES `tarefas` (`id`) ON DELETE CASCADE ON UPDATE CASCADE,
  ADD CONSTRAINT `departamento_tarefa_ibfk_2` FOREIGN KEY (`departamento_id`) REFERENCES `departamento` (`id`) ON DELETE CASCADE ON UPDATE CASCADE,
  ADD CONSTRAINT `departamento_tarefa_ibfk_3` FOREIGN KEY (`utilizador`) REFERENCES `funcionarios` (`utilizador`) ON DELETE CASCADE ON UPDATE CASCADE;

--
-- Limitadores para a tabela `finalizar_dia`
--
ALTER TABLE `finalizar_dia`
  ADD CONSTRAINT `finalizar_dia_ibfk_1` FOREIGN KEY (`tarefa_id`) REFERENCES `tarefas` (`id`) ON DELETE CASCADE ON UPDATE CASCADE,
  ADD CONSTRAINT `finalizar_dia_ibfk_2` FOREIGN KEY (`utilizador`) REFERENCES `funcionarios` (`utilizador`) ON DELETE CASCADE ON UPDATE CASCADE;

--
-- Limitadores para a tabela `funcionarios`
--
ALTER TABLE `funcionarios`
  ADD CONSTRAINT `funcionarios_ibfk_1` FOREIGN KEY (`horario_id`) REFERENCES `horarios` (`id`) ON DELETE CASCADE ON UPDATE CASCADE;

--
-- Limitadores para a tabela `pausas_tarefas`
--
ALTER TABLE `pausas_tarefas`
  ADD CONSTRAINT `pausas_tarefas_ibfk_1` FOREIGN KEY (`tarefa_id`) REFERENCES `tarefas` (`id`) ON DELETE CASCADE ON UPDATE CASCADE,
  ADD CONSTRAINT `pausas_tarefas_ibfk_2` FOREIGN KEY (`motivo_id`) REFERENCES `motivos_pausa` (`id`) ON DELETE CASCADE ON UPDATE CASCADE,
  ADD CONSTRAINT `pausas_tarefas_ibfk_3` FOREIGN KEY (`funcionario`) REFERENCES `funcionarios` (`utilizador`) ON DELETE CASCADE ON UPDATE CASCADE;

--
-- Limitadores para a tabela `pausas_temporarias`
--
ALTER TABLE `pausas_temporarias`
  ADD CONSTRAINT `pausas_temporarias_ibfk_1` FOREIGN KEY (`tarefa_id`) REFERENCES `tarefas` (`id`) ON DELETE CASCADE ON UPDATE CASCADE,
  ADD CONSTRAINT `pausas_temporarias_ibfk_2` FOREIGN KEY (`utilizador`) REFERENCES `funcionarios` (`utilizador`) ON DELETE CASCADE ON UPDATE CASCADE;

--
-- Limitadores para a tabela `registo_diario`
--
ALTER TABLE `registo_diario`
  ADD CONSTRAINT `registo_diario_ibfk_1` FOREIGN KEY (`id_tarefa`) REFERENCES `tarefas` (`id`) ON DELETE CASCADE ON UPDATE CASCADE,
  ADD CONSTRAINT `registo_diario_ibfk_2` FOREIGN KEY (`utilizador`) REFERENCES `funcionarios` (`utilizador`) ON DELETE CASCADE ON UPDATE CASCADE;

--
-- Limitadores para a tabela `tarefas`
--
ALTER TABLE `tarefas`
  ADD CONSTRAINT `fk_utilizador` FOREIGN KEY (`utilizador`) REFERENCES `funcionarios` (`utilizador`) ON DELETE SET NULL ON UPDATE CASCADE;

--
-- Limitadores para a tabela `transicao_tarefas`
--
ALTER TABLE `transicao_tarefas`
  ADD CONSTRAINT `transicao_tarefas_ibfk_1` FOREIGN KEY (`tarefa_id`) REFERENCES `tarefas` (`id`) ON DELETE CASCADE ON UPDATE CASCADE,
  ADD CONSTRAINT `transicao_tarefas_ibfk_2` FOREIGN KEY (`utilizador_novo`) REFERENCES `funcionarios` (`utilizador`) ON DELETE CASCADE ON UPDATE CASCADE,
  ADD CONSTRAINT `transicao_tarefas_ibfk_3` FOREIGN KEY (`utilizador_antigo`) REFERENCES `funcionarios` (`utilizador`) ON DELETE CASCADE ON UPDATE CASCADE;

--
-- Limitadores para a tabela `utilizador_entradaesaida`
--
ALTER TABLE `utilizador_entradaesaida`
  ADD CONSTRAINT `utilizador_entradaesaida_ibfk_1` FOREIGN KEY (`utilizador`) REFERENCES `funcionarios` (`utilizador`) ON DELETE CASCADE ON UPDATE CASCADE;
COMMIT;

/*!40101 SET CHARACTER_SET_CLIENT=@OLD_CHARACTER_SET_CLIENT */;
/*!40101 SET CHARACTER_SET_RESULTS=@OLD_CHARACTER_SET_RESULTS */;
/*!40101 SET COLLATION_CONNECTION=@OLD_COLLATION_CONNECTION */;
