-- phpMyAdmin SQL Dump
-- version 5.2.1
-- https://www.phpmyadmin.net/
--
-- Host: 127.0.0.1
-- Tempo de geração: 13-Ago-2025 às 19:18
-- Versão do servidor: 10.4.32-MariaDB
-- versão do PHP: 8.2.12

SET SQL_MODE = "NO_AUTO_VALUE_ON_ZERO";
START TRANSACTION;
SET time_zone = "+00:00";


/*!40101 SET @OLD_CHARACTER_SET_CLIENT=@@CHARACTER_SET_CLIENT */;
/*!40101 SET @OLD_CHARACTER_SET_RESULTS=@@CHARACTER_SET_RESULTS */;
/*!40101 SET @OLD_COLLATION_CONNECTION=@@COLLATION_CONNECTION */;
/*!40101 SET NAMES utf8mb4 */;

--
-- Banco de dados: `gestaotarefas`
--

-- --------------------------------------------------------

--
-- Estrutura da tabela `ausencia_funcionarios`
--

CREATE TABLE `ausencia_funcionarios` (
  `id` int(11) NOT NULL,
  `funcionario_utilizador` varchar(50) NOT NULL,
  `data_falta` date NOT NULL,
  `motivo_id` int(11) NOT NULL
) ENGINE=InnoDB DEFAULT CHARSET=utf8mb4 COLLATE=utf8mb4_general_ci;

--
-- Extraindo dados da tabela `ausencia_funcionarios`
--

INSERT INTO `ausencia_funcionarios` (`id`, `funcionario_utilizador`, `data_falta`, `motivo_id`) VALUES
(34, 'rui', '2025-08-14', 4),
(35, 'rui', '2025-08-15', 4),
(36, 'rui', '2025-08-16', 4),
(37, 'rui', '2025-08-17', 4),
(38, 'rui', '2025-08-18', 4),
(39, 'rui', '2025-08-19', 4),
(40, 'rui', '2025-08-20', 4),
(41, 'rui', '2025-08-21', 4),
(42, 'rui', '2025-08-22', 4),
(43, 'rui', '2025-08-23', 4),
(44, 'rui', '2025-08-24', 4),
(45, 'rui', '2025-08-25', 4),
(46, 'rui', '2025-08-26', 4),
(47, 'rui', '2025-08-27', 4),
(48, 'rui', '2025-08-28', 4),
(49, 'rui', '2025-08-29', 4),
(50, 'rui', '2025-08-30', 4),
(51, 'rui', '2025-08-31', 4),
(52, 'pedro', '2025-08-14', 4),
(53, 'pedro', '2025-08-31', 4),
(54, 'pedro', '2025-08-15', 4),
(55, 'pedro', '2025-08-16', 4),
(56, 'pedro', '2025-08-17', 4),
(57, 'pedro', '2025-08-24', 4),
(58, 'pedro', '2025-08-23', 4),
(59, 'pedro', '2025-08-22', 4),
(60, 'pedro', '2025-08-21', 4),
(61, 'pedro', '2025-08-20', 4),
(62, 'pedro', '2025-08-19', 4),
(63, 'pedro', '2025-08-18', 4),
(64, 'pedro', '2025-08-25', 4),
(65, 'pedro', '2025-08-26', 4),
(66, 'pedro', '2025-08-27', 4),
(67, 'pedro', '2025-08-28', 4),
(68, 'pedro', '2025-08-29', 4),
(69, 'pedro', '2025-08-30', 4),
(70, 'sofia', '2025-08-14', 4),
(71, 'sofia', '2025-08-31', 4),
(72, 'sofia', '2025-08-15', 4),
(73, 'sofia', '2025-08-16', 4),
(74, 'sofia', '2025-08-17', 4),
(75, 'sofia', '2025-08-18', 4),
(76, 'sofia', '2025-08-19', 4),
(77, 'sofia', '2025-08-20', 4),
(78, 'sofia', '2025-08-21', 4),
(79, 'sofia', '2025-08-22', 4),
(80, 'sofia', '2025-08-23', 4),
(81, 'sofia', '2025-08-24', 4),
(82, 'sofia', '2025-08-30', 4),
(83, 'sofia', '2025-08-29', 4),
(84, 'sofia', '2025-08-28', 4),
(85, 'sofia', '2025-08-27', 4),
(86, 'sofia', '2025-08-26', 4),
(87, 'sofia', '2025-08-25', 4),
(88, 'joaquim', '2025-08-14', 4),
(89, 'joaquim', '2025-08-15', 4),
(90, 'joaquim', '2025-08-31', 4),
(91, 'joaquim', '2025-08-16', 4),
(92, 'joaquim', '2025-08-17', 4),
(93, 'joaquim', '2025-08-18', 4),
(94, 'joaquim', '2025-08-19', 4),
(95, 'joaquim', '2025-08-20', 4),
(96, 'joaquim', '2025-08-21', 4),
(97, 'joaquim', '2025-08-22', 4),
(98, 'joaquim', '2025-08-23', 4),
(99, 'joaquim', '2025-08-24', 4),
(100, 'joaquim', '2025-08-25', 4),
(101, 'joaquim', '2025-08-26', 4),
(102, 'joaquim', '2025-08-27', 4),
(103, 'joaquim', '2025-08-28', 4),
(104, 'joaquim', '2025-08-29', 4),
(105, 'joaquim', '2025-08-30', 4),
(106, 'claudia', '2025-08-14', 4),
(107, 'claudia', '2025-08-15', 4),
(108, 'claudia', '2025-08-18', 4),
(109, 'claudia', '2025-08-19', 4),
(110, 'claudia', '2025-08-20', 4),
(111, 'claudia', '2025-08-21', 4),
(112, 'claudia', '2025-08-22', 4),
(113, 'claudia', '2025-08-25', 4),
(114, 'claudia', '2025-08-26', 4),
(115, 'claudia', '2025-08-27', 4),
(116, 'claudia', '2025-08-28', 4),
(117, 'claudia', '2025-08-29', 4),
(118, 'roberto', '2025-08-14', 4),
(119, 'roberto', '2025-08-15', 4),
(120, 'roberto', '2025-08-16', 4),
(121, 'roberto', '2025-08-17', 4),
(122, 'roberto', '2025-08-18', 4),
(123, 'roberto', '2025-08-19', 4),
(124, 'roberto', '2025-08-20', 4),
(125, 'roberto', '2025-08-21', 4),
(126, 'roberto', '2025-08-22', 4),
(127, 'roberto', '2025-08-23', 4),
(128, 'roberto', '2025-08-24', 4),
(129, 'roberto', '2025-08-25', 4),
(130, 'roberto', '2025-08-26', 4),
(131, 'roberto', '2025-08-27', 4),
(132, 'roberto', '2025-08-28', 4),
(133, 'roberto', '2025-08-29', 4),
(134, 'roberto', '2025-08-30', 4),
(135, 'roberto', '2025-08-31', 4);

-- --------------------------------------------------------

--
-- Estrutura da tabela `avisos_inatividade`
--

CREATE TABLE `avisos_inatividade` (
  `id` int(11) NOT NULL,
  `utilizador` varchar(100) DEFAULT NULL,
  `data_envio` date DEFAULT NULL
) ENGINE=InnoDB DEFAULT CHARSET=utf8mb4 COLLATE=utf8mb4_general_ci;

--
-- Extraindo dados da tabela `avisos_inatividade`
--

INSERT INTO `avisos_inatividade` (`id`, `utilizador`, `data_envio`) VALUES
(4, 'pedro', '2025-07-31'),
(5, 'roberto', '2025-07-31'),
(6, 'joaquim', '2025-08-01'),
(7, 'pedro', '2025-08-01'),
(8, 'roberto', '2025-08-01'),
(9, 'sofia', '2025-08-01'),
(10, 'joaquim', '2025-08-04'),
(11, 'pedro', '2025-08-04'),
(12, 'roberto', '2025-08-04'),
(13, 'sofia', '2025-08-04'),
(14, 'joaquim', '2025-08-05'),
(15, 'pedro', '2025-08-05'),
(16, 'roberto', '2025-08-05'),
(17, 'sofia', '2025-08-05'),
(18, 'joaquim', '2025-08-06'),
(19, 'pedro', '2025-08-06'),
(20, 'roberto', '2025-08-06'),
(21, 'sofia', '2025-08-06');

-- --------------------------------------------------------

--
-- Estrutura da tabela `configuracao_email`
--

CREATE TABLE `configuracao_email` (
  `id` int(11) NOT NULL,
  `servidor_smtp` varchar(255) NOT NULL,
  `porta_smtp` int(11) NOT NULL,
  `utilizador` varchar(255) NOT NULL,
  `senha` varchar(255) NOT NULL,
  `destinatarios` text NOT NULL,
  `seguranca` enum('SSL','TLS') NOT NULL,
  `assunto` varchar(255) NOT NULL,
  `data_criacao` timestamp NOT NULL DEFAULT current_timestamp()
) ENGINE=InnoDB DEFAULT CHARSET=utf8mb4 COLLATE=utf8mb4_general_ci;

--
-- Extraindo dados da tabela `configuracao_email`
--

INSERT INTO `configuracao_email` (`id`, `servidor_smtp`, `porta_smtp`, `utilizador`, `senha`, `destinatarios`, `seguranca`, `assunto`, `data_criacao`) VALUES
(18, 'mail.parametro.pt', 587, 'notifications@parametro.pt', '!Pglobal2020!', 'vitormrcosta@gmail.com', 'TLS', 'teste', '2025-07-30 16:56:58');

-- --------------------------------------------------------

--
-- Estrutura da tabela `departamento`
--

CREATE TABLE `departamento` (
  `id` int(11) NOT NULL,
  `nome` varchar(255) NOT NULL
) ENGINE=InnoDB DEFAULT CHARSET=utf8mb4 COLLATE=utf8mb4_general_ci;

--
-- Extraindo dados da tabela `departamento`
--

INSERT INTO `departamento` (`id`, `nome`) VALUES
(15, 'Produção'),
(16, 'Comercial'),
(17, 'Gabinete Técnico'),
(18, 'Administração');

-- --------------------------------------------------------

--
-- Estrutura da tabela `departamento_tarefa`
--

CREATE TABLE `departamento_tarefa` (
  `id` int(11) NOT NULL,
  `data_entrada` datetime NOT NULL,
  `data_saida` datetime DEFAULT NULL,
  `tempo_em_espera` time DEFAULT NULL,
  `tarefa_id` int(11) NOT NULL,
  `departamento_id` int(11) NOT NULL,
  `utilizador` varchar(255) DEFAULT NULL
) ENGINE=InnoDB DEFAULT CHARSET=utf8mb4 COLLATE=utf8mb4_general_ci;

--
-- Extraindo dados da tabela `departamento_tarefa`
--

INSERT INTO `departamento_tarefa` (`id`, `data_entrada`, `data_saida`, `tempo_em_espera`, `tarefa_id`, `departamento_id`, `utilizador`) VALUES
(100, '2025-07-30 17:31:26', '2025-07-30 17:36:00', NULL, 537, 16, 'claudia'),
(101, '2025-07-30 17:36:00', '2025-07-30 17:42:37', '00:06:14', 537, 17, 'claudia'),
(102, '2025-07-30 17:42:37', '2025-07-30 17:49:53', '00:07:05', 537, 17, 'claudia'),
(103, '2025-07-30 17:49:53', '2025-07-31 08:45:38', '14:46:31', 537, 17, 'sofia'),
(104, '2025-07-30 17:50:09', '2025-07-30 17:54:50', NULL, 538, 16, 'claudia'),
(108, '2025-07-30 17:54:50', '2025-07-31 08:59:18', '14:51:02', 538, 17, 'sofia'),
(109, '2025-07-30 17:56:14', '2025-07-30 18:03:26', NULL, 540, 16, 'claudia'),
(110, '2025-07-30 18:03:26', '2025-08-07 09:44:29', '183:35:47', 540, 17, 'rui'),
(111, '2025-07-30 18:26:46', '2025-07-30 18:27:12', NULL, 541, 17, 'rui'),
(112, '2025-07-30 18:27:12', '2025-07-31 11:17:13', '00:02:54', 541, 17, 'pedro'),
(113, '2025-07-30 18:29:16', '2025-07-30 18:29:30', NULL, 542, 17, 'rui'),
(114, '2025-07-30 18:29:30', '2025-07-31 08:33:42', '13:31:57', 542, 17, 'sofia'),
(115, '2025-07-31 08:06:21', '2025-07-31 08:06:31', NULL, 543, 17, 'rui'),
(116, '2025-07-31 08:06:31', '2025-07-31 19:02:55', '00:12:23', 543, 15, 'joaquim'),
(117, '2025-07-31 08:15:12', '2025-07-31 11:23:23', NULL, 544, 17, 'rui'),
(118, '2025-07-31 09:01:05', '2025-07-31 09:01:17', NULL, 545, 17, 'rui'),
(119, '2025-07-31 09:01:17', '2025-07-31 11:58:15', NULL, 545, 17, 'sofia'),
(120, '2025-07-31 09:01:28', '2025-07-31 09:01:36', NULL, 546, 17, 'rui'),
(121, '2025-07-31 09:01:36', '2025-07-31 15:10:13', NULL, 546, 17, 'sofia'),
(122, '2025-07-31 09:01:46', '2025-07-31 09:01:56', NULL, 547, 17, 'rui'),
(123, '2025-07-31 09:01:56', '2025-07-31 13:57:45', NULL, 547, 17, 'sofia'),
(124, '2025-07-31 09:02:10', '2025-07-31 09:02:21', NULL, 548, 17, 'rui'),
(125, '2025-07-31 09:02:21', '2025-07-31 16:47:25', NULL, 548, 17, 'sofia'),
(126, '2025-07-31 09:02:34', '2025-07-31 09:02:46', NULL, 549, 17, 'rui'),
(127, '2025-07-31 09:02:46', '2025-07-31 17:25:50', NULL, 549, 17, 'sofia'),
(128, '2025-07-31 09:03:15', '2025-07-31 09:04:16', NULL, 550, 17, 'rui'),
(129, '2025-07-31 09:04:16', '2025-08-01 09:16:11', NULL, 550, 17, 'sofia'),
(130, '2025-07-31 09:06:27', '2025-07-31 09:06:39', NULL, 551, 16, 'claudia'),
(131, '2025-07-31 09:06:39', '2025-08-01 18:34:06', '29:50:21', 551, 17, 'pedro'),
(132, '2025-07-31 09:07:06', '2025-07-31 09:08:26', NULL, 552, 16, 'claudia'),
(133, '2025-07-31 09:08:43', '2025-07-31 09:08:51', NULL, 553, 16, 'claudia'),
(134, '2025-07-31 09:08:51', '2025-08-01 14:56:21', '26:45:41', 553, 17, 'pedro'),
(135, '2025-07-31 09:09:00', '2025-07-31 09:09:09', NULL, 554, 16, 'claudia'),
(136, '2025-07-31 09:09:09', '2025-07-31 15:21:59', '04:56:46', 554, 17, 'pedro'),
(137, '2025-07-31 09:09:21', '2025-07-31 09:09:28', NULL, 555, 16, 'claudia'),
(138, '2025-07-31 09:09:28', '2025-07-31 16:37:55', '06:14:10', 555, 17, 'pedro'),
(139, '2025-07-31 09:09:36', '2025-07-31 09:09:45', NULL, 556, 16, 'claudia'),
(140, '2025-07-31 09:09:45', '2025-08-01 10:46:46', '24:11:33', 556, 17, 'sofia'),
(141, '2025-07-31 09:10:03', '2025-07-31 09:10:12', NULL, 557, 16, 'claudia'),
(142, '2025-07-31 09:10:12', '2025-08-01 13:52:34', '25:47:36', 557, 17, 'sofia'),
(143, '2025-07-31 09:10:22', '2025-07-31 09:10:30', NULL, 558, 16, 'claudia'),
(144, '2025-07-31 09:10:30', '2025-08-05 09:39:38', '103:50:49', 558, 17, 'sofia'),
(145, '2025-07-31 09:10:40', '2025-07-31 09:10:48', NULL, 559, 16, 'claudia'),
(146, '2025-07-31 09:10:48', '2025-08-04 08:44:15', '49:54:12', 559, 17, 'pedro'),
(147, '2025-07-31 09:10:57', '2025-07-31 09:11:05', NULL, 560, 16, 'claudia'),
(148, '2025-07-31 09:11:05', '2025-07-31 17:53:15', '08:03:51', 560, 17, 'pedro'),
(149, '2025-07-31 09:11:19', '2025-07-31 09:11:26', NULL, 561, 16, 'claudia'),
(150, '2025-07-31 09:11:26', '2025-08-02 09:43:02', '47:27:03', 561, 17, 'pedro'),
(151, '2025-07-31 09:11:37', '2025-07-31 09:11:45', NULL, 562, 16, 'claudia'),
(152, '2025-07-31 09:11:45', '2025-08-01 10:22:34', '23:35:32', 562, 17, 'pedro'),
(153, '2025-07-31 09:12:36', '2025-07-31 10:19:42', NULL, 563, 16, 'claudia'),
(154, '2025-07-31 09:30:32', '2025-07-31 09:34:25', NULL, 564, 16, 'claudia'),
(155, '2025-07-31 09:34:25', '2025-07-31 13:52:02', '04:17:28', 564, 17, 'rui'),
(156, '2025-07-31 10:19:56', '2025-07-31 17:20:29', NULL, 565, 16, 'claudia'),
(157, '2025-07-31 10:36:34', '2025-07-31 10:50:52', NULL, 566, 16, 'claudia'),
(158, '2025-07-31 10:50:52', '2025-08-01 08:41:35', '07:43:37', 566, 17, 'pedro'),
(159, '2025-07-31 10:51:09', '2025-07-31 10:51:45', NULL, 567, 16, 'claudia'),
(160, '2025-07-31 10:51:45', '2025-07-31 18:17:00', '07:23:17', 567, 17, 'pedro'),
(161, '2025-07-31 10:52:13', '2025-07-31 10:52:30', NULL, 568, 16, 'claudia'),
(162, '2025-07-31 10:52:30', '2025-07-31 18:21:13', '07:27:20', 568, 17, 'pedro'),
(163, '2025-07-31 10:52:47', '2025-07-31 10:53:04', NULL, 569, 16, 'claudia'),
(164, '2025-07-31 10:53:04', '2025-07-31 18:19:41', '07:24:08', 569, 17, 'pedro'),
(165, '2025-07-31 10:53:46', NULL, '310:09:42', 570, 16, 'claudia'),
(166, '2025-07-31 11:00:59', '2025-07-31 11:17:36', NULL, 571, 16, 'claudia'),
(167, '2025-07-31 11:17:36', '2025-07-31 18:31:25', '07:11:38', 571, 17, 'pedro'),
(168, '2025-07-31 11:17:49', '2025-08-01 14:45:14', '21:45:56', 572, 16, 'claudia'),
(169, '2025-07-31 11:27:10', '2025-07-31 15:19:25', NULL, 573, 17, 'rui'),
(170, '2025-07-31 11:32:10', '2025-07-31 11:32:19', NULL, 574, 17, 'rui'),
(171, '2025-07-31 11:32:19', '2025-07-31 13:59:20', NULL, 574, 17, 'pedro'),
(173, '2025-07-31 14:31:16', '2025-07-31 14:33:08', NULL, 576, 16, 'claudia'),
(174, '2025-07-31 14:33:08', '2025-08-01 11:32:38', '20:26:06', 576, 17, 'pedro'),
(175, '2025-07-31 14:33:33', NULL, '306:29:55', 577, 16, 'claudia'),
(176, '2025-07-31 14:35:10', NULL, '306:28:18', 578, 16, 'claudia'),
(177, '2025-07-31 14:37:27', '2025-07-31 14:51:57', NULL, 579, 16, 'claudia'),
(178, '2025-07-31 14:51:57', '2025-08-01 10:56:46', '19:32:21', 579, 17, 'pedro'),
(179, '2025-07-31 14:52:22', NULL, '306:11:06', 580, 16, 'claudia'),
(180, '2025-07-31 14:54:17', '2025-07-31 15:10:08', NULL, 581, 16, 'claudia'),
(181, '2025-07-31 15:10:08', '2025-08-02 11:02:28', '42:33:23', 581, 17, 'pedro'),
(182, '2025-07-31 15:10:40', '2025-07-31 15:20:50', NULL, 582, 16, 'claudia'),
(183, '2025-07-31 15:20:50', '2025-07-31 18:24:43', '03:00:45', 582, 17, 'pedro'),
(184, '2025-07-31 15:20:54', '2025-08-04 16:44:44', '16:47:41', 583, 17, 'rui'),
(185, '2025-07-31 15:21:39', '2025-07-31 15:53:25', NULL, 584, 16, 'claudia'),
(186, '2025-07-31 15:53:25', '2025-08-04 10:52:18', '89:47:20', 584, 17, 'pedro'),
(187, '2025-07-31 15:53:42', '2025-07-31 16:30:23', NULL, 585, 16, 'claudia'),
(188, '2025-07-31 16:30:23', '2025-08-07 18:37:24', '168:03:13', 585, 17, 'pedro'),
(190, '2025-07-31 16:37:55', NULL, NULL, 555, 15, NULL),
(191, '2025-07-31 16:47:24', '2025-07-31 17:10:15', NULL, 586, 16, 'claudia'),
(192, '2025-07-31 16:47:25', NULL, NULL, 548, 15, NULL),
(193, '2025-07-31 17:10:15', '2025-08-04 16:55:21', '94:09:51', 586, 17, 'sofia'),
(195, '2025-07-31 17:47:12', '2025-07-31 17:52:41', NULL, 587, 16, 'claudia'),
(196, '2025-07-31 17:52:41', '2025-07-31 18:33:45', '00:38:51', 587, 17, 'pedro'),
(197, '2025-07-31 17:53:15', NULL, NULL, 560, 15, NULL),
(198, '2025-07-31 17:53:44', '2025-08-04 16:54:47', '87:12:11', 588, 16, 'claudia'),
(199, '2025-08-01 08:00:40', '2025-08-01 18:03:10', '00:00:00', 543, 15, 'joaquim'),
(200, '2025-08-01 08:18:41', '2025-08-01 08:18:49', NULL, 589, 17, 'rui'),
(201, '2025-08-01 08:18:49', '2025-08-01 18:02:31', NULL, 589, 15, 'roberto'),
(203, '2025-08-01 09:16:11', NULL, NULL, 550, 15, NULL),
(204, '2025-08-01 10:22:34', NULL, NULL, 562, 15, NULL),
(205, '2025-08-01 10:56:46', NULL, NULL, 579, 15, NULL),
(206, '2025-08-01 11:07:23', '2025-08-01 11:09:55', NULL, 590, 16, 'claudia'),
(207, '2025-08-01 11:10:06', '2025-08-01 11:23:29', NULL, 591, 16, 'claudia'),
(208, '2025-08-01 11:24:17', '2025-08-01 11:35:09', '00:00:00', 563, 16, 'claudia'),
(209, '2025-08-01 11:32:38', NULL, NULL, 576, 15, NULL),
(210, '2025-08-01 11:35:33', '2025-08-01 11:50:26', NULL, 592, 16, 'claudia'),
(211, '2025-08-01 11:50:47', '2025-08-01 11:54:05', NULL, 593, 16, 'claudia'),
(212, '2025-08-01 13:52:34', NULL, NULL, 557, 15, NULL),
(213, '2025-08-01 13:54:50', '2025-08-01 13:55:00', NULL, 594, 17, 'rui'),
(214, '2025-08-01 13:55:00', '2025-08-04 08:51:47', NULL, 594, 17, 'sofia'),
(215, '2025-08-01 13:57:28', '2025-08-01 13:59:46', NULL, 595, 16, 'claudia'),
(216, '2025-08-01 13:59:46', '2025-08-01 18:45:28', '04:44:26', 595, 17, 'pedro'),
(217, '2025-08-01 14:00:18', '2025-08-01 14:20:58', NULL, 596, 16, 'claudia'),
(218, '2025-08-01 14:20:58', '2025-08-05 11:04:47', '90:10:49', 596, 17, 'sofia'),
(219, '2025-08-01 14:21:46', '2025-08-01 14:35:27', NULL, 597, 16, 'claudia'),
(220, '2025-08-01 14:35:27', '2025-08-04 09:40:06', '66:09:56', 597, 17, 'pedro'),
(221, '2025-08-01 14:45:14', '2025-08-07 14:33:20', '140:42:24', 572, 17, 'pedro'),
(222, '2025-08-01 14:45:23', '2025-08-01 14:55:12', NULL, 598, 16, 'claudia'),
(223, '2025-08-01 14:55:12', '2025-08-01 18:49:11', '03:53:01', 598, 17, 'pedro'),
(224, '2025-08-01 14:55:30', '2025-08-01 15:00:00', NULL, 599, 16, 'claudia'),
(225, '2025-08-01 15:00:00', '2025-08-01 18:48:07', '03:47:06', 599, 17, 'pedro'),
(226, '2025-08-01 15:00:09', '2025-08-01 15:05:29', NULL, 600, 16, 'claudia'),
(227, '2025-08-01 15:05:29', '2025-08-01 18:47:00', '03:40:29', 600, 17, 'pedro'),
(228, '2025-08-01 15:05:43', '2025-08-01 15:15:36', NULL, 601, 16, 'claudia'),
(229, '2025-08-01 15:15:36', '2025-08-02 08:32:40', '03:37:11', 601, 17, 'pedro'),
(230, '2025-08-01 15:31:39', '2025-08-01 16:39:32', NULL, 602, 16, 'claudia'),
(231, '2025-08-01 16:39:32', '2025-08-09 11:59:59', '146:01:36', 602, 17, 'pedro'),
(232, '2025-08-01 16:40:39', '2025-08-01 17:04:15', NULL, 603, 16, 'claudia'),
(233, '2025-08-01 17:04:15', '2025-08-05 17:12:47', '90:04:27', 603, 17, 'sofia'),
(234, '2025-08-01 17:06:57', '2025-08-01 17:16:38', '00:00:00', 563, 16, 'claudia'),
(235, '2025-08-01 17:21:05', '2025-08-01 17:41:27', NULL, 604, 16, 'claudia'),
(236, '2025-08-01 17:42:16', '2025-08-01 17:47:35', NULL, 605, 16, 'claudia'),
(237, '2025-08-01 17:48:17', '2025-08-01 18:01:38', NULL, 606, 16, 'claudia'),
(238, '2025-08-01 18:01:38', '2025-08-06 09:14:06', '95:37:50', 606, 17, 'sofia'),
(239, '2025-08-01 18:34:06', NULL, NULL, 551, 15, NULL),
(240, '2025-08-01 18:34:33', '2025-08-01 18:43:45', '00:00:00', 574, 17, 'pedro'),
(241, '2025-08-02 07:58:53', '2025-08-05 10:45:25', '72:05:19', 543, 15, 'joaquim'),
(242, '2025-08-02 08:32:40', NULL, NULL, 601, 15, NULL),
(243, '2025-08-02 11:02:28', NULL, NULL, 581, 15, NULL),
(244, '2025-08-04 08:07:09', '2025-08-04 18:01:02', '00:00:00', 589, 15, 'roberto'),
(245, '2025-08-04 09:06:40', '2025-08-04 15:16:19', '00:00:00', 594, 17, 'sofia'),
(246, '2025-08-04 09:06:41', '2025-08-04 10:29:23', '00:00:00', 563, 16, 'claudia'),
(247, '2025-08-04 10:29:45', '2025-08-04 10:54:51', NULL, 607, 16, 'claudia'),
(248, '2025-08-04 10:52:42', '2025-08-04 10:52:56', NULL, 608, 17, 'rui'),
(249, '2025-08-04 10:52:56', '2025-08-07 11:24:44', NULL, 608, 17, 'pedro'),
(250, '2025-08-04 10:54:51', '2025-08-06 14:01:51', '46:49:04', 607, 17, 'sofia'),
(251, '2025-08-04 10:54:56', '2025-08-04 13:56:48', '00:00:00', 563, 16, 'claudia'),
(252, '2025-08-04 13:57:09', '2025-08-04 13:59:45', NULL, 609, 16, 'claudia'),
(253, '2025-08-04 13:59:45', '2025-08-06 09:42:14', '43:37:57', 609, 17, 'sofia'),
(254, '2025-08-04 14:44:13', '2025-08-04 14:57:41', NULL, 610, 16, 'claudia'),
(255, '2025-08-04 14:57:41', '2025-08-06 17:05:40', '49:27:04', 610, 17, 'sofia'),
(256, '2025-08-04 15:00:14', '2025-08-04 15:41:54', NULL, 611, 16, 'claudia'),
(257, '2025-08-04 15:41:54', '2025-08-06 16:22:59', '48:05:08', 611, 17, 'sofia'),
(258, '2025-08-04 16:18:23', '2025-08-04 16:29:33', '00:00:00', 563, 16, 'claudia'),
(259, '2025-08-04 16:29:44', '2025-08-04 16:32:52', NULL, 612, 16, 'claudia'),
(260, '2025-08-04 16:32:52', '2025-08-11 14:34:43', '165:52:15', 612, 17, 'sofia'),
(261, '2025-08-04 16:33:06', '2025-08-04 16:41:16', NULL, 613, 16, 'claudia'),
(262, '2025-08-04 16:41:16', '2025-08-11 14:39:57', '165:54:18', 613, 17, 'sofia'),
(263, '2025-08-04 16:44:29', '2025-08-04 16:45:30', NULL, 614, 16, 'claudia'),
(264, '2025-08-04 16:45:07', '2025-08-11 19:00:11', '159:18:58', 615, 17, 'rui'),
(265, '2025-08-04 16:45:30', '2025-08-05 17:38:20', '24:47:54', 614, 17, 'sofia'),
(266, '2025-08-04 16:45:43', '2025-08-04 16:45:58', NULL, 616, 16, 'claudia'),
(267, '2025-08-04 16:45:58', '2025-08-05 17:31:30', '24:41:43', 616, 17, 'sofia'),
(268, '2025-08-04 16:46:08', '2025-08-04 16:46:22', NULL, 617, 16, 'claudia'),
(269, '2025-08-04 16:46:22', '2025-08-05 17:25:52', '24:36:08', 617, 17, 'sofia'),
(270, '2025-08-04 16:46:44', '2025-08-04 16:46:59', NULL, 618, 16, 'claudia'),
(271, '2025-08-04 16:46:59', '2025-08-05 17:20:02', '24:28:59', 618, 17, 'sofia'),
(272, '2025-08-04 16:47:08', '2025-08-04 16:47:27', NULL, 619, 16, 'claudia'),
(273, '2025-08-04 16:47:27', '2025-08-06 17:29:54', '48:34:11', 619, 17, 'sofia'),
(274, '2025-08-04 16:55:19', '2025-08-04 17:01:39', NULL, 620, 16, 'claudia'),
(275, '2025-08-04 17:01:39', '2025-08-07 09:47:09', '64:43:56', 620, 17, 'rui'),
(276, '2025-08-04 17:01:51', '2025-08-04 17:08:26', NULL, 621, 16, 'claudia'),
(277, '2025-08-04 17:08:56', '2025-08-04 17:16:27', NULL, 622, 16, 'claudia'),
(278, '2025-08-04 17:19:23', '2025-08-05 13:43:18', '15:43:56', 623, 16, 'claudia'),
(279, '2025-08-05 08:09:36', '2025-08-05 18:01:06', '00:00:00', 589, 15, 'roberto'),
(280, '2025-08-05 09:05:21', '2025-08-05 09:57:05', NULL, 624, 16, 'claudia'),
(281, '2025-08-05 09:39:38', NULL, NULL, 558, 15, NULL),
(282, '2025-08-05 09:57:16', '2025-08-05 09:57:36', NULL, 625, 16, 'claudia'),
(283, '2025-08-05 09:57:36', '2025-08-07 10:36:00', '48:33:07', 625, 17, 'sofia'),
(284, '2025-08-05 09:57:45', '2025-08-05 09:58:07', NULL, 626, 16, 'claudia'),
(285, '2025-08-05 09:58:07', '2025-08-06 17:19:22', '31:17:39', 626, 17, 'sofia'),
(286, '2025-08-05 09:58:25', '2025-08-05 09:58:38', NULL, 627, 16, 'claudia'),
(287, '2025-08-05 09:58:38', '2025-08-07 14:35:26', '52:31:31', 627, 17, 'sofia'),
(288, '2025-08-05 10:00:21', '2025-08-05 10:29:13', NULL, 628, 16, 'claudia'),
(289, '2025-08-05 10:32:15', '2025-08-05 11:03:15', NULL, 629, 16, 'claudia'),
(290, '2025-08-05 10:49:56', '2025-08-05 11:01:10', '00:00:00', 543, 15, 'joaquim'),
(291, '2025-08-05 10:59:43', '2025-08-05 10:59:52', NULL, 630, 17, 'rui'),
(292, '2025-08-05 10:59:52', '2025-08-08 12:01:17', NULL, 630, 15, 'joaquim'),
(293, '2025-08-05 11:03:15', '2025-08-07 08:53:20', '30:29:37', 629, 17, 'sofia'),
(294, '2025-08-05 11:03:31', '2025-08-05 11:16:46', NULL, 631, 16, 'claudia'),
(295, '2025-08-05 11:04:47', NULL, NULL, 596, 15, NULL),
(296, '2025-08-05 11:16:46', '2025-08-07 14:24:26', '47:24:08', 631, 17, 'sofia'),
(297, '2025-08-05 11:17:00', '2025-08-05 11:40:15', NULL, 632, 16, 'claudia'),
(298, '2025-08-05 11:40:15', NULL, '188:23:06', 632, 17, 'sofia'),
(299, '2025-08-05 11:40:55', '2025-08-05 11:49:01', NULL, 633, 16, 'claudia'),
(300, '2025-08-05 11:49:01', '2025-08-08 09:21:39', '69:27:17', 633, 17, 'sofia'),
(301, '2025-08-05 11:49:13', '2025-08-05 12:01:06', NULL, 634, 16, 'claudia'),
(302, '2025-08-05 12:01:06', '2025-08-11 15:43:08', '146:48:44', 634, 17, 'pedro'),
(303, '2025-08-05 13:43:18', '2025-08-07 09:23:45', '43:35:07', 623, 17, 'rui'),
(304, '2025-08-05 13:48:38', '2025-08-05 13:50:37', NULL, 635, 16, 'claudia'),
(305, '2025-08-05 13:50:37', '2025-08-08 09:25:16', '66:10:02', 635, 17, 'rui'),
(306, '2025-08-05 13:56:30', '2025-08-05 14:08:38', NULL, 636, 16, 'claudia'),
(307, '2025-08-05 14:11:35', '2025-08-05 14:29:34', NULL, 637, 16, 'claudia'),
(308, '2025-08-05 14:36:41', NULL, '186:26:47', 638, 16, 'claudia'),
(309, '2025-08-05 14:49:33', '2025-08-05 15:04:32', NULL, 639, 16, 'claudia'),
(310, '2025-08-05 15:05:32', '2025-08-05 15:13:52', NULL, 640, 16, 'claudia'),
(311, '2025-08-05 15:13:52', '2025-08-06 09:27:15', '18:06:41', 640, 17, 'sofia'),
(312, '2025-08-05 15:14:56', '2025-08-05 15:22:35', NULL, 641, 16, 'claudia'),
(313, '2025-08-05 15:22:52', NULL, '185:40:36', 642, 16, 'claudia'),
(314, '2025-08-05 15:47:40', '2025-08-05 15:53:04', NULL, 643, 16, 'claudia'),
(315, '2025-08-05 15:53:04', '2025-08-06 09:35:52', '17:37:39', 643, 17, 'sofia'),
(316, '2025-08-05 15:53:28', '2025-08-05 15:59:39', NULL, 644, 16, 'claudia'),
(317, '2025-08-05 15:59:39', '2025-08-07 09:39:06', '41:24:15', 644, 17, 'rui'),
(318, '2025-08-05 16:00:34', '2025-08-05 16:35:09', NULL, 645, 16, 'claudia'),
(319, '2025-08-05 16:35:09', '2025-08-07 16:01:10', '45:59:07', 645, 17, 'pedro'),
(320, '2025-08-05 16:38:13', '2025-08-05 16:57:52', NULL, 646, 16, 'claudia'),
(321, '2025-08-05 16:57:52', '2025-08-06 15:42:01', '21:34:42', 646, 17, 'sofia'),
(322, '2025-08-05 17:06:08', '2025-08-05 17:07:23', NULL, 647, 16, 'claudia'),
(323, '2025-08-05 17:11:24', '2025-08-05 17:14:23', NULL, 648, 16, 'claudia'),
(324, '2025-08-05 17:12:47', NULL, NULL, 603, 15, NULL),
(325, '2025-08-05 17:14:23', '2025-08-06 17:12:32', '23:55:12', 648, 17, 'sofia'),
(326, '2025-08-05 17:15:21', '2025-08-05 17:28:59', NULL, 649, 16, 'claudia'),
(327, '2025-08-05 17:30:43', '2025-08-05 17:43:18', NULL, 650, 16, 'claudia'),
(328, '2025-08-05 17:46:18', '2025-08-05 18:03:21', NULL, 651, 16, 'claudia'),
(329, '2025-08-05 18:01:31', '2025-08-05 18:01:35', '00:00:00', 589, 15, 'roberto'),
(330, '2025-08-06 08:08:24', '2025-08-06 10:17:16', '00:00:00', 589, 15, 'roberto'),
(331, '2025-08-06 09:07:23', '2025-08-06 09:35:37', '00:00:00', 651, 16, 'claudia'),
(332, '2025-08-06 09:14:06', NULL, NULL, 606, 15, NULL),
(333, '2025-08-06 09:35:56', '2025-08-06 09:44:47', NULL, 652, 16, 'claudia'),
(334, '2025-08-06 09:45:14', '2025-08-06 10:24:28', NULL, 653, 16, 'claudia'),
(335, '2025-08-06 10:24:28', NULL, NULL, 653, 17, NULL),
(336, '2025-08-06 10:26:39', '2025-08-06 10:38:47', NULL, 654, 16, 'claudia'),
(337, '2025-08-06 10:38:47', '2025-08-08 11:22:11', '46:45:09', 654, 17, 'sofia'),
(338, '2025-08-06 10:38:59', '2025-08-06 11:20:38', NULL, 655, 16, 'claudia'),
(339, '2025-08-06 10:54:20', '2025-08-06 15:29:47', '00:00:00', 589, 15, 'roberto'),
(340, '2025-08-06 11:20:38', '2025-08-12 10:45:30', '127:02:53', 655, 17, 'pedro'),
(341, '2025-08-06 11:22:17', '2025-08-06 11:52:50', NULL, 656, 16, 'claudia'),
(342, '2025-08-06 11:52:50', '2025-08-08 15:47:41', '47:34:09', 656, 17, 'sofia'),
(343, '2025-08-06 11:54:20', '2025-08-06 13:45:00', NULL, 657, 17, 'rui'),
(344, '2025-08-06 13:31:38', '2025-08-06 13:48:24', '00:00:00', 651, 16, 'claudia'),
(345, '2025-08-06 13:48:36', '2025-08-06 13:55:53', NULL, 658, 16, 'claudia'),
(346, '2025-08-06 13:55:53', NULL, NULL, 658, 17, NULL),
(347, '2025-08-06 13:58:08', '2025-08-06 14:00:54', NULL, 659, 16, 'claudia'),
(348, '2025-08-06 14:00:54', NULL, '162:02:27', 659, 17, 'sofia'),
(349, '2025-08-06 14:01:55', '2025-08-06 14:18:04', NULL, 660, 16, 'claudia'),
(350, '2025-08-06 14:07:39', '2025-08-06 14:07:58', NULL, 661, 16, 'claudia'),
(351, '2025-08-06 14:07:58', '2025-08-06 14:28:28', '00:00:49', 661, 17, 'sofia'),
(352, '2025-08-06 14:18:04', '2025-08-07 09:18:17', '18:57:13', 660, 17, 'rui'),
(353, '2025-08-06 14:18:50', '2025-08-06 14:26:01', NULL, 662, 16, 'claudia'),
(354, '2025-08-06 14:26:01', '2025-08-07 09:11:11', '18:41:14', 662, 17, 'sofia'),
(355, '2025-08-06 14:31:27', '2025-08-06 14:40:27', NULL, 663, 16, 'claudia'),
(356, '2025-08-06 14:40:27', '2025-08-07 14:48:00', '23:58:30', 663, 17, 'sofia'),
(357, '2025-08-06 14:41:42', '2025-08-06 15:11:23', NULL, 664, 16, 'claudia'),
(358, '2025-08-06 15:11:23', '2025-08-07 09:15:09', '18:01:31', 664, 17, 'rui'),
(359, '2025-08-06 15:12:33', '2025-08-06 15:26:37', NULL, 665, 16, 'claudia'),
(360, '2025-08-06 15:26:37', '2025-08-07 09:18:58', '17:50:56', 665, 17, 'sofia'),
(361, '2025-08-06 15:27:27', '2025-08-06 15:43:18', NULL, 666, 16, 'claudia'),
(362, '2025-08-06 15:43:18', '2025-08-07 08:54:04', '16:59:11', 666, 17, 'rui'),
(363, '2025-08-06 15:44:06', '2025-08-06 17:03:46', NULL, 667, 16, 'claudia'),
(364, '2025-08-06 15:46:51', '2025-08-06 15:55:01', NULL, 668, 16, 'claudia'),
(365, '2025-08-06 15:55:01', '2025-08-07 09:07:52', '16:59:23', 668, 17, 'rui'),
(366, '2025-08-06 15:55:21', '2025-08-06 16:16:43', NULL, 669, 16, 'claudia'),
(367, '2025-08-06 16:16:43', '2025-08-07 09:16:47', '16:58:31', 669, 17, 'sofia'),
(368, '2025-08-06 16:17:41', '2025-08-06 16:21:23', NULL, 670, 16, 'claudia'),
(369, '2025-08-06 16:21:23', '2025-08-07 09:47:17', '16:58:34', 670, 17, 'sofia'),
(370, '2025-08-06 16:21:50', '2025-08-12 15:44:16', '135:46:39', 671, 17, 'rui'),
(371, '2025-08-06 16:22:11', '2025-08-06 16:27:42', NULL, 672, 16, 'claudia'),
(372, '2025-08-06 16:27:42', '2025-08-07 09:02:48', '16:29:51', 672, 17, 'sofia'),
(373, '2025-08-06 16:28:09', '2025-08-06 16:33:59', NULL, 673, 16, 'claudia'),
(374, '2025-08-06 16:33:59', '2025-08-07 09:12:49', '16:34:09', 673, 17, 'rui'),
(375, '2025-08-06 16:36:06', '2025-08-06 16:45:27', NULL, 674, 16, 'claudia'),
(376, '2025-08-06 16:45:27', '2025-08-11 14:32:23', '117:30:27', 674, 17, 'pedro'),
(377, '2025-08-06 16:46:10', '2025-08-06 16:57:48', NULL, 675, 16, 'claudia'),
(378, '2025-08-06 16:52:25', '2025-08-06 18:57:16', NULL, 676, 17, 'rui'),
(379, '2025-08-06 17:04:14', '2025-08-06 17:09:33', '00:00:00', 651, 16, 'claudia'),
(380, '2025-08-06 17:09:48', '2025-08-06 17:17:08', NULL, 677, 16, 'claudia'),
(381, '2025-08-06 17:17:50', '2025-08-06 17:31:45', NULL, 678, 16, 'claudia'),
(382, '2025-08-06 17:33:19', '2025-08-06 17:42:29', NULL, 679, 16, 'claudia'),
(383, '2025-08-06 17:43:27', '2025-08-06 17:48:08', NULL, 680, 16, 'claudia'),
(384, '2025-08-06 17:48:08', '2025-08-07 10:21:56', '16:01:03', 680, 17, 'sofia'),
(385, '2025-08-06 17:48:53', '2025-08-06 18:00:33', NULL, 681, 16, 'claudia'),
(386, '2025-08-06 18:00:33', '2025-08-07 09:13:58', '15:11:55', 681, 17, 'sofia'),
(387, '2025-08-07 08:53:20', NULL, NULL, 629, 15, NULL),
(388, '2025-08-07 09:03:16', '2025-08-07 09:14:00', '00:00:00', 651, 16, 'claudia'),
(389, '2025-08-07 09:14:12', '2025-08-07 09:27:24', NULL, 682, 16, 'claudia'),
(390, '2025-08-07 09:27:24', '2025-08-08 17:17:35', '30:23:42', 682, 17, 'sofia'),
(391, '2025-08-07 09:33:35', '2025-08-07 09:48:37', NULL, 683, 16, 'claudia'),
(392, '2025-08-07 09:48:37', '2025-08-11 10:26:43', '31:33:18', 683, 17, 'sofia'),
(393, '2025-08-07 09:49:14', '2025-08-07 09:56:02', NULL, 684, 16, 'claudia'),
(394, '2025-08-07 09:56:02', '2025-08-11 10:51:34', '96:41:41', 684, 17, 'sofia'),
(395, '2025-08-07 09:56:32', '2025-08-07 10:44:52', NULL, 685, 16, 'claudia'),
(396, '2025-08-07 10:01:30', '2025-08-07 18:00:31', '00:00:00', 589, 15, 'roberto'),
(397, '2025-08-07 10:44:52', '2025-08-11 14:23:25', '96:10:55', 685, 17, 'sofia'),
(398, '2025-08-07 10:45:29', '2025-08-07 11:05:25', NULL, 686, 16, 'claudia'),
(399, '2025-08-07 11:05:25', '2025-08-11 11:49:18', '95:30:45', 686, 17, 'pedro'),
(400, '2025-08-07 11:06:31', '2025-08-07 11:50:25', NULL, 687, 16, 'claudia'),
(401, '2025-08-07 11:50:25', '2025-08-11 16:22:32', '100:04:25', 687, 17, 'pedro'),
(402, '2025-08-07 11:50:59', '2025-08-07 13:36:32', NULL, 688, 16, 'claudia'),
(403, '2025-08-07 13:36:32', NULL, NULL, 688, 17, NULL),
(404, '2025-08-07 13:39:18', '2025-08-07 13:48:39', NULL, 689, 16, 'claudia'),
(405, '2025-08-07 13:48:39', '2025-08-13 11:04:35', '140:51:52', 689, 17, 'pedro'),
(406, '2025-08-07 13:48:55', '2025-08-07 14:18:08', NULL, 690, 16, 'claudia'),
(407, '2025-08-07 14:18:08', '2025-08-11 16:26:37', '96:22:48', 690, 17, 'sofia'),
(408, '2025-08-07 14:22:24', '2025-08-07 14:54:08', NULL, 691, 16, 'claudia'),
(409, '2025-08-07 14:24:26', NULL, NULL, 631, 15, NULL),
(410, '2025-08-07 14:33:20', NULL, NULL, 572, 15, NULL),
(411, '2025-08-07 14:54:08', '2025-08-11 18:21:04', '97:36:24', 691, 17, 'sofia'),
(412, '2025-08-07 14:58:04', '2025-08-07 15:10:04', NULL, 692, 16, 'claudia'),
(413, '2025-08-07 15:10:04', '2025-08-11 13:50:30', '92:47:38', 692, 17, 'pedro'),
(414, '2025-08-07 15:10:18', '2025-08-07 15:16:27', NULL, 693, 16, 'claudia'),
(415, '2025-08-07 15:16:27', '2025-08-11 18:36:04', '99:08:03', 693, 17, 'sofia'),
(416, '2025-08-07 15:16:42', '2025-08-07 15:29:01', NULL, 694, 16, 'claudia'),
(417, '2025-08-07 15:29:01', '2025-08-11 14:49:43', '95:03:29', 694, 17, 'pedro'),
(418, '2025-08-07 15:29:39', '2025-08-07 16:28:38', NULL, 695, 16, 'claudia'),
(419, '2025-08-07 15:38:28', '2025-08-08 07:58:48', '16:20:11', 696, 17, 'rui'),
(420, '2025-08-07 16:28:38', '2025-08-11 17:43:26', '95:54:00', 695, 17, 'pedro'),
(421, '2025-08-07 16:28:47', '2025-08-07 16:29:05', NULL, 697, 16, 'claudia'),
(422, '2025-08-07 16:29:05', '2025-08-12 15:52:47', '119:21:25', 697, 17, 'pedro'),
(423, '2025-08-07 16:29:18', '2025-08-07 16:29:42', NULL, 698, 16, 'claudia'),
(424, '2025-08-07 16:29:42', '2025-08-12 15:50:07', '119:18:04', 698, 17, 'pedro'),
(425, '2025-08-07 16:30:03', '2025-08-07 16:36:33', NULL, 699, 16, 'claudia'),
(426, '2025-08-07 16:36:33', '2025-08-11 18:16:33', '97:08:52', 699, 17, 'pedro'),
(427, '2025-08-07 16:36:50', NULL, '136:26:38', 700, 16, 'claudia'),
(428, '2025-08-07 16:45:34', '2025-08-07 16:51:51', NULL, 701, 16, 'claudia'),
(429, '2025-08-07 16:51:51', '2025-08-11 18:23:21', '97:25:38', 701, 17, 'pedro'),
(430, '2025-08-07 16:52:07', '2025-08-07 17:02:13', NULL, 702, 16, 'claudia'),
(431, '2025-08-07 17:02:13', '2025-08-12 09:58:10', '97:40:58', 702, 17, 'sofia'),
(432, '2025-08-07 17:02:46', '2025-08-07 17:31:22', NULL, 703, 16, 'claudia'),
(433, '2025-08-07 17:31:22', '2025-08-12 14:32:04', '112:28:51', 703, 17, 'sofia'),
(434, '2025-08-07 17:31:38', '2025-08-07 17:36:10', '00:00:00', 651, 16, 'claudia'),
(435, '2025-08-07 17:36:23', '2025-08-07 17:40:09', NULL, 704, 16, 'claudia'),
(436, '2025-08-07 17:40:13', '2025-08-07 18:02:40', '00:00:00', 651, 16, 'claudia'),
(437, '2025-08-08 09:14:40', '2025-08-08 09:30:59', '00:00:00', 651, 16, 'claudia'),
(438, '2025-08-08 09:25:19', '2025-08-08 11:16:29', '00:00:00', 676, 17, 'rui'),
(439, '2025-08-08 09:31:12', '2025-08-08 10:23:09', NULL, 705, 16, 'claudia'),
(440, '2025-08-08 10:23:09', '2025-08-13 10:18:49', '102:22:01', 705, 17, 'pedro'),
(441, '2025-08-08 10:23:55', '2025-08-08 10:38:21', NULL, 706, 16, 'claudia'),
(442, '2025-08-08 10:38:21', '2025-08-12 14:46:48', '99:46:02', 706, 17, 'pedro'),
(443, '2025-08-08 10:38:34', '2025-08-08 11:16:49', NULL, 707, 16, 'claudia'),
(444, '2025-08-08 10:54:39', '2025-08-08 10:59:20', NULL, 708, 16, 'claudia'),
(445, '2025-08-08 10:59:20', '2025-08-11 10:36:11', '71:30:24', 708, 17, 'sofia'),
(446, '2025-08-08 11:16:49', '2025-08-12 15:45:25', '99:30:07', 707, 17, 'pedro'),
(447, '2025-08-08 11:17:25', '2025-08-08 11:44:24', NULL, 709, 16, 'claudia'),
(448, '2025-08-08 11:22:11', NULL, NULL, 654, 15, NULL),
(449, '2025-08-08 11:44:24', NULL, NULL, 709, 17, NULL),
(450, '2025-08-08 11:44:38', '2025-08-13 11:43:45', '117:18:50', 710, 16, 'claudia'),
(451, '2025-08-08 11:47:58', NULL, '117:15:30', 711, 16, 'claudia'),
(452, '2025-08-08 11:57:10', '2025-08-08 13:51:37', NULL, 712, 16, 'claudia'),
(453, '2025-08-08 13:33:33', '2025-08-11 15:46:00', '00:00:00', 583, 17, 'rui'),
(454, '2025-08-08 13:51:37', '2025-08-12 13:52:34', '93:47:17', 712, 17, 'pedro'),
(455, '2025-08-08 13:51:47', NULL, '115:11:41', 713, 16, 'claudia'),
(456, '2025-08-08 13:56:56', '2025-08-08 14:08:58', NULL, 714, 16, 'claudia'),
(457, '2025-08-08 14:08:58', '2025-08-12 14:24:13', '95:43:49', 714, 17, 'pedro'),
(458, '2025-08-08 14:09:18', '2025-08-08 14:13:23', NULL, 715, 16, 'claudia'),
(459, '2025-08-08 14:13:23', '2025-08-12 14:50:28', '96:30:08', 715, 17, 'sofia'),
(460, '2025-08-08 14:13:47', '2025-08-08 14:35:44', NULL, 716, 16, 'claudia'),
(461, '2025-08-08 14:35:44', '2025-08-12 17:12:42', '96:18:42', 716, 17, 'sofia'),
(462, '2025-08-08 14:36:02', '2025-08-08 15:01:11', NULL, 717, 16, 'claudia'),
(463, '2025-08-08 15:01:11', '2025-08-13 09:38:49', '98:16:31', 717, 17, 'sofia'),
(464, '2025-08-08 15:01:37', '2025-08-08 15:28:26', NULL, 718, 16, 'claudia'),
(465, '2025-08-08 15:28:26', '2025-08-13 13:43:54', '115:39:37', 718, 17, 'pedro'),
(466, '2025-08-08 15:28:49', '2025-08-08 15:40:49', NULL, 719, 16, 'claudia'),
(467, '2025-08-08 15:40:49', '2025-08-13 15:36:48', '118:25:31', 719, 17, 'pedro'),
(468, '2025-08-08 15:41:06', '2025-08-08 15:45:23', NULL, 720, 16, 'claudia'),
(469, '2025-08-08 15:45:23', '2025-08-13 13:50:43', '118:00:14', 720, 17, 'pedro'),
(470, '2025-08-08 15:45:36', '2025-08-08 16:17:35', NULL, 721, 16, 'claudia'),
(471, '2025-08-08 15:47:41', NULL, NULL, 656, 15, NULL),
(472, '2025-08-08 16:17:35', NULL, NULL, 721, 17, NULL),
(473, '2025-08-08 16:18:19', '2025-08-08 16:33:04', NULL, 722, 16, 'claudia'),
(474, '2025-08-08 16:33:04', '2025-08-13 13:53:34', '117:17:53', 722, 17, 'pedro'),
(475, '2025-08-08 16:33:26', '2025-08-08 17:10:13', NULL, 723, 16, 'claudia'),
(476, '2025-08-08 17:10:13', '2025-08-13 15:48:26', '117:53:14', 723, 17, 'sofia'),
(477, '2025-08-08 17:17:35', NULL, NULL, 682, 15, NULL),
(478, '2025-08-08 17:38:36', '2025-08-08 17:58:09', NULL, 724, 16, 'claudia'),
(479, '2025-08-08 17:58:35', '2025-08-08 18:17:17', NULL, 725, 16, 'claudia'),
(480, '2025-08-08 18:17:17', NULL, NULL, 725, 17, NULL),
(481, '2025-08-09 11:59:59', NULL, NULL, 602, 15, NULL),
(482, '2025-08-11 08:01:08', '2025-08-12 16:30:34', '23:57:27', 630, 15, 'joaquim'),
(483, '2025-08-11 08:17:20', '2025-08-11 08:17:31', NULL, 726, 17, 'rui'),
(484, '2025-08-11 08:17:31', '2025-08-11 09:45:39', NULL, 726, 17, 'pedro'),
(485, '2025-08-11 09:12:30', '2025-08-11 09:45:53', NULL, 727, 16, 'claudia'),
(486, '2025-08-11 09:46:14', '2025-08-11 09:52:45', NULL, 728, 16, 'claudia'),
(487, '2025-08-11 09:52:45', NULL, NULL, 728, 17, NULL),
(488, '2025-08-11 09:53:24', NULL, '47:10:04', 729, 16, 'claudia'),
(489, '2025-08-11 09:56:38', '2025-08-11 10:41:57', NULL, 730, 16, 'claudia'),
(490, '2025-08-11 10:26:43', NULL, NULL, 683, 15, NULL),
(491, '2025-08-11 10:41:57', NULL, NULL, 730, 17, NULL),
(492, '2025-08-11 10:42:21', '2025-08-11 10:53:30', NULL, 731, 16, 'claudia'),
(493, '2025-08-11 10:53:30', '2025-08-13 15:38:38', '52:43:27', 731, 17, 'pedro'),
(494, '2025-08-11 10:53:44', '2025-08-11 11:06:35', NULL, 732, 16, 'claudia'),
(495, '2025-08-11 11:06:35', NULL, NULL, 732, 17, NULL),
(496, '2025-08-11 11:06:54', '2025-08-11 13:32:39', NULL, 733, 16, 'claudia'),
(497, '2025-08-11 11:49:18', NULL, NULL, 686, 15, NULL),
(498, '2025-08-11 13:32:40', NULL, NULL, 733, 17, NULL),
(499, '2025-08-11 13:32:52', '2025-08-11 13:33:13', NULL, 734, 16, 'claudia'),
(500, '2025-08-11 13:33:13', NULL, NULL, 734, 17, NULL),
(501, '2025-08-11 13:33:50', '2025-08-11 13:34:04', NULL, 735, 16, 'claudia'),
(502, '2025-08-11 13:34:04', '2025-08-13 15:44:59', '50:06:31', 735, 17, 'pedro'),
(503, '2025-08-11 13:34:26', '2025-08-11 14:23:07', NULL, 736, 16, 'claudia'),
(504, '2025-08-11 13:50:30', NULL, NULL, 692, 15, NULL),
(505, '2025-08-11 14:23:07', NULL, NULL, 736, 17, NULL),
(506, '2025-08-11 14:23:25', NULL, NULL, 685, 15, NULL),
(507, '2025-08-11 14:24:36', '2025-08-11 14:37:48', NULL, 737, 16, 'claudia'),
(508, '2025-08-11 14:37:48', NULL, NULL, 737, 17, NULL),
(509, '2025-08-11 14:39:09', '2025-08-11 14:54:52', NULL, 738, 16, 'claudia'),
(510, '2025-08-11 14:49:43', NULL, NULL, 694, 15, NULL),
(511, '2025-08-11 14:54:52', NULL, NULL, 738, 17, NULL),
(512, '2025-08-11 14:57:33', '2025-08-11 14:58:29', NULL, 739, 16, 'claudia'),
(513, '2025-08-11 14:58:29', NULL, NULL, 739, 17, NULL),
(514, '2025-08-11 14:58:43', '2025-08-11 15:09:53', NULL, 740, 16, 'claudia'),
(515, '2025-08-11 15:09:53', NULL, NULL, 740, 17, NULL),
(516, '2025-08-11 15:10:07', '2025-08-11 15:39:30', NULL, 741, 16, 'claudia'),
(517, '2025-08-11 15:39:30', NULL, NULL, 741, 17, NULL),
(518, '2025-08-11 15:40:12', '2025-08-11 15:48:34', NULL, 742, 16, 'claudia'),
(519, '2025-08-11 15:48:34', NULL, NULL, 742, 17, NULL),
(520, '2025-08-11 15:48:46', '2025-08-11 16:30:52', NULL, 743, 16, 'claudia'),
(521, '2025-08-11 16:30:52', NULL, NULL, 743, 17, NULL),
(522, '2025-08-11 16:31:35', '2025-08-11 17:13:47', NULL, 744, 16, 'claudia'),
(523, '2025-08-11 17:13:47', NULL, NULL, 744, 17, NULL),
(524, '2025-08-11 17:14:20', '2025-08-11 17:28:27', NULL, 745, 16, 'claudia'),
(525, '2025-08-11 17:28:27', NULL, NULL, 745, 17, NULL),
(526, '2025-08-11 17:29:51', '2025-08-11 17:40:49', NULL, 746, 16, 'claudia'),
(527, '2025-08-11 17:40:49', NULL, NULL, 746, 17, NULL),
(528, '2025-08-11 17:41:42', '2025-08-11 17:50:42', NULL, 747, 16, 'claudia'),
(529, '2025-08-11 17:43:26', NULL, NULL, 695, 15, NULL),
(530, '2025-08-11 17:50:42', '2025-08-13 15:40:22', '45:48:16', 747, 17, 'pedro'),
(531, '2025-08-11 17:51:37', '2025-08-11 18:00:23', '00:00:00', 727, 16, 'claudia'),
(532, '2025-08-11 18:21:04', NULL, NULL, 691, 15, NULL),
(533, '2025-08-12 09:02:30', '2025-08-12 09:24:04', '00:00:00', 727, 16, 'claudia'),
(534, '2025-08-12 09:24:19', '2025-08-12 09:29:04', NULL, 748, 16, 'claudia'),
(535, '2025-08-12 09:29:04', '2025-08-13 10:21:35', '24:51:06', 748, 17, 'pedro'),
(536, '2025-08-12 09:42:31', '2025-08-12 09:48:30', NULL, 749, 16, 'claudia'),
(537, '2025-08-12 09:48:39', '2025-08-12 09:58:18', NULL, 750, 16, 'claudia'),
(538, '2025-08-12 09:58:10', NULL, NULL, 702, 15, NULL),
(539, '2025-08-12 09:59:48', '2025-08-12 10:37:17', '00:00:00', 727, 16, 'claudia'),
(540, '2025-08-12 10:37:37', '2025-08-12 10:49:17', NULL, 751, 16, 'claudia'),
(541, '2025-08-12 10:45:30', NULL, NULL, 655, 15, NULL),
(542, '2025-08-12 10:49:17', NULL, NULL, 751, 17, NULL),
(543, '2025-08-12 10:49:33', '2025-08-12 16:17:08', NULL, 752, 16, 'claudia'),
(544, '2025-08-12 10:52:01', '2025-08-12 11:37:12', NULL, 753, 16, 'claudia'),
(545, '2025-08-12 11:37:12', NULL, NULL, 753, 17, NULL),
(546, '2025-08-12 11:39:51', '2025-08-12 14:19:50', NULL, 754, 16, 'claudia'),
(547, '2025-08-12 12:04:31', '2025-08-12 15:43:10', '00:00:00', 583, 17, 'rui'),
(548, '2025-08-12 13:52:34', NULL, NULL, 712, 15, NULL),
(549, '2025-08-12 14:19:50', NULL, NULL, 754, 17, NULL),
(550, '2025-08-12 14:20:53', '2025-08-12 14:35:30', NULL, 755, 16, 'claudia'),
(551, '2025-08-12 14:24:13', NULL, NULL, 714, 15, NULL),
(552, '2025-08-12 14:32:04', NULL, NULL, 703, 15, NULL),
(553, '2025-08-12 14:35:30', NULL, NULL, 755, 17, NULL),
(554, '2025-08-12 14:36:05', '2025-08-12 14:49:25', NULL, 756, 16, 'claudia'),
(555, '2025-08-12 14:49:25', NULL, NULL, 756, 17, NULL),
(556, '2025-08-12 14:49:33', '2025-08-12 15:00:21', NULL, 757, 16, 'claudia'),
(557, '2025-08-12 15:00:21', NULL, NULL, 757, 17, NULL),
(558, '2025-08-12 15:00:42', NULL, '18:02:46', 758, 16, 'claudia'),
(559, '2025-08-12 15:01:31', '2025-08-12 15:10:40', NULL, 759, 16, 'claudia'),
(560, '2025-08-12 15:10:40', NULL, NULL, 759, 17, NULL),
(561, '2025-08-12 15:10:57', '2025-08-12 15:21:48', NULL, 760, 16, 'claudia'),
(562, '2025-08-12 15:21:48', NULL, NULL, 760, 17, NULL),
(563, '2025-08-12 15:38:24', '2025-08-12 15:55:49', NULL, 761, 16, 'claudia'),
(564, '2025-08-12 15:43:25', '2025-08-12 15:43:35', '00:00:00', 615, 17, 'rui'),
(565, '2025-08-12 15:43:35', '2025-08-12 18:00:00', NULL, 615, 15, 'roberto'),
(566, '2025-08-12 15:45:25', NULL, NULL, 707, 15, NULL),
(567, '2025-08-12 15:47:51', NULL, '16:27:00', 762, 17, 'rui'),
(568, '2025-08-12 15:53:19', '2025-08-12 16:44:59', '00:00:00', 726, 17, 'pedro'),
(569, '2025-08-12 15:55:49', NULL, NULL, 761, 17, NULL),
(570, '2025-08-12 16:17:08', NULL, NULL, 752, 17, NULL),
(571, '2025-08-12 16:17:36', '2025-08-12 16:26:28', NULL, 763, 16, 'claudia'),
(572, '2025-08-12 16:26:28', NULL, NULL, 763, 17, NULL),
(573, '2025-08-12 16:27:56', '2025-08-12 16:31:56', NULL, 764, 16, 'claudia'),
(574, '2025-08-12 16:31:56', NULL, NULL, 764, 17, NULL),
(575, '2025-08-12 16:32:25', '2025-08-12 16:37:10', NULL, 765, 16, 'claudia'),
(576, '2025-08-12 16:37:10', '2025-08-13 10:35:26', '17:56:06', 765, 17, 'pedro'),
(577, '2025-08-12 16:38:06', NULL, '16:25:22', 766, 16, 'claudia'),
(578, '2025-08-12 16:48:37', '2025-08-12 17:11:01', NULL, 767, 16, 'claudia'),
(579, '2025-08-12 17:00:48', '2025-08-12 17:00:58', NULL, 768, 17, 'rui'),
(580, '2025-08-12 17:00:58', NULL, '15:04:32', 768, 15, 'joaquim'),
(581, '2025-08-12 17:01:24', '2025-08-12 17:01:31', NULL, 769, 17, 'rui'),
(582, '2025-08-12 17:01:31', NULL, '15:11:36', 769, 15, 'roberto'),
(583, '2025-08-12 17:01:42', '2025-08-12 17:01:49', NULL, 770, 17, 'rui'),
(584, '2025-08-12 17:01:49', NULL, '15:11:18', 770, 15, 'roberto'),
(585, '2025-08-12 17:11:01', NULL, NULL, 767, 17, NULL),
(586, '2025-08-12 17:12:42', NULL, NULL, 716, 15, NULL),
(587, '2025-08-12 17:14:15', '2025-08-12 17:21:20', NULL, 771, 16, 'claudia'),
(588, '2025-08-12 17:21:20', '2025-08-13 10:23:41', '17:00:26', 771, 17, 'pedro'),
(589, '2025-08-12 17:21:29', NULL, '15:41:59', 772, 16, 'claudia'),
(590, '2025-08-12 17:24:05', '2025-08-12 17:28:46', NULL, 773, 16, 'claudia'),
(591, '2025-08-12 17:28:46', '2025-08-13 10:29:35', '16:55:03', 773, 17, 'pedro'),
(592, '2025-08-12 17:34:29', '2025-08-12 17:50:05', NULL, 774, 16, 'claudia'),
(593, '2025-08-12 17:49:01', '2025-08-12 17:49:08', NULL, 775, 17, 'rui'),
(594, '2025-08-12 17:49:08', '2025-08-13 15:01:06', '14:14:13', 775, 17, 'sofia'),
(595, '2025-08-12 17:50:42', '2025-08-12 17:53:01', NULL, 776, 16, 'claudia'),
(596, '2025-08-12 17:53:01', '2025-08-13 10:32:54', '16:38:41', 776, 17, 'pedro'),
(597, '2025-08-12 17:53:27', '2025-08-12 17:58:51', NULL, 777, 16, 'claudia'),
(598, '2025-08-12 17:58:51', '2025-08-13 10:31:37', '16:31:30', 777, 17, 'pedro'),
(599, '2025-08-13 08:13:12', '2025-08-13 15:51:37', '00:00:00', 615, 15, 'roberto'),
(600, '2025-08-13 09:03:35', '2025-08-13 09:25:35', '00:00:00', 727, 16, 'claudia'),
(601, '2025-08-13 09:25:55', '2025-08-13 09:29:07', NULL, 778, 16, 'claudia'),
(602, '2025-08-13 09:29:07', NULL, NULL, 778, 17, NULL),
(603, '2025-08-13 09:54:23', '2025-08-13 09:56:52', NULL, 779, 16, 'claudia'),
(604, '2025-08-13 09:56:52', NULL, NULL, 779, 17, NULL),
(605, '2025-08-13 09:57:06', '2025-08-13 10:19:01', NULL, 780, 16, 'claudia'),
(606, '2025-08-13 10:01:19', NULL, NULL, 781, 17, 'rui'),
(607, '2025-08-13 10:18:49', NULL, NULL, 705, 15, NULL),
(608, '2025-08-13 10:19:01', NULL, NULL, 780, 17, NULL),
(609, '2025-08-13 10:23:55', NULL, NULL, 782, 16, 'claudia'),
(610, '2025-08-13 11:43:45', NULL, NULL, 710, 17, NULL),
(611, '2025-08-13 11:44:42', '2025-08-13 11:51:45', NULL, 783, 16, 'claudia'),
(612, '2025-08-13 11:51:45', NULL, NULL, 783, 17, NULL),
(613, '2025-08-13 11:57:10', '2025-08-13 13:36:46', '00:00:00', 727, 16, 'claudia'),
(614, '2025-08-13 13:30:39', NULL, NULL, 784, 17, 'rui'),
(615, '2025-08-13 13:37:06', '2025-08-13 13:44:06', NULL, 785, 16, 'claudia'),
(616, '2025-08-13 13:44:06', NULL, NULL, 785, 17, NULL),
(617, '2025-08-13 13:46:47', '2025-08-13 14:04:40', NULL, 786, 16, 'claudia'),
(618, '2025-08-13 14:04:40', NULL, NULL, 786, 17, NULL),
(619, '2025-08-13 14:09:24', '2025-08-13 14:46:08', NULL, 787, 16, 'claudia'),
(620, '2025-08-13 14:57:07', '2025-08-13 15:13:13', NULL, 788, 16, 'claudia'),
(621, '2025-08-13 15:32:09', '2025-08-13 15:36:53', NULL, 789, 16, 'claudia'),
(622, '2025-08-13 15:36:48', NULL, NULL, 719, 15, NULL),
(623, '2025-08-13 15:36:53', NULL, NULL, 789, 17, NULL),
(624, '2025-08-13 15:37:10', '2025-08-13 15:38:32', NULL, 790, 16, 'claudia'),
(625, '2025-08-13 15:38:32', NULL, NULL, 790, 17, NULL),
(626, '2025-08-13 15:45:37', '2025-08-13 15:48:55', NULL, 791, 16, 'claudia'),
(627, '2025-08-13 15:48:26', NULL, NULL, 723, 15, NULL),
(628, '2025-08-13 15:48:55', NULL, NULL, 791, 17, NULL);

-- --------------------------------------------------------

--
-- Estrutura da tabela `finalizar_dia`
--

CREATE TABLE `finalizar_dia` (
  `id` int(11) NOT NULL,
  `tarefa_id` int(11) DEFAULT NULL,
  `utilizador` varchar(255) NOT NULL,
  `datahora_fimdedia` datetime DEFAULT NULL,
  `datahora_iniciodiaseguinte` datetime DEFAULT NULL
) ENGINE=InnoDB DEFAULT CHARSET=utf8mb4 COLLATE=utf8mb4_general_ci;

--
-- Extraindo dados da tabela `finalizar_dia`
--

INSERT INTO `finalizar_dia` (`id`, `tarefa_id`, `utilizador`, `datahora_fimdedia`, `datahora_iniciodiaseguinte`) VALUES
(116, NULL, 'rui', '2025-07-30 19:01:52', '2025-07-31 08:03:50'),
(117, NULL, 'claudia', '2025-07-30 18:05:38', '2025-07-31 09:04:37'),
(118, 541, 'pedro', '2025-07-30 19:00:08', '2025-07-31 08:00:12'),
(119, NULL, 'claudia', '2025-07-31 18:08:12', '2025-08-01 09:03:45'),
(120, 550, 'sofia', '2025-07-31 19:00:03', '2025-08-01 08:00:14'),
(121, 566, 'pedro', '2025-07-31 19:00:03', '2025-08-01 08:00:18'),
(122, NULL, 'rui', '2025-07-31 19:01:21', '2025-08-01 08:08:35'),
(123, NULL, 'joaquim', '2025-07-31 19:03:03', '2025-08-01 07:59:55'),
(124, 594, 'sofia', '2025-08-01 18:00:03', '2025-08-04 08:00:37'),
(125, NULL, 'roberto', '2025-08-01 18:02:36', '2025-08-04 08:07:04'),
(126, NULL, 'joaquim', '2025-08-01 18:03:18', '2025-08-02 07:57:53'),
(127, NULL, 'claudia', '2025-08-01 18:03:53', '2025-08-04 09:05:55'),
(128, 601, 'pedro', '2025-08-01 19:00:20', '2025-08-02 08:00:14'),
(129, 583, 'rui', '2025-08-01 19:01:17', '2025-08-02 08:06:07'),
(130, 559, 'pedro', '2025-08-02 12:00:17', '2025-08-04 08:00:22'),
(131, 583, 'rui', '2025-08-02 12:00:53', '2025-08-04 08:05:52'),
(132, 543, 'joaquim', '2025-08-02 12:09:41', '2025-08-04 10:19:29'),
(133, NULL, 'claudia', '2025-08-04 17:29:06', '2025-08-05 09:03:19'),
(134, NULL, 'roberto', '2025-08-04 18:01:03', '2025-08-05 08:09:28'),
(135, NULL, 'joaquim', '2025-08-04 18:04:11', '2025-08-05 08:04:12'),
(136, 608, 'pedro', '2025-08-04 19:00:20', '2025-08-05 08:00:40'),
(137, 558, 'sofia', '2025-08-04 19:00:31', '2025-08-05 08:00:38'),
(138, 615, 'rui', '2025-08-04 19:02:47', '2025-08-05 08:04:23'),
(139, 606, 'sofia', '2025-08-05 18:00:38', '2025-08-06 08:00:17'),
(140, NULL, 'roberto', '2025-08-05 18:01:36', '2025-08-06 08:08:21'),
(141, NULL, 'claudia', '2025-08-05 18:03:22', '2025-08-06 09:06:22'),
(142, 615, 'rui', '2025-08-05 18:03:51', '2025-08-06 08:07:02'),
(143, 608, 'pedro', '2025-08-05 19:00:08', '2025-08-06 08:00:21'),
(144, 630, 'joaquim', '2025-08-05 19:02:58', '2025-08-06 08:09:26'),
(145, NULL, 'roberto', '2025-08-06 18:00:51', '2025-08-07 08:10:24'),
(146, NULL, 'claudia', '2025-08-06 18:01:48', '2025-08-07 09:02:14'),
(147, 630, 'joaquim', '2025-08-06 18:03:48', '2025-08-07 08:03:00'),
(148, 629, 'sofia', '2025-08-06 19:00:13', '2025-08-07 08:00:17'),
(149, 608, 'pedro', '2025-08-06 19:00:28', '2025-08-07 08:00:20'),
(150, NULL, 'rui', '2025-08-06 19:04:17', '2025-08-07 08:07:56'),
(151, 632, 'sofia', '2025-08-07 18:00:07', '2025-08-08 08:00:07'),
(152, NULL, 'roberto', '2025-08-07 18:00:33', '2025-08-08 08:08:08'),
(153, NULL, 'claudia', '2025-08-07 18:02:41', '2025-08-08 09:05:31'),
(154, 602, 'pedro', '2025-08-07 19:00:16', '2025-08-08 07:59:40'),
(155, 630, 'joaquim', '2025-08-07 19:02:01', '2025-08-08 07:57:21'),
(156, NULL, 'rui', '2025-08-07 19:03:27', '2025-08-08 07:58:39'),
(157, NULL, 'joaquim', '2025-08-08 12:01:18', '2025-08-11 08:00:22'),
(158, NULL, 'roberto', '2025-08-08 17:59:22', '2025-08-11 08:09:17'),
(159, 683, 'sofia', '2025-08-08 18:00:10', '2025-08-11 08:00:58'),
(160, NULL, 'claudia', '2025-08-08 18:17:19', '2025-08-11 09:12:06'),
(161, 602, 'pedro', '2025-08-08 19:00:19', '2025-08-09 08:00:07'),
(162, 583, 'rui', '2025-08-08 19:06:36', '2025-08-11 08:04:05'),
(163, NULL, 'pedro', '2025-08-09 12:00:34', '2025-08-11 08:00:55'),
(164, NULL, 'claudia', '2025-08-11 18:00:28', '2025-08-12 09:02:25'),
(165, NULL, 'roberto', '2025-08-11 18:01:22', '2025-08-12 08:21:01'),
(166, 655, 'pedro', '2025-08-11 19:00:07', '2025-08-12 08:00:13'),
(167, 702, 'sofia', '2025-08-11 19:00:07', '2025-08-12 08:01:38'),
(168, NULL, 'rui', '2025-08-11 19:01:13', '2025-08-12 08:08:29'),
(169, NULL, 'joaquim', '2025-08-11 19:01:37', '2025-08-12 07:58:35'),
(170, 717, 'sofia', '2025-08-12 18:00:04', '2025-08-13 08:03:21'),
(171, NULL, 'roberto', '2025-08-12 18:00:07', '2025-08-13 08:13:07'),
(172, 705, 'pedro', '2025-08-12 18:02:21', '2025-08-13 08:02:59'),
(173, NULL, 'rui', '2025-08-12 18:02:23', '2025-08-13 08:14:51'),
(174, NULL, 'joaquim', '2025-08-12 18:03:05', '2025-08-13 08:05:30'),
(175, NULL, 'claudia', '2025-08-12 18:05:01', '2025-08-13 09:03:28'),
(176, NULL, 'roberto', '2025-08-13 15:51:39', NULL),
(177, NULL, 'sofia', '2025-08-13 15:52:40', NULL),
(178, NULL, 'pedro', '2025-08-13 15:52:49', NULL),
(179, NULL, 'claudia', '2025-08-13 15:57:34', NULL),
(180, NULL, 'rui', '2025-08-13 16:02:14', NULL),
(181, 768, 'joaquim', '2025-08-13 16:04:56', NULL);

-- --------------------------------------------------------

--
-- Estrutura da tabela `funcionarios`
--

CREATE TABLE `funcionarios` (
  `utilizador` varchar(50) NOT NULL,
  `departamento` int(11) NOT NULL,
  `nome` varchar(100) NOT NULL,
  `estado` enum('inativo','ativo') NOT NULL DEFAULT 'ativo',
  `criar_tarefa` enum('inativo','ativo') NOT NULL DEFAULT 'inativo',
  `numero` varchar(20) NOT NULL,
  `email` varchar(100) DEFAULT NULL,
  `horario_id` int(11) DEFAULT NULL,
  `relatorio_acesso` enum('utilizador','todos') DEFAULT 'utilizador',
  `password` varchar(100) NOT NULL
) ENGINE=InnoDB DEFAULT CHARSET=utf8mb4 COLLATE=utf8mb4_general_ci;

--
-- Extraindo dados da tabela `funcionarios`
--

INSERT INTO `funcionarios` (`utilizador`, `departamento`, `nome`, `estado`, `criar_tarefa`, `numero`, `email`, `horario_id`, `relatorio_acesso`, `password`) VALUES
('amandio', 18, 'Amandio Pereira', 'ativo', 'ativo', '47', '', NULL, 'todos', '123'),
('claudia', 16, 'Claudia Santos', 'ativo', 'ativo', '46', 'csantos@portosmobiliario.com', NULL, 'utilizador', '123'),
('joaquim', 15, 'Joaquim Pereira', 'ativo', 'inativo', '11', 'gabtec@portosmobiliario.com', 3, 'utilizador', '123'),
('pedro', 17, 'Pedro Ribeiro', 'ativo', 'inativo', '89', 'gabtec@portosmobiliario.com', 3, 'utilizador', '123'),
('roberto', 15, 'Roberto Nunes', 'ativo', 'inativo', '105', 'gabtec@portosmobiliario.com', 3, 'utilizador', '123'),
('rui', 17, 'Rui Nunes', 'ativo', 'ativo', '62', 'gabtec@portosmobiliario.com', NULL, 'todos', '123'),
('sofia', 17, 'Sofia Ferreira', 'ativo', 'inativo', '96', 'gabtec@portosmobiliario.com', 3, 'utilizador', '123');

-- --------------------------------------------------------

--
-- Estrutura da tabela `horarios`
--

CREATE TABLE `horarios` (
  `id` int(11) NOT NULL,
  `nome` varchar(100) NOT NULL,
  `dias_semana` varchar(255) DEFAULT NULL,
  `hora_inicio` time NOT NULL,
  `tempo_notificacao` int(11) NOT NULL
) ENGINE=InnoDB DEFAULT CHARSET=utf8 COLLATE=utf8_general_ci;

--
-- Extraindo dados da tabela `horarios`
--

INSERT INTO `horarios` (`id`, `nome`, `dias_semana`, `hora_inicio`, `tempo_notificacao`) VALUES
(3, 'Portos', 'Segunda,Terca,Quarta,Quinta,Sexta', '08:00:00', 10);

-- --------------------------------------------------------

--
-- Estrutura da tabela `motivos_ausencia`
--

CREATE TABLE `motivos_ausencia` (
  `id` int(11) NOT NULL,
  `codigo` varchar(10) NOT NULL,
  `descricao` varchar(255) NOT NULL
) ENGINE=InnoDB DEFAULT CHARSET=utf8 COLLATE=utf8_general_ci;

--
-- Extraindo dados da tabela `motivos_ausencia`
--

INSERT INTO `motivos_ausencia` (`id`, `codigo`, `descricao`) VALUES
(4, 'Férias', 'Férias'),
(5, 'Falta Just', 'Falta Justificada');

-- --------------------------------------------------------

--
-- Estrutura da tabela `motivos_pausa`
--

CREATE TABLE `motivos_pausa` (
  `id` int(11) NOT NULL,
  `codigo` varchar(50) NOT NULL,
  `descricao` varchar(255) NOT NULL,
  `tipo` enum('SemOpcao','PararContadores','IniciarTarefas') NOT NULL
) ENGINE=InnoDB DEFAULT CHARSET=utf8 COLLATE=utf8_general_ci;

--
-- Extraindo dados da tabela `motivos_pausa`
--

INSERT INTO `motivos_pausa` (`id`, `codigo`, `descricao`, `tipo`) VALUES
(42, 'Almoço', 'Almoço', 'PararContadores'),
(43, 'Lanche', 'Lanche', 'SemOpcao'),
(44, 'Produção', 'Produção', 'SemOpcao'),
(45, 'Duvida Cliente', 'Duvida Cliente', 'IniciarTarefas'),
(46, 'Intergabinete', 'Intergabinete', 'IniciarTarefas'),
(47, 'WC', 'WC', 'SemOpcao'),
(48, 'Administração', 'Administração', 'SemOpcao'),
(49, 'Visita Cliente', 'Recepção Clientes e Fornecedores', 'SemOpcao'),
(50, 'Telefone', 'Telefone', 'SemOpcao'),
(51, 'Fornecedor', 'A espera do Fornecedor', 'IniciarTarefas'),
(52, 'Prioridade', 'Trocar para tarefa urgente', 'IniciarTarefas');

-- --------------------------------------------------------

--
-- Estrutura da tabela `pausas_tarefas`
--

CREATE TABLE `pausas_tarefas` (
  `id` int(11) NOT NULL,
  `tarefa_id` int(11) NOT NULL,
  `funcionario` varchar(50) NOT NULL,
  `data_pausa` datetime NOT NULL,
  `data_retorno` datetime DEFAULT NULL,
  `tempo_pausa` time GENERATED ALWAYS AS (timediff(`data_retorno`,`data_pausa`)) STORED,
  `motivo_id` int(11) NOT NULL
) ENGINE=InnoDB DEFAULT CHARSET=utf8mb4 COLLATE=utf8mb4_general_ci;

--
-- Extraindo dados da tabela `pausas_tarefas`
--

INSERT INTO `pausas_tarefas` (`id`, `tarefa_id`, `funcionario`, `data_pausa`, `data_retorno`, `motivo_id`) VALUES
(1790, 537, 'claudia', '2025-07-30 17:35:48', '2025-07-30 17:36:00', 46),
(1791, 537, 'claudia', '2025-07-30 17:42:27', '2025-07-30 17:42:37', 46),
(1792, 537, 'claudia', '2025-07-30 17:49:48', '2025-07-30 17:49:53', 46),
(1796, 538, 'claudia', '2025-07-30 17:54:44', '2025-07-30 17:54:50', 46),
(1797, 540, 'claudia', '2025-07-30 18:03:20', '2025-07-30 18:03:26', 46),
(1798, 541, 'rui', '2025-07-30 18:26:51', '2025-07-30 18:27:12', 46),
(1799, 542, 'rui', '2025-07-30 18:29:20', '2025-07-30 18:29:30', 46),
(1800, 541, 'pedro', '2025-07-30 18:30:06', '2025-07-30 18:32:46', 46),
(1801, 542, 'sofia', '2025-07-31 08:01:27', '2025-07-31 08:02:46', 46),
(1802, 543, 'rui', '2025-07-31 08:06:26', '2025-07-31 08:06:31', 46),
(1803, 544, 'rui', '2025-07-31 08:17:26', '2025-07-31 09:00:38', 44),
(1804, 543, 'joaquim', '2025-07-31 08:18:54', '2025-07-31 08:19:17', 46),
(1805, 544, 'rui', '2025-07-31 09:00:49', '2025-07-31 10:00:55', 46),
(1806, 545, 'rui', '2025-07-31 09:01:10', '2025-07-31 09:01:17', 46),
(1807, 545, 'sofia', '2025-07-31 09:01:17', '2025-07-31 09:04:07', 46),
(1808, 546, 'rui', '2025-07-31 09:01:31', '2025-07-31 09:01:36', 46),
(1809, 546, 'sofia', '2025-07-31 09:01:36', '2025-07-31 13:57:56', 46),
(1810, 547, 'rui', '2025-07-31 09:01:51', '2025-07-31 09:01:57', 46),
(1811, 547, 'sofia', '2025-07-31 09:01:57', '2025-07-31 11:58:29', 46),
(1812, 548, 'rui', '2025-07-31 09:02:16', '2025-07-31 09:02:21', 46),
(1813, 548, 'sofia', '2025-07-31 09:02:21', '2025-07-31 15:15:23', 46),
(1814, 549, 'rui', '2025-07-31 09:02:39', '2025-07-31 09:02:46', 46),
(1815, 549, 'sofia', '2025-07-31 09:02:46', '2025-07-31 16:53:43', 46),
(1816, 550, 'rui', '2025-07-31 09:03:19', '2025-07-31 09:04:16', 46),
(1817, 550, 'sofia', '2025-07-31 09:04:16', '2025-07-31 17:28:02', 46),
(1818, 551, 'claudia', '2025-07-31 09:06:32', '2025-07-31 09:06:39', 46),
(1819, 553, 'claudia', '2025-07-31 09:08:47', '2025-07-31 09:08:51', 46),
(1820, 554, 'claudia', '2025-07-31 09:09:04', '2025-07-31 09:09:09', 46),
(1821, 555, 'claudia', '2025-07-31 09:09:24', '2025-07-31 09:09:28', 46),
(1822, 556, 'claudia', '2025-07-31 09:09:39', '2025-07-31 09:09:45', 46),
(1823, 557, 'claudia', '2025-07-31 09:10:05', '2025-07-31 09:10:12', 46),
(1824, 558, 'claudia', '2025-07-31 09:10:26', '2025-07-31 09:10:30', 46),
(1825, 559, 'claudia', '2025-07-31 09:10:43', '2025-07-31 09:10:48', 46),
(1826, 560, 'claudia', '2025-07-31 09:11:01', '2025-07-31 09:11:05', 46),
(1827, 561, 'claudia', '2025-07-31 09:11:23', '2025-07-31 09:11:26', 46),
(1828, 562, 'claudia', '2025-07-31 09:11:40', '2025-07-31 09:11:45', 46),
(1829, 543, 'joaquim', '2025-07-31 09:16:31', '2025-07-31 09:51:11', 44),
(1830, 563, 'claudia', '2025-07-31 09:28:41', '2025-07-31 09:29:40', 44),
(1831, 563, 'claudia', '2025-07-31 09:30:11', '2025-07-31 09:34:32', 52),
(1832, 564, 'claudia', '2025-07-31 09:34:11', '2025-07-31 09:34:25', 46),
(1833, 563, 'claudia', '2025-07-31 09:37:31', '2025-07-31 09:39:41', 50),
(1834, 563, 'claudia', '2025-07-31 09:40:32', '2025-07-31 09:42:31', 50),
(1835, 563, 'claudia', '2025-07-31 09:48:51', '2025-07-31 09:55:59', 50),
(1836, 541, 'pedro', '2025-07-31 10:00:09', '2025-07-31 10:12:33', 43),
(1837, 545, 'sofia', '2025-07-31 10:00:10', '2025-07-31 10:15:10', 43),
(1838, 543, 'joaquim', '2025-07-31 10:00:19', '2025-07-31 10:13:16', 43),
(1839, 563, 'claudia', '2025-07-31 10:00:26', '2025-07-31 10:14:54', 43),
(1840, 544, 'rui', '2025-07-31 10:00:59', '2025-07-31 11:07:05', 49),
(1841, 563, 'claudia', '2025-07-31 10:16:00', '2025-07-31 10:19:36', 44),
(1842, 565, 'claudia', '2025-07-31 10:23:37', '2025-07-31 10:29:26', 50),
(1843, 541, 'pedro', '2025-07-31 10:27:58', '2025-07-31 10:36:27', 44),
(1844, 565, 'claudia', '2025-07-31 10:29:40', '2025-07-31 10:35:52', 50),
(1845, 565, 'claudia', '2025-07-31 10:36:08', '2025-07-31 13:39:02', 45),
(1846, 566, 'claudia', '2025-07-31 10:42:11', '2025-07-31 10:45:09', 50),
(1847, 566, 'claudia', '2025-07-31 10:50:47', '2025-07-31 10:50:52', 46),
(1848, 567, 'claudia', '2025-07-31 10:51:39', '2025-07-31 10:51:45', 46),
(1849, 568, 'claudia', '2025-07-31 10:52:24', '2025-07-31 10:52:30', 46),
(1850, 569, 'claudia', '2025-07-31 10:52:59', '2025-07-31 10:53:04', 46),
(1851, 570, 'claudia', '2025-07-31 11:00:34', '2025-07-31 13:39:02', 45),
(1852, 571, 'claudia', '2025-07-31 11:03:44', '2025-07-31 11:05:14', 50),
(1853, 571, 'claudia', '2025-07-31 11:13:49', '2025-07-31 11:16:14', 47),
(1854, 544, 'rui', '2025-07-31 11:15:13', '2025-07-31 11:23:23', 44),
(1855, 571, 'claudia', '2025-07-31 11:17:31', '2025-07-31 11:17:36', 46),
(1856, 545, 'sofia', '2025-07-31 11:21:22', '2025-07-31 11:27:01', 47),
(1857, 572, 'claudia', '2025-07-31 11:27:24', '2025-07-31 11:28:14', 49),
(1858, 573, 'rui', '2025-07-31 11:31:40', '2025-07-31 11:35:27', 52),
(1859, 574, 'rui', '2025-07-31 11:32:15', '2025-07-31 11:32:19', 46),
(1860, 574, 'pedro', '2025-07-31 11:32:19', '2025-07-31 11:32:31', 46),
(1861, 572, 'claudia', '2025-07-31 11:41:13', '2025-07-31 13:39:02', 45),
(1862, 574, 'pedro', '2025-07-31 12:00:07', '2025-07-31 13:30:02', 42),
(1863, 547, 'sofia', '2025-07-31 12:00:14', '2025-07-31 13:30:13', 42),
(1865, 573, 'rui', '2025-07-31 12:03:13', '2025-07-31 13:29:28', 42),
(1866, 543, 'joaquim', '2025-07-31 12:35:19', '2025-07-31 14:00:25', 42),
(1867, 572, 'claudia', '2025-07-31 13:39:02', '2025-07-31 13:56:46', 42),
(1868, 570, 'claudia', '2025-07-31 13:39:02', '2025-07-31 14:29:15', 42),
(1869, 565, 'claudia', '2025-07-31 13:39:02', '2025-07-31 14:29:15', 42),
(1870, 573, 'rui', '2025-07-31 13:51:49', '2025-07-31 13:52:34', 52),
(1871, 573, 'rui', '2025-07-31 13:54:31', '2025-07-31 14:17:02', 44),
(1872, 572, 'claudia', '2025-07-31 13:56:58', '2025-07-31 13:57:00', 45),
(1873, 572, 'claudia', '2025-07-31 13:57:00', '2025-07-31 13:57:14', 42),
(1874, 572, 'claudia', '2025-07-31 13:57:30', '2025-07-31 13:57:34', 45),
(1875, 572, 'claudia', '2025-07-31 13:57:34', '2025-07-31 13:57:54', 42),
(1876, 572, 'claudia', '2025-07-31 13:58:04', '2025-07-31 13:58:09', 45),
(1877, 572, 'claudia', '2025-07-31 13:58:09', '2025-07-31 13:58:51', 42),
(1878, 572, 'claudia', '2025-07-31 13:58:58', '2025-07-31 13:59:03', 47),
(1879, 572, 'claudia', '2025-07-31 13:59:10', '2025-07-31 13:59:13', 46),
(1880, 572, 'claudia', '2025-07-31 13:59:13', '2025-07-31 14:01:13', 42),
(1881, 572, 'claudia', '2025-07-31 14:01:21', '2025-07-31 14:01:27', 42),
(1882, 572, 'claudia', '2025-07-31 14:01:42', '2025-07-31 14:01:45', 45),
(1883, 572, 'claudia', '2025-07-31 14:01:45', '2025-07-31 14:28:22', 42),
(1884, 573, 'rui', '2025-07-31 14:27:08', '2025-07-31 14:51:31', 49),
(1885, 572, 'claudia', '2025-07-31 14:28:33', '2025-07-31 14:28:36', 46),
(1886, 572, 'claudia', '2025-07-31 14:28:36', '2025-07-31 14:29:13', 42),
(1887, 572, 'claudia', '2025-07-31 14:29:15', '2025-07-31 14:29:15', 45),
(1888, 570, 'claudia', '2025-07-31 14:29:15', '2025-07-31 18:08:12', 45),
(1889, 565, 'claudia', '2025-07-31 14:29:15', '2025-07-31 17:10:47', 45),
(1890, 572, 'claudia', '2025-07-31 14:29:15', '2025-07-31 14:29:15', 45),
(1891, 572, 'claudia', '2025-07-31 14:29:15', '2025-07-31 14:29:15', 45),
(1892, 572, 'claudia', '2025-07-31 14:29:15', '2025-07-31 14:29:15', 45),
(1893, 572, 'claudia', '2025-07-31 14:29:15', '2025-07-31 14:29:15', 46),
(1894, 572, 'claudia', '2025-07-31 14:29:15', '2025-07-31 14:29:15', 45),
(1895, 572, 'claudia', '2025-07-31 14:29:15', '2025-07-31 18:08:12', 46),
(1896, 572, 'claudia', '2025-07-31 14:29:44', '2025-07-31 18:08:12', 45),
(1897, 576, 'claudia', '2025-07-31 14:33:02', '2025-07-31 14:33:08', 46),
(1898, 577, 'claudia', '2025-07-31 14:34:55', '2025-07-31 18:08:12', 45),
(1899, 578, 'claudia', '2025-07-31 14:37:06', '2025-07-31 18:08:12', 45),
(1900, 579, 'claudia', '2025-07-31 14:51:43', '2025-07-31 14:51:57', 46),
(1901, 580, 'claudia', '2025-07-31 14:54:05', '2025-07-31 17:20:40', 45),
(1902, 573, 'rui', '2025-07-31 14:57:02', '2025-07-31 14:59:25', 46),
(1903, 581, 'claudia', '2025-07-31 15:01:39', '2025-07-31 15:01:58', 45),
(1904, 573, 'rui', '2025-07-31 15:06:13', '2025-07-31 15:19:20', 44),
(1905, 581, 'claudia', '2025-07-31 15:10:02', '2025-07-31 15:10:08', 46),
(1906, 582, 'claudia', '2025-07-31 15:20:43', '2025-07-31 15:20:50', 46),
(1907, 555, 'pedro', '2025-07-31 15:29:36', '2025-07-31 15:35:16', 47),
(1908, 584, 'claudia', '2025-07-31 15:30:53', '2025-07-31 15:33:00', 50),
(1909, 543, 'joaquim', '2025-07-31 15:37:40', '2025-07-31 15:53:29', 44),
(1910, 584, 'claudia', '2025-07-31 15:42:26', '2025-07-31 15:44:59', 50),
(1911, 584, 'claudia', '2025-07-31 15:53:19', '2025-07-31 15:53:25', 46),
(1912, 585, 'claudia', '2025-07-31 16:00:11', '2025-07-31 16:14:10', 43),
(1913, 548, 'sofia', '2025-07-31 16:00:12', '2025-07-31 16:14:20', 43),
(1914, 555, 'pedro', '2025-07-31 16:00:16', '2025-07-31 16:13:17', 43),
(1915, 543, 'joaquim', '2025-07-31 16:00:28', '2025-07-31 16:13:10', 43),
(1916, 583, 'rui', '2025-07-31 16:02:11', '2025-07-31 16:15:50', 43),
(1917, 585, 'claudia', '2025-07-31 16:30:18', '2025-07-31 16:30:23', 46),
(1919, 555, 'pedro', '2025-07-31 16:37:43', '2025-07-31 16:37:55', 46),
(1921, 548, 'sofia', '2025-07-31 16:47:20', '2025-07-31 16:47:25', 46),
(1922, 586, 'claudia', '2025-07-31 16:51:54', '2025-07-31 16:59:09', 50),
(1923, 586, 'claudia', '2025-07-31 17:00:53', '2025-07-31 17:03:50', 50),
(1924, 586, 'claudia', '2025-07-31 17:04:11', '2025-07-31 17:05:26', 50),
(1925, 586, 'claudia', '2025-07-31 17:06:26', '2025-07-31 17:08:59', 44),
(1926, 586, 'claudia', '2025-07-31 17:09:08', '2025-07-31 17:09:31', 50),
(1927, 586, 'claudia', '2025-07-31 17:10:07', '2025-07-31 17:10:15', 46),
(1928, 580, 'claudia', '2025-07-31 17:20:48', '2025-07-31 17:21:55', 50),
(1929, 580, 'claudia', '2025-07-31 17:22:07', '2025-07-31 18:08:12', 45),
(1931, 583, 'rui', '2025-07-31 17:29:11', '2025-07-31 18:09:06', 44),
(1932, 587, 'claudia', '2025-07-31 17:52:36', '2025-07-31 17:52:41', 46),
(1933, 560, 'pedro', '2025-07-31 17:53:10', '2025-07-31 17:53:15', 46),
(1934, 588, 'claudia', '2025-07-31 17:56:11', '2025-07-31 17:59:08', 45),
(1935, 588, 'claudia', '2025-07-31 18:03:03', '2025-07-31 18:08:12', 50),
(1936, 550, 'sofia', '2025-07-31 18:21:05', '2025-07-31 18:25:13', 47),
(1937, 543, 'joaquim', '2025-07-31 18:30:06', '2025-07-31 18:40:17', 47),
(1938, 583, 'rui', '2025-07-31 18:50:34', '2025-07-31 19:01:21', 44),
(1939, 583, 'rui', '2025-08-01 08:08:35', '2025-08-01 08:08:45', 44),
(1940, 583, 'rui', '2025-08-01 08:18:22', '2025-08-01 08:19:10', 52),
(1941, 589, 'rui', '2025-08-01 08:18:45', '2025-08-01 08:18:49', 46),
(1942, 589, 'roberto', '2025-08-01 08:18:49', '2025-08-01 08:19:55', 46),
(1943, 589, 'roberto', '2025-08-01 08:36:14', '2025-08-01 08:38:22', 44),
(1944, 589, 'roberto', '2025-08-01 08:45:59', '2025-08-01 08:48:13', 44),
(1945, 589, 'roberto', '2025-08-01 08:55:00', '2025-08-01 08:55:15', 44),
(1946, 589, 'roberto', '2025-08-01 08:57:00', '2025-08-01 09:08:28', 47),
(1947, 583, 'rui', '2025-08-01 08:57:52', '2025-08-01 09:13:35', 44),
(1948, 570, 'claudia', '2025-08-01 09:03:45', '2025-08-01 18:03:53', 45),
(1949, 572, 'claudia', '2025-08-01 09:03:45', '2025-08-01 14:38:55', 45),
(1950, 577, 'claudia', '2025-08-01 09:03:45', '2025-08-01 18:03:53', 45),
(1951, 578, 'claudia', '2025-08-01 09:03:45', '2025-08-01 18:03:53', 45),
(1952, 580, 'claudia', '2025-08-01 09:03:45', '2025-08-01 18:03:53', 45),
(1953, 588, 'claudia', '2025-08-01 09:03:45', '2025-08-01 10:53:14', 50),
(1954, 583, 'rui', '2025-08-01 09:13:41', '2025-08-01 09:13:42', 49),
(1955, 583, 'rui', '2025-08-01 09:13:59', '2025-08-01 09:46:54', 49),
(1956, 550, 'sofia', '2025-08-01 09:16:06', '2025-08-01 09:16:11', 46),
(1958, 589, 'roberto', '2025-08-01 09:38:38', '2025-08-01 09:46:39', 44),
(1959, 589, 'roberto', '2025-08-01 09:47:46', '2025-08-01 10:02:50', 44),
(1960, 556, 'sofia', '2025-08-01 10:00:12', '2025-08-01 10:14:12', 43),
(1961, 562, 'pedro', '2025-08-01 10:00:54', '2025-08-01 10:14:34', 43),
(1962, 543, 'joaquim', '2025-08-01 10:02:05', '2025-08-01 10:13:35', 43),
(1963, 589, 'roberto', '2025-08-01 10:03:02', '2025-08-01 10:15:43', 43),
(1964, 583, 'rui', '2025-08-01 10:03:34', '2025-08-01 10:14:27', 43),
(1965, 589, 'roberto', '2025-08-01 10:17:10', '2025-08-01 10:24:28', 44),
(1966, 543, 'joaquim', '2025-08-01 10:22:07', '2025-08-01 10:27:57', 44),
(1967, 562, 'pedro', '2025-08-01 10:22:26', '2025-08-01 10:22:34', 46),
(1968, 589, 'roberto', '2025-08-01 10:29:37', '2025-08-01 10:34:47', 44),
(1969, 543, 'joaquim', '2025-08-01 10:32:30', '2025-08-01 10:59:46', 44),
(1970, 583, 'rui', '2025-08-01 10:36:31', '2025-08-01 10:39:27', 44),
(1971, 588, 'claudia', '2025-08-01 10:53:22', '2025-08-01 11:07:01', 50),
(1972, 579, 'pedro', '2025-08-01 10:56:41', '2025-08-01 10:56:46', 46),
(1973, 588, 'claudia', '2025-08-01 11:07:09', '2025-08-01 12:00:41', 45),
(1974, 591, 'claudia', '2025-08-01 11:16:39', '2025-08-01 11:19:15', 50),
(1975, 563, 'claudia', '2025-08-01 11:30:53', '2025-08-01 11:33:35', 47),
(1976, 576, 'pedro', '2025-08-01 11:32:31', '2025-08-01 11:32:38', 46),
(1977, 589, 'roberto', '2025-08-01 11:37:47', '2025-08-01 11:49:21', 44),
(1978, 553, 'pedro', '2025-08-01 12:00:11', '2025-08-01 13:30:27', 42),
(1979, 557, 'sofia', '2025-08-01 12:00:21', '2025-08-01 13:30:53', 42),
(1980, 588, 'claudia', '2025-08-01 12:00:48', '2025-08-01 13:41:49', 42),
(1981, 589, 'roberto', '2025-08-01 12:00:57', '2025-08-01 13:31:39', 42),
(1982, 583, 'rui', '2025-08-01 12:04:48', '2025-08-01 13:31:10', 42),
(1983, 543, 'joaquim', '2025-08-01 12:37:33', '2025-08-01 13:57:20', 42),
(1984, 557, 'sofia', '2025-08-01 13:52:26', '2025-08-01 13:52:34', 46),
(1985, 583, 'rui', '2025-08-01 13:54:10', '2025-08-01 13:56:24', 52),
(1986, 594, 'rui', '2025-08-01 13:54:55', '2025-08-01 13:55:00', 46),
(1987, 594, 'sofia', '2025-08-01 13:55:00', '2025-08-01 13:56:45', 46),
(1988, 588, 'claudia', '2025-08-01 13:55:49', '2025-08-01 18:03:53', 45),
(1989, 583, 'rui', '2025-08-01 13:57:38', '2025-08-01 14:04:51', 47),
(1990, 595, 'claudia', '2025-08-01 13:59:42', '2025-08-01 13:59:46', 46),
(1991, 589, 'roberto', '2025-08-01 14:06:55', '2025-08-01 14:12:34', 44),
(1992, 596, 'claudia', '2025-08-01 14:07:45', '2025-08-01 14:08:48', 49),
(1993, 583, 'rui', '2025-08-01 14:17:02', '2025-08-01 15:16:14', 44),
(1994, 596, 'claudia', '2025-08-01 14:20:53', '2025-08-01 14:20:58', 46),
(1995, 597, 'claudia', '2025-08-01 14:35:20', '2025-08-01 14:35:27', 46),
(1996, 572, 'claudia', '2025-08-01 14:45:09', '2025-08-01 14:45:14', 46),
(1997, 598, 'claudia', '2025-08-01 14:55:08', '2025-08-01 14:55:12', 46),
(1998, 599, 'claudia', '2025-08-01 14:59:54', '2025-08-01 15:00:00', 46),
(1999, 600, 'claudia', '2025-08-01 15:05:26', '2025-08-01 15:05:29', 46),
(2000, 543, 'joaquim', '2025-08-01 15:08:41', '2025-08-01 15:18:26', 44),
(2001, 601, 'claudia', '2025-08-01 15:15:30', '2025-08-01 15:15:36', 46),
(2002, 583, 'rui', '2025-08-01 15:17:33', '2025-08-01 15:28:23', 44),
(2003, 589, 'roberto', '2025-08-01 15:19:37', '2025-08-01 15:29:54', 44),
(2004, 551, 'pedro', '2025-08-01 15:21:34', '2025-08-01 15:29:01', 47),
(2005, 589, 'roberto', '2025-08-01 15:43:12', '2025-08-01 15:52:52', 47),
(2006, 602, 'claudia', '2025-08-01 15:43:33', '2025-08-01 15:48:57', 50),
(2007, 602, 'claudia', '2025-08-01 15:49:12', '2025-08-01 15:50:33', 49),
(2008, 602, 'claudia', '2025-08-01 15:56:44', '2025-08-01 15:59:02', 47),
(2009, 594, 'sofia', '2025-08-01 16:00:10', '2025-08-01 16:14:23', 43),
(2010, 551, 'pedro', '2025-08-01 16:00:11', '2025-08-01 16:13:45', 43),
(2011, 589, 'roberto', '2025-08-01 16:00:18', '2025-08-01 16:14:47', 43),
(2012, 583, 'rui', '2025-08-01 16:03:56', '2025-08-01 16:16:38', 43),
(2013, 543, 'joaquim', '2025-08-01 16:05:37', '2025-08-01 16:13:37', 43),
(2014, 602, 'claudia', '2025-08-01 16:14:13', '2025-08-01 16:20:59', 43),
(2015, 543, 'joaquim', '2025-08-01 16:33:57', '2025-08-01 16:41:50', 44),
(2016, 583, 'rui', '2025-08-01 16:37:03', '2025-08-01 16:37:08', 44),
(2017, 602, 'claudia', '2025-08-01 16:39:26', '2025-08-01 16:39:32', 46),
(2018, 583, 'rui', '2025-08-01 17:01:05', '2025-08-01 17:28:18', 44),
(2019, 603, 'claudia', '2025-08-01 17:04:08', '2025-08-01 17:04:15', 46),
(2020, 563, 'claudia', '2025-08-01 17:08:25', '2025-08-01 17:11:57', 50),
(2021, 563, 'claudia', '2025-08-01 17:12:06', '2025-08-01 17:16:30', 44),
(2022, 589, 'roberto', '2025-08-01 17:18:24', '2025-08-01 17:33:16', 44),
(2023, 604, 'claudia', '2025-08-01 17:24:29', '2025-08-01 17:26:48', 47),
(2024, 543, 'joaquim', '2025-08-01 17:31:49', '2025-08-01 17:34:50', 47),
(2025, 589, 'roberto', '2025-08-01 17:34:51', '2025-08-01 17:50:44', 44),
(2026, 594, 'sofia', '2025-08-01 17:43:53', '2025-08-01 17:48:04', 47),
(2027, 605, 'claudia', '2025-08-01 17:45:07', '2025-08-01 17:46:17', 50),
(2028, 606, 'claudia', '2025-08-01 18:01:34', '2025-08-01 18:01:38', 46),
(2029, 551, 'pedro', '2025-08-01 18:33:58', '2025-08-01 18:34:06', 46),
(2030, 601, 'pedro', '2025-08-02 08:32:35', '2025-08-02 08:32:40', 46),
(2031, 543, 'joaquim', '2025-08-02 08:57:41', '2025-08-02 09:11:24', 44),
(2032, 581, 'pedro', '2025-08-02 10:00:11', '2025-08-02 10:14:04', 43),
(2033, 543, 'joaquim', '2025-08-02 10:00:52', '2025-08-02 10:14:04', 43),
(2034, 583, 'rui', '2025-08-02 10:01:14', '2025-08-02 10:32:02', 43),
(2035, 543, 'joaquim', '2025-08-02 10:22:01', '2025-08-02 10:56:09', 44),
(2036, 581, 'pedro', '2025-08-02 11:02:22', '2025-08-02 11:02:28', 46),
(2037, 583, 'rui', '2025-08-02 11:20:27', '2025-08-02 11:23:58', 47),
(2038, 559, 'pedro', '2025-08-02 11:39:23', '2025-08-02 11:43:12', 47),
(2039, 583, 'rui', '2025-08-02 11:46:26', '2025-08-02 11:49:48', 48),
(2040, 543, 'joaquim', '2025-08-02 11:50:38', '2025-08-02 11:59:21', 44),
(2041, 589, 'roberto', '2025-08-04 08:28:23', '2025-08-04 08:34:35', 44),
(2042, 583, 'rui', '2025-08-04 08:54:11', '2025-08-04 09:06:18', 44),
(2043, 570, 'claudia', '2025-08-04 09:05:53', '2025-08-04 17:29:06', 45),
(2044, 577, 'claudia', '2025-08-04 09:05:55', '2025-08-04 17:29:06', 45),
(2045, 578, 'claudia', '2025-08-04 09:05:55', '2025-08-04 17:29:06', 45),
(2046, 580, 'claudia', '2025-08-04 09:05:54', '2025-08-04 17:29:06', 45),
(2047, 588, 'claudia', '2025-08-04 09:05:55', '2025-08-04 16:47:57', 45),
(2048, 589, 'roberto', '2025-08-04 09:14:14', '2025-08-04 09:25:37', 44),
(2049, 594, 'sofia', '2025-08-04 10:00:11', '2025-08-04 10:14:40', 43),
(2050, 563, 'claudia', '2025-08-04 10:00:34', '2025-08-04 10:14:31', 43),
(2051, 589, 'roberto', '2025-08-04 10:00:34', '2025-08-04 10:15:35', 43),
(2052, 583, 'rui', '2025-08-04 10:01:15', '2025-08-04 10:34:11', 43),
(2053, 584, 'pedro', '2025-08-04 10:01:19', '2025-08-04 10:13:58', 43),
(2054, 563, 'claudia', '2025-08-04 10:17:48', '2025-08-04 10:23:07', 50),
(2055, 607, 'claudia', '2025-08-04 10:51:54', '2025-08-04 10:54:34', 47),
(2056, 583, 'rui', '2025-08-04 10:52:12', '2025-08-04 10:57:41', 52),
(2057, 608, 'rui', '2025-08-04 10:52:47', '2025-08-04 10:52:56', 46),
(2058, 608, 'pedro', '2025-08-04 10:52:56', '2025-08-04 11:04:57', 46),
(2059, 607, 'claudia', '2025-08-04 10:54:47', '2025-08-04 10:54:51', 46),
(2060, 563, 'claudia', '2025-08-04 11:10:46', '2025-08-04 11:41:05', 48),
(2061, 608, 'pedro', '2025-08-04 11:23:56', '2025-08-04 11:30:59', 47),
(2062, 589, 'roberto', '2025-08-04 11:25:19', '2025-08-04 11:31:44', 47),
(2063, 594, 'sofia', '2025-08-04 12:00:15', '2025-08-04 13:30:31', 42),
(2064, 608, 'pedro', '2025-08-04 12:00:16', '2025-08-04 13:30:26', 42),
(2065, 563, 'claudia', '2025-08-04 12:01:43', '2025-08-04 13:29:52', 42),
(2066, 583, 'rui', '2025-08-04 12:04:26', '2025-08-04 13:31:54', 42),
(2067, 543, 'joaquim', '2025-08-04 12:39:54', '2025-08-04 13:53:29', 42),
(2068, 543, 'joaquim', '2025-08-04 13:56:14', '2025-08-04 14:34:39', 44),
(2069, 609, 'claudia', '2025-08-04 13:59:40', '2025-08-04 13:59:45', 46),
(2070, 589, 'roberto', '2025-08-04 14:45:48', '2025-08-04 15:27:13', 44),
(2071, 610, 'claudia', '2025-08-04 14:49:00', '2025-08-04 14:50:45', 50),
(2072, 610, 'claudia', '2025-08-04 14:57:37', '2025-08-04 14:57:41', 46),
(2073, 611, 'claudia', '2025-08-04 15:41:49', '2025-08-04 15:41:54', 46),
(2074, 608, 'pedro', '2025-08-04 16:00:12', '2025-08-04 16:13:19', 43),
(2075, 586, 'sofia', '2025-08-04 16:00:14', '2025-08-04 16:14:22', 43),
(2076, 583, 'rui', '2025-08-04 16:01:11', '2025-08-04 16:18:42', 43),
(2077, 543, 'joaquim', '2025-08-04 16:04:41', '2025-08-04 16:16:56', 43),
(2078, 589, 'roberto', '2025-08-04 16:04:53', '2025-08-04 16:19:08', 43),
(2079, 563, 'claudia', '2025-08-04 16:18:34', '2025-08-04 16:22:38', 43),
(2080, 543, 'joaquim', '2025-08-04 16:31:49', '2025-08-04 18:04:11', 44),
(2081, 612, 'claudia', '2025-08-04 16:32:45', '2025-08-04 16:32:52', 46),
(2082, 589, 'roberto', '2025-08-04 16:34:15', '2025-08-04 17:01:36', 44),
(2083, 613, 'claudia', '2025-08-04 16:41:12', '2025-08-04 16:41:16', 46),
(2084, 614, 'claudia', '2025-08-04 16:45:23', '2025-08-04 16:45:30', 46),
(2085, 616, 'claudia', '2025-08-04 16:45:53', '2025-08-04 16:45:58', 46),
(2086, 617, 'claudia', '2025-08-04 16:46:16', '2025-08-04 16:46:22', 46),
(2087, 618, 'claudia', '2025-08-04 16:46:49', '2025-08-04 16:46:59', 46),
(2088, 619, 'claudia', '2025-08-04 16:47:17', '2025-08-04 16:47:27', 46),
(2089, 620, 'claudia', '2025-08-04 17:01:34', '2025-08-04 17:01:39', 46),
(2090, 589, 'roberto', '2025-08-04 17:13:10', '2025-08-04 17:41:22', 44),
(2091, 608, 'pedro', '2025-08-04 17:14:59', '2025-08-04 17:19:31', 44),
(2092, 615, 'rui', '2025-08-04 17:20:55', '2025-08-04 17:32:29', 44),
(2093, 623, 'claudia', '2025-08-04 17:29:02', '2025-08-04 17:29:06', 45),
(2094, 558, 'sofia', '2025-08-04 17:33:12', '2025-08-04 17:36:30', 47),
(2095, 615, 'rui', '2025-08-04 17:36:22', '2025-08-04 17:40:35', 44),
(2096, 615, 'rui', '2025-08-04 17:44:01', '2025-08-04 17:48:29', 44),
(2097, 608, 'pedro', '2025-08-04 17:58:03', '2025-08-04 18:05:08', 47),
(2098, 615, 'rui', '2025-08-04 18:16:52', '2025-08-04 18:19:05', 44),
(2099, 615, 'rui', '2025-08-04 18:23:16', '2025-08-04 18:29:02', 44),
(2100, 543, 'joaquim', '2025-08-05 08:04:12', '2025-08-05 10:04:29', 44),
(2101, 558, 'sofia', '2025-08-05 08:29:27', '2025-08-05 09:16:14', 46),
(2102, 615, 'rui', '2025-08-05 08:35:41', '2025-08-05 08:58:59', 44),
(2103, 589, 'roberto', '2025-08-05 08:45:49', '2025-08-05 09:59:12', 44),
(2104, 570, 'claudia', '2025-08-05 09:03:14', '2025-08-05 18:03:22', 45),
(2105, 577, 'claudia', '2025-08-05 09:03:15', '2025-08-05 18:03:22', 45),
(2106, 578, 'claudia', '2025-08-05 09:03:19', '2025-08-05 18:03:22', 45),
(2107, 580, 'claudia', '2025-08-05 09:03:15', '2025-08-05 18:03:22', 45),
(2108, 623, 'claudia', '2025-08-05 09:03:19', '2025-08-05 12:01:13', 45),
(2109, 615, 'rui', '2025-08-05 09:05:24', '2025-08-05 09:17:57', 44),
(2110, 596, 'sofia', '2025-08-05 09:16:08', '2025-08-05 09:40:49', 52),
(2111, 615, 'rui', '2025-08-05 09:23:59', '2025-08-05 10:01:29', 44),
(2112, 558, 'sofia', '2025-08-05 09:39:34', '2025-08-05 09:39:38', 46),
(2113, 624, 'claudia', '2025-08-05 09:52:36', '2025-08-05 09:56:59', 50),
(2114, 625, 'claudia', '2025-08-05 09:57:32', '2025-08-05 09:57:36', 46),
(2115, 626, 'claudia', '2025-08-05 09:57:54', '2025-08-05 09:58:07', 46),
(2116, 626, 'claudia', '2025-08-05 09:57:56', '2025-08-05 09:58:07', 46),
(2117, 626, 'claudia', '2025-08-05 09:57:57', '2025-08-05 09:58:07', 46),
(2118, 627, 'claudia', '2025-08-05 09:58:32', '2025-08-05 09:58:38', 46),
(2119, 596, 'sofia', '2025-08-05 10:00:07', '2025-08-05 10:15:10', 43),
(2120, 608, 'pedro', '2025-08-05 10:00:09', '2025-08-05 10:13:29', 43),
(2121, 589, 'roberto', '2025-08-05 10:00:21', '2025-08-05 10:22:19', 43),
(2122, 628, 'claudia', '2025-08-05 10:00:28', '2025-08-05 10:18:26', 43),
(2123, 615, 'rui', '2025-08-05 10:01:35', '2025-08-05 10:16:27', 43),
(2124, 543, 'joaquim', '2025-08-05 10:04:37', '2025-08-05 10:22:30', 43),
(2125, 615, 'rui', '2025-08-05 10:20:37', '2025-08-05 10:59:24', 44),
(2126, 628, 'claudia', '2025-08-05 10:22:45', '2025-08-05 10:24:49', 50),
(2127, 629, 'claudia', '2025-08-05 10:34:54', '2025-08-05 10:47:40', 50),
(2128, 543, 'joaquim', '2025-08-05 10:50:15', '2025-08-05 11:01:00', 44),
(2129, 608, 'pedro', '2025-08-05 10:51:11', '2025-08-05 10:56:37', 47),
(2130, 615, 'rui', '2025-08-05 10:59:29', '2025-08-05 12:01:31', 52),
(2131, 630, 'rui', '2025-08-05 10:59:46', '2025-08-05 10:59:52', 46),
(2132, 630, 'joaquim', '2025-08-05 10:59:52', '2025-08-05 11:01:22', 46),
(2133, 629, 'claudia', '2025-08-05 11:03:11', '2025-08-05 11:03:15', 46),
(2134, 596, 'sofia', '2025-08-05 11:04:44', '2025-08-05 11:04:47', 46),
(2135, 589, 'roberto', '2025-08-05 11:13:24', '2025-08-05 11:38:37', 44),
(2136, 631, 'claudia', '2025-08-05 11:13:50', '2025-08-05 11:16:09', 47),
(2137, 631, 'claudia', '2025-08-05 11:16:42', '2025-08-05 11:16:46', 46),
(2138, 632, 'claudia', '2025-08-05 11:40:11', '2025-08-05 11:40:15', 46),
(2139, 608, 'pedro', '2025-08-05 11:40:40', '2025-08-05 11:45:48', 44),
(2140, 633, 'claudia', '2025-08-05 11:48:56', '2025-08-05 11:49:01', 46),
(2141, 603, 'sofia', '2025-08-05 12:00:08', '2025-08-05 13:30:33', 42),
(2142, 608, 'pedro', '2025-08-05 12:00:09', '2025-08-05 13:30:11', 42),
(2143, 589, 'roberto', '2025-08-05 12:00:39', '2025-08-05 13:30:52', 42),
(2144, 634, 'claudia', '2025-08-05 12:00:59', '2025-08-05 12:01:06', 46),
(2145, 623, 'claudia', '2025-08-05 12:01:21', '2025-08-05 13:38:50', 42),
(2146, 615, 'rui', '2025-08-05 12:01:36', '2025-08-05 13:30:10', 42),
(2147, 630, 'joaquim', '2025-08-05 12:39:54', '2025-08-05 14:07:44', 42),
(2148, 615, 'rui', '2025-08-05 13:30:59', '2025-08-05 14:07:25', 44),
(2149, 589, 'roberto', '2025-08-05 13:33:59', '2025-08-05 16:01:09', 44),
(2150, 623, 'claudia', '2025-08-05 13:43:13', '2025-08-05 13:43:18', 46),
(2151, 635, 'claudia', '2025-08-05 13:50:32', '2025-08-05 13:50:37', 46),
(2152, 630, 'joaquim', '2025-08-05 14:08:35', '2025-08-05 16:01:20', 44),
(2153, 637, 'claudia', '2025-08-05 14:12:08', '2025-08-05 14:15:59', 44),
(2154, 615, 'rui', '2025-08-05 14:29:06', '2025-08-05 15:51:21', 52),
(2155, 638, 'claudia', '2025-08-05 14:38:59', '2025-08-05 14:43:51', 44),
(2156, 638, 'claudia', '2025-08-05 14:49:18', '2025-08-05 18:03:22', 45),
(2157, 639, 'claudia', '2025-08-05 14:54:30', '2025-08-05 14:57:28', 47),
(2158, 639, 'claudia', '2025-08-05 14:59:39', '2025-08-05 15:00:58', 50),
(2159, 639, 'claudia', '2025-08-05 15:01:19', '2025-08-05 15:04:21', 44),
(2160, 603, 'sofia', '2025-08-05 15:06:09', '2025-08-05 15:09:54', 47),
(2161, 640, 'claudia', '2025-08-05 15:08:46', '2025-08-05 15:10:57', 50),
(2162, 640, 'claudia', '2025-08-05 15:13:48', '2025-08-05 15:13:52', 46),
(2163, 641, 'claudia', '2025-08-05 15:19:12', '2025-08-05 15:20:31', 44),
(2164, 642, 'claudia', '2025-08-05 15:38:59', '2025-08-05 15:42:03', 45),
(2165, 642, 'claudia', '2025-08-05 15:46:20', '2025-08-05 18:03:22', 45),
(2166, 643, 'claudia', '2025-08-05 15:52:59', '2025-08-05 15:53:04', 46),
(2167, 644, 'claudia', '2025-08-05 15:59:34', '2025-08-05 15:59:39', 46),
(2168, 608, 'pedro', '2025-08-05 16:00:09', '2025-08-05 16:13:17', 43),
(2169, 603, 'sofia', '2025-08-05 16:00:10', '2025-08-05 16:14:53', 43),
(2170, 645, 'claudia', '2025-08-05 16:00:39', '2025-08-05 16:14:46', 43),
(2171, 589, 'roberto', '2025-08-05 16:01:15', '2025-08-05 16:22:58', 43),
(2172, 630, 'joaquim', '2025-08-05 16:01:27', '2025-08-05 16:13:22', 43),
(2173, 615, 'rui', '2025-08-05 16:02:34', '2025-08-05 16:15:30', 43),
(2174, 630, 'joaquim', '2025-08-05 16:13:38', '2025-08-05 16:49:30', 44),
(2175, 589, 'roberto', '2025-08-05 16:23:02', '2025-08-05 18:01:03', 44),
(2176, 645, 'claudia', '2025-08-05 16:35:05', '2025-08-05 16:35:09', 46),
(2177, 646, 'claudia', '2025-08-05 16:57:44', '2025-08-05 16:57:52', 46),
(2178, 608, 'pedro', '2025-08-05 17:10:02', '2025-08-05 17:18:19', 44),
(2179, 603, 'sofia', '2025-08-05 17:12:42', '2025-08-05 17:12:47', 46),
(2180, 648, 'claudia', '2025-08-05 17:14:19', '2025-08-05 17:14:23', 46),
(2181, 649, 'claudia', '2025-08-05 17:20:51', '2025-08-05 17:28:59', 50),
(2182, 651, 'claudia', '2025-08-05 17:53:07', '2025-08-05 17:58:53', 50),
(2183, 615, 'rui', '2025-08-06 08:12:30', '2025-08-06 09:41:31', 52),
(2184, 589, 'roberto', '2025-08-06 08:19:01', '2025-08-06 10:00:14', 44),
(2185, 570, 'claudia', '2025-08-06 09:06:14', '2025-08-06 18:01:48', 45),
(2186, 577, 'claudia', '2025-08-06 09:06:22', '2025-08-06 18:01:48', 45),
(2187, 578, 'claudia', '2025-08-06 09:06:22', '2025-08-06 18:01:48', 45),
(2188, 580, 'claudia', '2025-08-06 09:06:15', '2025-08-06 18:01:48', 45),
(2189, 638, 'claudia', '2025-08-06 09:06:22', '2025-08-06 18:01:48', 45),
(2190, 642, 'claudia', '2025-08-06 09:06:22', '2025-08-06 12:00:24', 45),
(2191, 606, 'sofia', '2025-08-06 09:14:01', '2025-08-06 09:14:06', 46),
(2192, 652, 'claudia', '2025-08-06 09:38:06', '2025-08-06 09:44:26', 50),
(2193, 653, 'claudia', '2025-08-06 09:45:39', '2025-08-06 09:48:45', 50),
(2194, 608, 'pedro', '2025-08-06 10:00:10', '2025-08-06 10:13:49', 43),
(2195, 607, 'sofia', '2025-08-06 10:00:11', '2025-08-06 10:15:45', 43),
(2196, 630, 'joaquim', '2025-08-06 10:00:13', '2025-08-06 10:16:03', 43),
(2197, 653, 'claudia', '2025-08-06 10:00:19', '2025-08-06 10:20:59', 43),
(2198, 589, 'roberto', '2025-08-06 10:00:19', '2025-08-06 10:17:12', 43),
(2199, 615, 'rui', '2025-08-06 10:03:03', '2025-08-06 10:15:21', 43),
(2200, 653, 'claudia', '2025-08-06 10:24:24', '2025-08-06 10:24:28', 46),
(2201, 615, 'rui', '2025-08-06 10:29:52', '2025-08-06 16:02:20', 45),
(2202, 654, 'claudia', '2025-08-06 10:38:44', '2025-08-06 10:38:47', 46),
(2203, 655, 'claudia', '2025-08-06 10:47:33', '2025-08-06 10:52:38', 50),
(2204, 655, 'claudia', '2025-08-06 11:18:18', '2025-08-06 11:19:52', 50),
(2205, 655, 'claudia', '2025-08-06 11:20:33', '2025-08-06 11:20:38', 46),
(2206, 589, 'roberto', '2025-08-06 11:20:58', '2025-08-06 12:03:24', 44),
(2207, 656, 'claudia', '2025-08-06 11:39:44', '2025-08-06 11:41:28', 50),
(2208, 607, 'sofia', '2025-08-06 11:42:29', '2025-08-06 11:46:38', 47),
(2209, 656, 'claudia', '2025-08-06 11:43:40', '2025-08-06 11:47:59', 47),
(2210, 608, 'pedro', '2025-08-06 11:43:41', '2025-08-06 11:50:15', 47),
(2211, 656, 'claudia', '2025-08-06 11:52:46', '2025-08-06 11:52:50', 46),
(2212, 608, 'pedro', '2025-08-06 12:00:10', '2025-08-06 13:30:02', 42),
(2213, 607, 'sofia', '2025-08-06 12:00:14', '2025-08-06 13:30:19', 42),
(2214, 642, 'claudia', '2025-08-06 12:00:34', '2025-08-06 13:31:08', 42),
(2215, 657, 'rui', '2025-08-06 12:03:08', '2025-08-06 13:30:09', 42),
(2216, 589, 'roberto', '2025-08-06 12:03:30', '2025-08-06 13:30:29', 42),
(2217, 630, 'joaquim', '2025-08-06 12:15:30', '2025-08-06 12:18:49', 47),
(2218, 630, 'joaquim', '2025-08-06 12:31:39', '2025-08-06 13:55:28', 42),
(2219, 589, 'roberto', '2025-08-06 13:30:33', '2025-08-06 15:29:44', 44),
(2220, 642, 'claudia', '2025-08-06 13:31:23', '2025-08-06 18:01:48', 45),
(2221, 658, 'claudia', '2025-08-06 13:55:48', '2025-08-06 13:55:53', 46),
(2222, 659, 'claudia', '2025-08-06 14:00:50', '2025-08-06 14:00:54', 46),
(2223, 660, 'claudia', '2025-08-06 14:06:45', '2025-08-06 14:07:09', 49),
(2224, 660, 'claudia', '2025-08-06 14:07:15', '2025-08-06 14:08:21', 45),
(2225, 661, 'claudia', '2025-08-06 14:07:52', '2025-08-06 14:07:58', 46),
(2226, 660, 'claudia', '2025-08-06 14:17:57', '2025-08-06 14:18:04', 46),
(2227, 662, 'claudia', '2025-08-06 14:25:57', '2025-08-06 14:26:01', 46),
(2228, 663, 'claudia', '2025-08-06 14:32:14', '2025-08-06 14:35:14', 44),
(2229, 663, 'claudia', '2025-08-06 14:40:22', '2025-08-06 14:40:27', 46),
(2230, 664, 'claudia', '2025-08-06 15:07:16', '2025-08-06 15:09:53', 47),
(2231, 664, 'claudia', '2025-08-06 15:11:06', '2025-08-06 15:11:09', 46),
(2232, 664, 'claudia', '2025-08-06 15:11:19', '2025-08-06 15:11:23', 46),
(2233, 630, 'joaquim', '2025-08-06 15:12:52', '2025-08-06 15:21:52', 44),
(2234, 665, 'claudia', '2025-08-06 15:26:32', '2025-08-06 15:26:37', 46),
(2235, 666, 'claudia', '2025-08-06 15:30:57', '2025-08-06 15:36:51', 50),
(2236, 666, 'claudia', '2025-08-06 15:43:14', '2025-08-06 15:43:18', 46),
(2237, 667, 'claudia', '2025-08-06 15:46:05', '2025-08-06 15:46:28', 48),
(2238, 667, 'claudia', '2025-08-06 15:46:37', '2025-08-06 16:58:08', 45),
(2239, 668, 'claudia', '2025-08-06 15:54:56', '2025-08-06 15:55:01', 46),
(2240, 669, 'claudia', '2025-08-06 16:00:14', '2025-08-06 16:14:36', 43),
(2241, 611, 'sofia', '2025-08-06 16:00:15', '2025-08-06 16:14:23', 43),
(2242, 608, 'pedro', '2025-08-06 16:00:37', '2025-08-06 16:13:40', 43),
(2243, 630, 'joaquim', '2025-08-06 16:02:18', '2025-08-06 16:18:51', 43),
(2244, 615, 'rui', '2025-08-06 16:02:25', '2025-08-06 16:15:12', 43),
(2245, 669, 'claudia', '2025-08-06 16:16:39', '2025-08-06 16:16:43', 46),
(2246, 615, 'rui', '2025-08-06 16:17:50', '2025-08-06 19:04:17', 52),
(2247, 670, 'claudia', '2025-08-06 16:21:17', '2025-08-06 16:21:23', 46),
(2248, 672, 'claudia', '2025-08-06 16:27:35', '2025-08-06 16:27:42', 46),
(2249, 671, 'rui', '2025-08-06 16:29:21', '2025-08-06 16:46:47', 44),
(2250, 673, 'claudia', '2025-08-06 16:32:10', '2025-08-06 16:32:29', 50),
(2251, 673, 'claudia', '2025-08-06 16:33:54', '2025-08-06 16:33:59', 46),
(2252, 674, 'claudia', '2025-08-06 16:45:23', '2025-08-06 16:45:27', 46),
(2253, 675, 'claudia', '2025-08-06 16:46:18', '2025-08-06 16:48:04', 50),
(2254, 671, 'rui', '2025-08-06 16:51:53', '2025-08-06 19:04:17', 45),
(2255, 677, 'claudia', '2025-08-06 17:13:50', '2025-08-06 17:15:17', 47),
(2256, 678, 'claudia', '2025-08-06 17:20:59', '2025-08-06 17:23:40', 47),
(2257, 608, 'pedro', '2025-08-06 17:25:30', '2025-08-06 17:40:45', 44),
(2258, 630, 'joaquim', '2025-08-06 17:42:42', '2025-08-06 17:53:41', 47),
(2259, 680, 'claudia', '2025-08-06 17:48:04', '2025-08-06 17:48:08', 46),
(2260, 681, 'claudia', '2025-08-06 17:54:32', '2025-08-06 18:00:22', 50),
(2261, 681, 'claudia', '2025-08-06 18:00:29', '2025-08-06 18:00:33', 46),
(2262, 629, 'sofia', '2025-08-06 18:17:13', '2025-08-06 18:22:58', 47),
(2263, 615, 'rui', '2025-08-07 08:07:56', '2025-08-07 19:03:27', 52),
(2264, 671, 'rui', '2025-08-07 08:07:56', '2025-08-07 11:11:30', 45),
(2265, 630, 'joaquim', '2025-08-07 08:35:24', '2025-08-07 10:01:13', 44),
(2266, 629, 'sofia', '2025-08-07 08:53:13', '2025-08-07 08:53:20', 46),
(2267, 570, 'claudia', '2025-08-07 09:02:14', '2025-08-07 18:02:41', 45),
(2268, 577, 'claudia', '2025-08-07 09:02:14', '2025-08-07 18:02:41', 45),
(2269, 578, 'claudia', '2025-08-07 09:02:14', '2025-08-07 18:02:41', 45),
(2270, 580, 'claudia', '2025-08-07 09:02:14', '2025-08-07 18:02:41', 45),
(2271, 638, 'claudia', '2025-08-07 09:02:13', '2025-08-07 18:02:41', 45),
(2272, 642, 'claudia', '2025-08-07 09:02:14', '2025-08-07 18:02:41', 45),
(2273, 682, 'claudia', '2025-08-07 09:27:20', '2025-08-07 09:27:24', 46),
(2274, 683, 'claudia', '2025-08-07 09:48:33', '2025-08-07 09:48:37', 46),
(2275, 684, 'claudia', '2025-08-07 09:55:58', '2025-08-07 09:56:02', 46),
(2276, 680, 'sofia', '2025-08-07 10:00:11', '2025-08-07 10:15:27', 43),
(2277, 608, 'pedro', '2025-08-07 10:00:14', '2025-08-07 10:14:18', 43),
(2278, 685, 'claudia', '2025-08-07 10:00:23', '2025-08-07 10:26:28', 43),
(2279, 630, 'joaquim', '2025-08-07 10:01:20', '2025-08-07 10:17:29', 43),
(2280, 589, 'roberto', '2025-08-07 10:01:37', '2025-08-07 10:52:11', 43),
(2281, 630, 'joaquim', '2025-08-07 10:17:37', '2025-08-07 12:34:33', 44),
(2282, 685, 'claudia', '2025-08-07 10:35:57', '2025-08-07 10:38:27', 50),
(2283, 685, 'claudia', '2025-08-07 10:44:48', '2025-08-07 10:44:52', 46),
(2284, 686, 'claudia', '2025-08-07 10:48:41', '2025-08-07 11:04:58', 47),
(2285, 589, 'roberto', '2025-08-07 10:52:15', '2025-08-07 12:03:42', 44),
(2286, 686, 'claudia', '2025-08-07 11:05:20', '2025-08-07 11:05:25', 46),
(2287, 687, 'claudia', '2025-08-07 11:07:33', '2025-08-07 11:40:23', 44),
(2288, 671, 'rui', '2025-08-07 11:11:34', '2025-08-07 15:37:35', 48),
(2289, 687, 'claudia', '2025-08-07 11:50:20', '2025-08-07 11:50:25', 46),
(2290, 572, 'pedro', '2025-08-07 12:00:12', '2025-08-07 13:30:09', 42),
(2291, 631, 'sofia', '2025-08-07 12:00:13', '2025-08-07 13:30:13', 42),
(2292, 589, 'roberto', '2025-08-07 12:03:47', '2025-08-07 13:33:39', 42),
(2293, 630, 'joaquim', '2025-08-07 12:34:42', '2025-08-07 14:06:59', 42),
(2294, 589, 'roberto', '2025-08-07 13:33:49', '2025-08-07 13:33:50', 44),
(2295, 589, 'roberto', '2025-08-07 13:33:54', '2025-08-07 18:00:29', 44),
(2296, 688, 'claudia', '2025-08-07 13:36:28', '2025-08-07 13:36:32', 46),
(2297, 689, 'claudia', '2025-08-07 13:48:35', '2025-08-07 13:48:39', 46),
(2298, 630, 'joaquim', '2025-08-07 14:07:23', '2025-08-07 14:22:26', 44),
(2299, 690, 'claudia', '2025-08-07 14:18:04', '2025-08-07 14:18:08', 46),
(2300, 631, 'sofia', '2025-08-07 14:24:15', '2025-08-07 14:24:26', 46),
(2301, 572, 'pedro', '2025-08-07 14:33:16', '2025-08-07 14:33:20', 46),
(2302, 691, 'claudia', '2025-08-07 14:45:01', '2025-08-07 14:52:13', 50),
(2303, 691, 'claudia', '2025-08-07 14:54:03', '2025-08-07 14:54:08', 46),
(2304, 692, 'claudia', '2025-08-07 15:02:07', '2025-08-07 15:04:36', 50),
(2305, 692, 'claudia', '2025-08-07 15:09:57', '2025-08-07 15:10:04', 46),
(2306, 693, 'claudia', '2025-08-07 15:16:23', '2025-08-07 15:16:27', 46),
(2307, 694, 'claudia', '2025-08-07 15:20:15', '2025-08-07 15:22:36', 47),
(2308, 694, 'claudia', '2025-08-07 15:28:52', '2025-08-07 15:29:01', 46),
(2309, 659, 'sofia', '2025-08-07 15:36:11', '2025-08-07 18:00:07', 45),
(2310, 671, 'rui', '2025-08-07 15:37:46', '2025-08-07 19:03:27', 45),
(2311, 695, 'claudia', '2025-08-07 16:00:16', '2025-08-07 16:14:50', 43),
(2312, 630, 'joaquim', '2025-08-07 16:00:45', '2025-08-07 16:12:58', 43),
(2313, 632, 'sofia', '2025-08-07 16:01:58', '2025-08-07 16:15:18', 43),
(2314, 696, 'rui', '2025-08-07 16:13:27', '2025-08-07 16:17:28', 43),
(2315, 695, 'claudia', '2025-08-07 16:16:39', '2025-08-07 16:19:17', 50),
(2316, 696, 'rui', '2025-08-07 16:17:32', '2025-08-07 19:03:27', 44),
(2317, 695, 'claudia', '2025-08-07 16:28:27', '2025-08-07 16:28:38', 46),
(2318, 697, 'claudia', '2025-08-07 16:29:02', '2025-08-07 16:29:05', 46),
(2319, 698, 'claudia', '2025-08-07 16:29:34', '2025-08-07 16:29:42', 46),
(2320, 699, 'claudia', '2025-08-07 16:36:29', '2025-08-07 16:36:33', 46),
(2321, 700, 'claudia', '2025-08-07 16:44:57', '2025-08-07 18:02:41', 45),
(2322, 701, 'claudia', '2025-08-07 16:51:47', '2025-08-07 16:51:51', 46),
(2323, 702, 'claudia', '2025-08-07 17:02:08', '2025-08-07 17:02:13', 46),
(2324, 703, 'claudia', '2025-08-07 17:28:13', '2025-08-07 17:30:44', 47),
(2325, 703, 'claudia', '2025-08-07 17:31:18', '2025-08-07 17:31:22', 46),
(2326, 632, 'sofia', '2025-08-07 17:32:22', '2025-08-07 17:36:50', 47),
(2327, 585, 'pedro', '2025-08-07 18:10:21', '2025-08-07 18:16:24', 47),
(2328, 630, 'joaquim', '2025-08-07 18:18:50', '2025-08-07 18:38:57', 44),
(2329, 615, 'rui', '2025-08-08 07:58:39', '2025-08-08 19:06:36', 52),
(2330, 671, 'rui', '2025-08-08 07:58:39', '2025-08-08 12:06:01', 45),
(2331, 696, 'rui', '2025-08-08 07:58:39', '2025-08-08 07:58:48', 44),
(2332, 659, 'sofia', '2025-08-08 08:00:07', '2025-08-08 18:00:10', 45),
(2333, 635, 'rui', '2025-08-08 08:04:19', '2025-08-08 08:26:00', 44),
(2334, 635, 'rui', '2025-08-08 08:42:17', '2025-08-08 09:25:13', 44),
(2335, 632, 'sofia', '2025-08-08 08:59:17', '2025-08-08 09:14:46', 46),
(2336, 570, 'claudia', '2025-08-08 09:05:31', '2025-08-08 18:17:19', 45),
(2337, 577, 'claudia', '2025-08-08 09:05:31', '2025-08-08 18:17:19', 45),
(2338, 578, 'claudia', '2025-08-08 09:05:31', '2025-08-08 18:17:19', 45),
(2339, 580, 'claudia', '2025-08-08 09:05:31', '2025-08-08 18:17:19', 45),
(2340, 638, 'claudia', '2025-08-08 09:05:31', '2025-08-08 18:17:19', 45),
(2341, 642, 'claudia', '2025-08-08 09:05:31', '2025-08-08 18:17:19', 45),
(2342, 700, 'claudia', '2025-08-08 09:05:31', '2025-08-08 18:17:19', 45),
(2343, 632, 'sofia', '2025-08-08 09:14:54', '2025-08-08 18:00:10', 45),
(2344, 676, 'rui', '2025-08-08 09:27:44', '2025-08-08 11:16:24', 49),
(2345, 654, 'sofia', '2025-08-08 10:00:35', '2025-08-08 10:14:11', 43),
(2346, 602, 'pedro', '2025-08-08 10:00:44', '2025-08-08 10:13:28', 43),
(2347, 705, 'claudia', '2025-08-08 10:00:49', '2025-08-08 10:14:19', 43),
(2348, 630, 'joaquim', '2025-08-08 10:01:42', '2025-08-08 10:16:28', 43),
(2349, 630, 'joaquim', '2025-08-08 10:17:39', '2025-08-08 10:23:07', 44),
(2350, 705, 'claudia', '2025-08-08 10:23:04', '2025-08-08 10:23:09', 46),
(2351, 630, 'joaquim', '2025-08-08 10:30:38', '2025-08-08 10:36:58', 44),
(2352, 706, 'claudia', '2025-08-08 10:35:42', '2025-08-08 10:38:01', 47),
(2353, 706, 'claudia', '2025-08-08 10:38:17', '2025-08-08 10:38:21', 46),
(2354, 707, 'claudia', '2025-08-08 10:39:38', '2025-08-08 10:48:34', 50),
(2355, 630, 'joaquim', '2025-08-08 10:41:24', '2025-08-08 10:43:08', 44),
(2356, 707, 'claudia', '2025-08-08 10:54:16', '2025-08-08 10:59:30', 45),
(2357, 630, 'joaquim', '2025-08-08 10:56:02', '2025-08-08 12:01:13', 44),
(2358, 708, 'claudia', '2025-08-08 10:59:17', '2025-08-08 10:59:20', 46),
(2359, 707, 'claudia', '2025-08-08 10:59:42', '2025-08-08 11:01:12', 50),
(2360, 602, 'pedro', '2025-08-08 11:06:03', '2025-08-08 11:12:51', 47),
(2361, 707, 'claudia', '2025-08-08 11:16:42', '2025-08-08 11:16:49', 46),
(2362, 654, 'sofia', '2025-08-08 11:22:07', '2025-08-08 11:22:11', 46),
(2363, 656, 'sofia', '2025-08-08 11:43:39', '2025-08-08 11:46:59', 47),
(2364, 709, 'claudia', '2025-08-08 11:44:19', '2025-08-08 11:44:24', 46),
(2365, 710, 'claudia', '2025-08-08 11:47:41', '2025-08-08 18:17:19', 45),
(2366, 711, 'claudia', '2025-08-08 11:54:32', '2025-08-08 18:17:19', 45),
(2367, 656, 'sofia', '2025-08-08 12:01:06', '2025-08-08 13:30:11', 42),
(2368, 602, 'pedro', '2025-08-08 12:01:17', '2025-08-08 13:30:12', 42),
(2369, 712, 'claudia', '2025-08-08 12:01:39', '2025-08-08 13:36:14', 42),
(2370, 671, 'rui', '2025-08-08 12:06:08', '2025-08-08 13:33:02', 42),
(2371, 671, 'rui', '2025-08-08 13:33:24', '2025-08-08 19:06:36', 45),
(2372, 712, 'claudia', '2025-08-08 13:51:18', '2025-08-08 13:51:37', 46),
(2373, 713, 'claudia', '2025-08-08 13:56:34', '2025-08-08 18:17:19', 45),
(2374, 714, 'claudia', '2025-08-08 14:08:52', '2025-08-08 14:08:58', 46),
(2375, 715, 'claudia', '2025-08-08 14:13:18', '2025-08-08 14:13:23', 46),
(2376, 716, 'claudia', '2025-08-08 14:17:53', '2025-08-08 14:23:57', 44),
(2377, 716, 'claudia', '2025-08-08 14:35:39', '2025-08-08 14:35:44', 46),
(2378, 717, 'claudia', '2025-08-08 15:01:07', '2025-08-08 15:01:11', 46),
(2379, 718, 'claudia', '2025-08-08 15:25:36', '2025-08-08 15:27:47', 47),
(2380, 718, 'claudia', '2025-08-08 15:28:22', '2025-08-08 15:28:26', 46),
(2381, 719, 'claudia', '2025-08-08 15:40:45', '2025-08-08 15:40:49', 46),
(2382, 720, 'claudia', '2025-08-08 15:45:20', '2025-08-08 15:45:23', 46),
(2383, 656, 'sofia', '2025-08-08 15:47:37', '2025-08-08 15:47:41', 46),
(2384, 602, 'pedro', '2025-08-08 16:00:12', '2025-08-08 16:13:24', 43),
(2385, 721, 'claudia', '2025-08-08 16:00:20', '2025-08-08 16:12:48', 43),
(2386, 721, 'claudia', '2025-08-08 16:17:31', '2025-08-08 16:17:35', 46),
(2387, 722, 'claudia', '2025-08-08 16:32:58', '2025-08-08 16:33:04', 46),
(2388, 723, 'claudia', '2025-08-08 17:10:06', '2025-08-08 17:10:13', 46),
(2389, 682, 'sofia', '2025-08-08 17:17:29', '2025-08-08 17:17:35', 46),
(2390, 683, 'sofia', '2025-08-08 17:40:30', '2025-08-08 17:45:05', 47),
(2391, 725, 'claudia', '2025-08-08 18:17:14', '2025-08-08 18:17:17', 46),
(2392, 602, 'pedro', '2025-08-09 10:00:15', '2025-08-09 10:13:11', 43),
(2393, 602, 'pedro', '2025-08-09 11:59:51', '2025-08-09 11:59:59', 46),
(2394, 632, 'sofia', '2025-08-11 08:00:58', '2025-08-11 19:00:07', 45),
(2395, 659, 'sofia', '2025-08-11 08:00:58', '2025-08-11 19:00:07', 45),
(2396, 615, 'rui', '2025-08-11 08:04:05', '2025-08-11 15:46:06', 52),
(2397, 671, 'rui', '2025-08-11 08:03:59', '2025-08-11 19:01:13', 45),
(2398, 583, 'rui', '2025-08-11 08:16:41', '2025-08-11 08:17:34', 52),
(2399, 726, 'rui', '2025-08-11 08:17:27', '2025-08-11 08:17:31', 46),
(2400, 726, 'pedro', '2025-08-11 08:17:31', '2025-08-11 08:18:04', 46),
(2401, 570, 'claudia', '2025-08-11 09:11:48', '2025-08-11 18:00:28', 45),
(2402, 577, 'claudia', '2025-08-11 09:11:49', '2025-08-11 18:00:28', 45),
(2403, 578, 'claudia', '2025-08-11 09:11:49', '2025-08-11 18:00:28', 45),
(2404, 580, 'claudia', '2025-08-11 09:12:06', '2025-08-11 18:00:28', 45),
(2405, 638, 'claudia', '2025-08-11 09:12:06', '2025-08-11 18:00:28', 45),
(2406, 642, 'claudia', '2025-08-11 09:12:06', '2025-08-11 18:00:28', 45),
(2407, 700, 'claudia', '2025-08-11 09:12:06', '2025-08-11 18:00:28', 45),
(2408, 710, 'claudia', '2025-08-11 09:12:06', '2025-08-11 18:00:28', 45),
(2409, 711, 'claudia', '2025-08-11 09:12:06', '2025-08-11 18:00:28', 45),
(2410, 713, 'claudia', '2025-08-11 09:12:06', '2025-08-11 18:00:28', 45),
(2411, 727, 'claudia', '2025-08-11 09:30:38', '2025-08-11 09:33:31', 50),
(2412, 727, 'claudia', '2025-08-11 09:39:21', '2025-08-11 09:45:53', 50),
(2413, 728, 'claudia', '2025-08-11 09:52:40', '2025-08-11 09:52:45', 46),
(2414, 729, 'claudia', '2025-08-11 09:55:53', '2025-08-11 18:00:28', 45),
(2415, 730, 'claudia', '2025-08-11 09:57:06', '2025-08-11 09:59:26', 50),
(2416, 730, 'claudia', '2025-08-11 10:00:29', '2025-08-11 10:14:08', 43),
(2417, 683, 'sofia', '2025-08-11 10:00:34', '2025-08-11 10:15:04', 43),
(2418, 630, 'joaquim', '2025-08-11 10:00:43', '2025-08-11 10:13:52', 43),
(2419, 583, 'rui', '2025-08-11 10:01:49', '2025-08-11 10:17:04', 43),
(2420, 683, 'sofia', '2025-08-11 10:26:35', '2025-08-11 10:26:43', 46),
(2421, 730, 'claudia', '2025-08-11 10:41:53', '2025-08-11 10:41:57', 46),
(2422, 731, 'claudia', '2025-08-11 10:49:28', '2025-08-11 10:52:08', 47),
(2423, 731, 'claudia', '2025-08-11 10:53:26', '2025-08-11 10:53:30', 46),
(2424, 732, 'claudia', '2025-08-11 11:06:31', '2025-08-11 11:06:35', 46),
(2425, 733, 'claudia', '2025-08-11 11:28:02', '2025-08-11 11:56:17', 44),
(2426, 686, 'pedro', '2025-08-11 11:49:13', '2025-08-11 11:49:18', 46),
(2427, 692, 'pedro', '2025-08-11 12:00:13', '2025-08-11 13:30:23', 42),
(2428, 685, 'sofia', '2025-08-11 12:00:14', '2025-08-11 13:32:50', 42),
(2429, 583, 'rui', '2025-08-11 12:01:25', '2025-08-11 13:30:37', 42),
(2430, 733, 'claudia', '2025-08-11 12:03:02', '2025-08-11 13:28:13', 42),
(2431, 630, 'joaquim', '2025-08-11 12:34:38', '2025-08-11 15:23:09', 42),
(2432, 733, 'claudia', '2025-08-11 13:32:35', '2025-08-11 13:32:39', 46),
(2433, 734, 'claudia', '2025-08-11 13:33:08', '2025-08-11 13:33:13', 46),
(2434, 735, 'claudia', '2025-08-11 13:33:58', '2025-08-11 13:34:04', 46),
(2435, 692, 'pedro', '2025-08-11 13:50:26', '2025-08-11 13:50:30', 46),
(2436, 685, 'sofia', '2025-08-11 14:22:53', '2025-08-11 14:23:25', 46),
(2437, 736, 'claudia', '2025-08-11 14:23:03', '2025-08-11 14:23:07', 46),
(2438, 737, 'claudia', '2025-08-11 14:37:43', '2025-08-11 14:37:48', 46),
(2439, 694, 'pedro', '2025-08-11 14:49:37', '2025-08-11 14:49:43', 46),
(2440, 738, 'claudia', '2025-08-11 14:54:45', '2025-08-11 14:54:52', 46),
(2441, 739, 'claudia', '2025-08-11 14:58:25', '2025-08-11 14:58:29', 46),
(2442, 740, 'claudia', '2025-08-11 15:09:49', '2025-08-11 15:09:53', 46),
(2443, 741, 'claudia', '2025-08-11 15:29:58', '2025-08-11 15:32:20', 47),
(2444, 741, 'claudia', '2025-08-11 15:39:27', '2025-08-11 15:39:30', 46),
(2445, 742, 'claudia', '2025-08-11 15:48:31', '2025-08-11 15:48:34', 46),
(2446, 687, 'pedro', '2025-08-11 16:00:08', '2025-08-11 16:15:43', 43),
(2447, 690, 'sofia', '2025-08-11 16:00:11', '2025-08-11 16:14:23', 43),
(2448, 615, 'rui', '2025-08-11 16:00:30', '2025-08-11 16:19:17', 43),
(2449, 743, 'claudia', '2025-08-11 16:00:36', '2025-08-11 16:14:24', 43),
(2450, 630, 'joaquim', '2025-08-11 16:02:48', '2025-08-11 16:12:56', 43),
(2451, 743, 'claudia', '2025-08-11 16:30:44', '2025-08-11 16:30:52', 46),
(2452, 630, 'joaquim', '2025-08-11 16:44:49', '2025-08-11 19:01:37', 44),
(2453, 744, 'claudia', '2025-08-11 16:58:54', '2025-08-11 17:12:54', 50),
(2454, 744, 'claudia', '2025-08-11 17:13:40', '2025-08-11 17:13:47', 46),
(2455, 745, 'claudia', '2025-08-11 17:28:23', '2025-08-11 17:28:27', 46),
(2456, 746, 'claudia', '2025-08-11 17:40:44', '2025-08-11 17:40:49', 46),
(2457, 695, 'pedro', '2025-08-11 17:43:21', '2025-08-11 17:43:26', 46),
(2458, 747, 'claudia', '2025-08-11 17:46:50', '2025-08-11 17:49:12', 47),
(2459, 747, 'claudia', '2025-08-11 17:50:36', '2025-08-11 17:50:42', 46),
(2460, 691, 'sofia', '2025-08-11 18:20:58', '2025-08-11 18:21:04', 46),
(2461, 693, 'sofia', '2025-08-11 18:26:57', '2025-08-11 18:31:15', 47),
(2462, 630, 'joaquim', '2025-08-12 07:58:35', '2025-08-12 16:30:34', 44),
(2463, 632, 'sofia', '2025-08-12 08:01:35', '2025-08-12 18:00:04', 45),
(2464, 659, 'sofia', '2025-08-12 08:01:34', '2025-08-12 18:00:04', 45),
(2465, 671, 'rui', '2025-08-12 08:08:21', '2025-08-12 15:44:16', 45),
(2466, 570, 'claudia', '2025-08-12 09:02:04', '2025-08-12 18:05:01', 45),
(2467, 577, 'claudia', '2025-08-12 09:02:25', '2025-08-12 18:05:01', 45),
(2468, 578, 'claudia', '2025-08-12 09:02:05', '2025-08-12 18:05:01', 45),
(2469, 580, 'claudia', '2025-08-12 09:02:05', '2025-08-12 18:05:01', 45),
(2470, 638, 'claudia', '2025-08-12 09:02:25', '2025-08-12 18:05:01', 45),
(2471, 642, 'claudia', '2025-08-12 09:02:15', '2025-08-12 18:05:01', 45),
(2472, 700, 'claudia', '2025-08-12 09:02:25', '2025-08-12 18:05:01', 45),
(2473, 710, 'claudia', '2025-08-12 09:02:25', '2025-08-12 18:05:01', 45),
(2474, 711, 'claudia', '2025-08-12 09:02:25', '2025-08-12 18:05:01', 45),
(2475, 713, 'claudia', '2025-08-12 09:02:24', '2025-08-12 18:05:01', 45),
(2476, 729, 'claudia', '2025-08-12 09:02:25', '2025-08-12 18:05:01', 45),
(2477, 727, 'claudia', '2025-08-12 09:07:34', '2025-08-12 09:16:19', 50),
(2478, 748, 'claudia', '2025-08-12 09:28:59', '2025-08-12 09:29:04', 46),
(2479, 749, 'claudia', '2025-08-12 09:43:03', '2025-08-12 09:47:31', 44),
(2480, 750, 'claudia', '2025-08-12 09:52:37', '2025-08-12 09:58:10', 44),
(2481, 702, 'sofia', '2025-08-12 09:57:41', '2025-08-12 09:58:10', 46),
(2482, 727, 'claudia', '2025-08-12 10:00:16', '2025-08-12 10:14:29', 43),
(2483, 655, 'pedro', '2025-08-12 10:00:18', '2025-08-12 10:13:20', 43),
(2484, 703, 'sofia', '2025-08-12 10:00:19', '2025-08-12 10:14:53', 43),
(2485, 655, 'pedro', '2025-08-12 10:45:26', '2025-08-12 10:45:30', 46),
(2486, 751, 'claudia', '2025-08-12 10:49:14', '2025-08-12 10:49:17', 46),
(2487, 752, 'claudia', '2025-08-12 10:51:50', '2025-08-12 15:55:58', 45),
(2488, 753, 'claudia', '2025-08-12 11:10:03', '2025-08-12 11:15:49', 50),
(2489, 753, 'claudia', '2025-08-12 11:37:08', '2025-08-12 11:37:12', 46),
(2490, 703, 'sofia', '2025-08-12 12:00:10', '2025-08-12 13:31:29', 42),
(2491, 712, 'pedro', '2025-08-12 12:00:12', '2025-08-12 13:30:32', 42),
(2492, 754, 'claudia', '2025-08-12 12:00:16', '2025-08-12 14:11:36', 42),
(2493, 583, 'rui', '2025-08-12 12:04:39', '2025-08-12 13:29:01', 42),
(2494, 712, 'pedro', '2025-08-12 13:52:30', '2025-08-12 13:52:34', 46),
(2495, 754, 'claudia', '2025-08-12 14:19:46', '2025-08-12 14:19:50', 46),
(2496, 714, 'pedro', '2025-08-12 14:24:09', '2025-08-12 14:24:13', 46),
(2497, 703, 'sofia', '2025-08-12 14:31:35', '2025-08-12 14:32:04', 46),
(2498, 755, 'claudia', '2025-08-12 14:35:25', '2025-08-12 14:35:30', 46);
INSERT INTO `pausas_tarefas` (`id`, `tarefa_id`, `funcionario`, `data_pausa`, `data_retorno`, `motivo_id`) VALUES
(2499, 756, 'claudia', '2025-08-12 14:42:03', '2025-08-12 14:43:50', 50),
(2500, 756, 'claudia', '2025-08-12 14:46:12', '2025-08-12 14:48:39', 47),
(2501, 756, 'claudia', '2025-08-12 14:49:19', '2025-08-12 14:49:25', 46),
(2502, 757, 'claudia', '2025-08-12 15:00:18', '2025-08-12 15:00:21', 46),
(2503, 758, 'claudia', '2025-08-12 15:01:16', '2025-08-12 18:05:01', 45),
(2504, 707, 'pedro', '2025-08-12 15:03:33', '2025-08-12 15:10:27', 47),
(2505, 759, 'claudia', '2025-08-12 15:10:36', '2025-08-12 15:10:40', 46),
(2506, 760, 'claudia', '2025-08-12 15:21:43', '2025-08-12 15:21:48', 46),
(2507, 615, 'rui', '2025-08-12 15:43:31', '2025-08-12 15:43:35', 46),
(2508, 615, 'roberto', '2025-08-12 15:43:35', '2025-08-12 16:51:03', 46),
(2509, 707, 'pedro', '2025-08-12 15:45:22', '2025-08-12 15:45:25', 46),
(2510, 761, 'claudia', '2025-08-12 15:55:44', '2025-08-12 15:55:49', 46),
(2511, 726, 'pedro', '2025-08-12 16:00:07', '2025-08-12 16:13:30', 43),
(2512, 762, 'rui', '2025-08-12 16:00:42', '2025-08-12 16:13:58', 43),
(2513, 716, 'sofia', '2025-08-12 16:10:54', '2025-08-12 16:15:38', 43),
(2514, 762, 'rui', '2025-08-12 16:14:22', '2025-08-12 18:02:23', 52),
(2515, 752, 'claudia', '2025-08-12 16:14:53', '2025-08-12 16:16:57', 43),
(2516, 752, 'claudia', '2025-08-12 16:17:04', '2025-08-12 16:17:08', 46),
(2517, 763, 'claudia', '2025-08-12 16:26:24', '2025-08-12 16:26:28', 46),
(2518, 764, 'claudia', '2025-08-12 16:31:51', '2025-08-12 16:31:56', 46),
(2519, 765, 'claudia', '2025-08-12 16:36:56', '2025-08-12 16:37:10', 46),
(2520, 766, 'claudia', '2025-08-12 16:39:43', '2025-08-12 18:05:01', 45),
(2521, 767, 'claudia', '2025-08-12 16:52:53', '2025-08-12 17:06:24', 47),
(2522, 716, 'sofia', '2025-08-12 16:54:02', '2025-08-12 16:58:59', 47),
(2523, 768, 'rui', '2025-08-12 17:00:53', '2025-08-12 17:00:58', 46),
(2524, 768, 'joaquim', '2025-08-12 17:00:58', '2025-08-12 18:03:05', 46),
(2525, 769, 'rui', '2025-08-12 17:01:27', '2025-08-12 17:01:31', 46),
(2526, 769, 'roberto', '2025-08-12 17:01:31', '2025-08-12 18:00:07', 46),
(2527, 770, 'rui', '2025-08-12 17:01:46', '2025-08-12 17:01:49', 46),
(2528, 770, 'roberto', '2025-08-12 17:01:49', '2025-08-12 18:00:07', 46),
(2529, 767, 'claudia', '2025-08-12 17:10:57', '2025-08-12 17:11:01', 46),
(2530, 716, 'sofia', '2025-08-12 17:12:26', '2025-08-12 17:12:42', 46),
(2531, 615, 'roberto', '2025-08-12 17:18:03', '2025-08-12 17:59:53', 44),
(2532, 771, 'claudia', '2025-08-12 17:21:17', '2025-08-12 17:21:20', 46),
(2533, 772, 'claudia', '2025-08-12 17:22:50', '2025-08-12 18:05:01', 45),
(2534, 773, 'claudia', '2025-08-12 17:28:42', '2025-08-12 17:28:46', 46),
(2535, 775, 'rui', '2025-08-12 17:49:04', '2025-08-12 17:49:08', 46),
(2536, 775, 'sofia', '2025-08-12 17:49:08', '2025-08-12 18:00:04', 46),
(2537, 776, 'claudia', '2025-08-12 17:52:56', '2025-08-12 17:53:01', 46),
(2538, 777, 'claudia', '2025-08-12 17:58:47', '2025-08-12 17:58:51', 46),
(2539, 632, 'sofia', '2025-08-13 08:03:21', '2025-08-13 15:52:40', 45),
(2540, 659, 'sofia', '2025-08-13 08:03:21', '2025-08-13 15:52:40', 45),
(2541, 775, 'sofia', '2025-08-13 08:03:21', '2025-08-13 09:42:22', 46),
(2542, 768, 'joaquim', '2025-08-13 08:05:30', '2025-08-13 08:05:40', 46),
(2543, 769, 'roberto', '2025-08-13 08:13:07', '2025-08-13 12:01:09', 46),
(2544, 770, 'roberto', '2025-08-13 08:13:07', '2025-08-13 12:01:09', 46),
(2545, 615, 'roberto', '2025-08-13 08:13:29', '2025-08-13 10:01:56', 44),
(2546, 762, 'rui', '2025-08-13 08:14:51', '2025-08-13 16:02:14', 52),
(2547, 570, 'claudia', '2025-08-13 09:03:28', '2025-08-13 15:57:34', 45),
(2548, 577, 'claudia', '2025-08-13 09:03:28', '2025-08-13 15:57:34', 45),
(2549, 578, 'claudia', '2025-08-13 09:03:28', '2025-08-13 15:57:34', 45),
(2550, 580, 'claudia', '2025-08-13 09:03:28', '2025-08-13 15:57:34', 45),
(2551, 638, 'claudia', '2025-08-13 09:03:14', '2025-08-13 15:57:34', 45),
(2552, 642, 'claudia', '2025-08-13 09:03:15', '2025-08-13 15:57:34', 45),
(2553, 700, 'claudia', '2025-08-13 09:03:28', '2025-08-13 15:57:34', 45),
(2554, 710, 'claudia', '2025-08-13 09:03:28', '2025-08-13 11:41:25', 45),
(2555, 711, 'claudia', '2025-08-13 09:03:28', '2025-08-13 15:57:34', 45),
(2556, 713, 'claudia', '2025-08-13 09:03:28', '2025-08-13 15:57:34', 45),
(2557, 729, 'claudia', '2025-08-13 09:03:28', '2025-08-13 15:57:34', 45),
(2558, 758, 'claudia', '2025-08-13 09:03:28', '2025-08-13 15:57:34', 45),
(2559, 766, 'claudia', '2025-08-13 09:03:28', '2025-08-13 15:57:34', 45),
(2560, 772, 'claudia', '2025-08-13 09:03:28', '2025-08-13 15:57:34', 45),
(2561, 778, 'claudia', '2025-08-13 09:29:03', '2025-08-13 09:29:07', 46),
(2562, 779, 'claudia', '2025-08-13 09:56:48', '2025-08-13 09:56:52', 46),
(2563, 780, 'claudia', '2025-08-13 10:00:11', '2025-08-13 10:14:19', 43),
(2564, 775, 'sofia', '2025-08-13 10:00:13', '2025-08-13 10:14:24', 43),
(2565, 705, 'pedro', '2025-08-13 10:00:19', '2025-08-13 10:14:59', 43),
(2566, 781, 'rui', '2025-08-13 10:01:24', '2025-08-13 10:14:35', 43),
(2567, 615, 'roberto', '2025-08-13 10:02:01', '2025-08-13 12:00:54', 43),
(2568, 768, 'joaquim', '2025-08-13 10:12:43', '2025-08-13 10:49:46', 43),
(2569, 705, 'pedro', '2025-08-13 10:18:45', '2025-08-13 10:18:49', 46),
(2570, 780, 'claudia', '2025-08-13 10:18:58', '2025-08-13 10:19:01', 46),
(2571, 782, 'claudia', '2025-08-13 10:29:17', '2025-08-13 10:31:39', 47),
(2572, 782, 'claudia', '2025-08-13 10:39:59', '2025-08-13 15:57:34', 45),
(2573, 689, 'pedro', '2025-08-13 10:47:28', '2025-08-13 10:49:27', 44),
(2574, 768, 'joaquim', '2025-08-13 10:50:01', '2025-08-13 14:08:24', 44),
(2575, 710, 'claudia', '2025-08-13 11:43:41', '2025-08-13 11:43:45', 46),
(2576, 783, 'claudia', '2025-08-13 11:51:41', '2025-08-13 11:51:45', 46),
(2577, 718, 'pedro', '2025-08-13 12:00:12', '2025-08-13 13:30:09', 42),
(2578, 775, 'sofia', '2025-08-13 12:00:15', '2025-08-13 13:30:10', 42),
(2579, 727, 'claudia', '2025-08-13 12:00:47', '2025-08-13 13:29:38', 42),
(2580, 615, 'roberto', '2025-08-13 12:01:07', '2025-08-13 13:50:02', 42),
(2581, 770, 'roberto', '2025-08-13 12:01:09', '2025-08-13 13:50:02', 42),
(2582, 769, 'roberto', '2025-08-13 12:01:09', '2025-08-13 13:50:02', 42),
(2583, 781, 'rui', '2025-08-13 12:02:42', '2025-08-13 13:30:04', 42),
(2584, 781, 'rui', '2025-08-13 13:30:14', '2025-08-13 16:02:14', 52),
(2585, 785, 'claudia', '2025-08-13 13:40:53', '2025-08-13 13:43:17', 47),
(2586, 785, 'claudia', '2025-08-13 13:44:01', '2025-08-13 13:44:06', 46),
(2587, 770, 'roberto', '2025-08-13 13:50:02', '2025-08-13 15:51:39', 46),
(2588, 769, 'roberto', '2025-08-13 13:50:02', '2025-08-13 15:51:39', 46),
(2589, 615, 'roberto', '2025-08-13 13:50:08', '2025-08-13 15:51:34', 44),
(2590, 786, 'claudia', '2025-08-13 13:50:29', '2025-08-13 14:01:40', 44),
(2591, 784, 'rui', '2025-08-13 14:04:07', '2025-08-13 14:46:09', 44),
(2592, 786, 'claudia', '2025-08-13 14:04:35', '2025-08-13 14:04:40', 46),
(2593, 768, 'joaquim', '2025-08-13 14:08:45', '2025-08-13 14:20:53', 44),
(2594, 784, 'rui', '2025-08-13 14:51:50', '2025-08-13 16:02:14', 45),
(2595, 719, 'pedro', '2025-08-13 15:30:57', '2025-08-13 15:34:45', 47),
(2596, 719, 'pedro', '2025-08-13 15:36:44', '2025-08-13 15:36:48', 46),
(2597, 789, 'claudia', '2025-08-13 15:36:48', '2025-08-13 15:36:53', 46),
(2598, 790, 'claudia', '2025-08-13 15:38:25', '2025-08-13 15:38:32', 46),
(2599, 723, 'sofia', '2025-08-13 15:48:23', '2025-08-13 15:48:26', 46),
(2600, 791, 'claudia', '2025-08-13 15:48:50', '2025-08-13 15:48:55', 46);

-- --------------------------------------------------------

--
-- Estrutura da tabela `pausas_temporarias`
--

CREATE TABLE `pausas_temporarias` (
  `id` int(11) NOT NULL,
  `tarefa_id` int(11) NOT NULL,
  `utilizador` varchar(255) NOT NULL,
  `tipo_original` varchar(255) DEFAULT NULL,
  `data_backup` time NOT NULL DEFAULT '00:00:00'
) ENGINE=InnoDB DEFAULT CHARSET=utf8mb4 COLLATE=utf8mb4_general_ci;

--
-- Extraindo dados da tabela `pausas_temporarias`
--

INSERT INTO `pausas_temporarias` (`id`, `tarefa_id`, `utilizador`, `tipo_original`, `data_backup`) VALUES
(500, 769, 'roberto', '46', '00:00:00'),
(501, 770, 'roberto', '46', '00:00:00'),
(502, 632, 'sofia', '45', '00:00:00'),
(503, 659, 'sofia', '45', '12:01:02'),
(504, 570, 'claudia', '45', '00:00:00'),
(505, 577, 'claudia', '45', '00:00:00'),
(506, 578, 'claudia', '45', '00:00:00'),
(507, 580, 'claudia', '45', '00:00:00'),
(508, 638, 'claudia', '45', '17:38:56'),
(509, 642, 'claudia', '45', '00:00:00'),
(510, 700, 'claudia', '45', '10:20:30'),
(511, 711, 'claudia', '45', '00:00:00'),
(512, 713, 'claudia', '45', '00:00:00'),
(513, 729, 'claudia', '45', '06:16:31'),
(514, 758, 'claudia', '45', '01:10:25'),
(515, 766, 'claudia', '45', '00:51:18'),
(516, 772, 'claudia', '45', '00:25:31'),
(517, 782, 'claudia', '45', '00:01:42'),
(518, 762, 'rui', '52', '00:00:00'),
(519, 781, 'rui', '52', '00:00:00'),
(520, 784, 'rui', '45', '00:25:22');

-- --------------------------------------------------------

--
-- Estrutura da tabela `registo_diario`
--

CREATE TABLE `registo_diario` (
  `id` int(11) NOT NULL,
  `id_tarefa` int(11) NOT NULL,
  `utilizador` varchar(100) NOT NULL,
  `data_trabalho` date NOT NULL,
  `hora_inicio` time DEFAULT NULL,
  `tempo_inicio_tarefa` time DEFAULT NULL,
  `tempo_fim_tarefa` time DEFAULT NULL,
  `tempo_acumulado` time DEFAULT NULL,
  `inicio_tarefa` time DEFAULT NULL,
  `fim_tarefa` time DEFAULT NULL,
  `tempo_pausa` time DEFAULT '00:00:00'
) ENGINE=InnoDB DEFAULT CHARSET=utf8mb4 COLLATE=utf8mb4_general_ci;

--
-- Extraindo dados da tabela `registo_diario`
--

INSERT INTO `registo_diario` (`id`, `id_tarefa`, `utilizador`, `data_trabalho`, `hora_inicio`, `tempo_inicio_tarefa`, `tempo_fim_tarefa`, `tempo_acumulado`, `inicio_tarefa`, `fim_tarefa`, `tempo_pausa`) VALUES
(472, 537, 'claudia', '2025-07-30', '17:31:26', '17:31:26', '00:00:04', '00:00:00', '17:31:26', '17:49:48', '00:00:00'),
(473, 538, 'claudia', '2025-07-30', '17:50:09', '17:50:09', '00:02:25', '00:00:00', '17:50:09', '17:54:44', '00:00:00'),
(475, 540, 'claudia', '2025-07-30', '17:56:14', '17:56:14', '00:03:38', '00:00:00', '17:56:14', '18:03:20', '00:00:00'),
(476, 541, 'pedro', '2025-07-30', '18:26:46', '18:26:46', '00:08:29', '00:00:00', '18:26:46', '20:00:08', '00:02:40'),
(477, 542, 'sofia', '2025-07-30', '18:29:16', '18:29:16', '00:00:03', '00:00:00', '18:29:16', '18:29:20', '00:00:00'),
(478, 542, 'sofia', '2025-07-31', '08:02:46', '00:00:03', '00:30:49', '00:30:49', NULL, '09:33:42', '00:00:00'),
(479, 543, 'joaquim', '2025-07-31', '08:06:21', '08:06:21', '00:00:00', '00:00:00', '08:06:21', '20:02:55', '02:51:48'),
(480, 544, 'rui', '2025-07-31', '08:15:12', '08:15:12', '00:00:00', '00:00:00', '08:15:12', '12:23:23', '02:49:24'),
(481, 545, 'sofia', '2025-07-31', '09:01:05', '09:01:05', '00:00:00', '00:00:00', '09:01:05', '12:58:15', '00:23:29'),
(482, 546, 'sofia', '2025-07-31', '09:01:28', '09:01:28', '00:00:00', '00:00:00', '09:01:28', '16:10:13', '04:56:20'),
(483, 547, 'sofia', '2025-07-31', '09:01:46', '09:01:46', '00:00:00', '00:00:00', '09:01:46', '14:57:45', '04:26:31'),
(484, 548, 'sofia', '2025-07-31', '09:02:10', '09:02:10', '00:17:04', '00:00:00', '09:02:10', '16:47:20', '06:27:10'),
(485, 549, 'sofia', '2025-07-31', '09:02:34', '09:02:34', '00:00:00', '00:00:00', '09:02:34', '18:25:50', '07:50:57'),
(486, 550, 'sofia', '2025-07-31', '09:03:15', '09:03:15', '00:13:43', '00:00:00', '09:03:15', '20:00:03', '08:27:54'),
(487, 551, 'claudia', '2025-07-31', '09:06:27', '09:06:27', '00:00:05', '00:00:00', '09:06:27', '09:06:32', '00:00:00'),
(488, 552, 'claudia', '2025-07-31', '09:07:06', '09:07:06', '00:00:00', '00:00:00', '09:07:06', '10:08:26', '00:00:00'),
(489, 553, 'claudia', '2025-07-31', '09:08:43', '09:08:43', '00:00:03', '00:00:00', '09:08:43', '09:08:47', '00:00:00'),
(490, 554, 'claudia', '2025-07-31', '09:09:00', '09:09:00', '00:00:04', '00:00:00', '09:09:00', '09:09:04', '00:00:00'),
(491, 555, 'claudia', '2025-07-31', '09:09:21', '09:09:21', '00:00:02', '00:00:00', '09:09:21', '09:09:24', '00:00:00'),
(492, 556, 'claudia', '2025-07-31', '09:09:36', '09:09:36', '00:00:02', '00:00:00', '09:09:36', '09:09:39', '00:00:00'),
(493, 557, 'claudia', '2025-07-31', '09:10:03', '09:10:03', '00:00:02', '00:00:00', '09:10:03', '09:10:05', '00:00:00'),
(494, 558, 'claudia', '2025-07-31', '09:10:22', '09:10:22', '00:00:04', '00:00:00', '09:10:22', '09:10:26', '00:00:00'),
(495, 559, 'claudia', '2025-07-31', '09:10:40', '09:10:40', '00:00:03', '00:00:00', '09:10:40', '09:10:43', '00:00:00'),
(496, 560, 'claudia', '2025-07-31', '09:10:57', '09:10:57', '00:00:03', '00:00:00', '09:10:57', '09:11:01', '00:00:00'),
(497, 561, 'claudia', '2025-07-31', '09:11:19', '09:11:19', '00:00:03', '00:00:00', '09:11:19', '09:11:23', '00:00:00'),
(498, 562, 'claudia', '2025-07-31', '09:11:37', '09:11:37', '00:00:03', '00:00:00', '09:11:37', '09:11:40', '00:00:00'),
(499, 563, 'claudia', '2025-07-31', '09:12:36', '09:12:36', '00:00:00', '00:00:00', '09:12:36', '11:19:42', '00:34:41'),
(500, 564, 'claudia', '2025-07-31', '09:30:32', '09:30:32', '00:02:52', '00:00:00', '09:30:32', '09:34:11', '00:00:00'),
(501, 541, 'pedro', '2025-07-31', '10:12:33', '00:08:29', '01:10:13', '01:10:13', NULL, '12:17:13', '00:08:29'),
(502, 565, 'claudia', '2025-07-31', '10:19:56', '10:19:56', '00:00:00', '00:00:00', '10:19:56', '18:20:29', '02:53:33'),
(503, 566, 'claudia', '2025-07-31', '10:36:34', '10:36:34', '00:02:29', '00:00:00', '10:36:34', '10:50:47', '00:02:58'),
(504, 567, 'claudia', '2025-07-31', '10:51:10', '10:51:10', '00:00:19', '00:00:00', '10:51:10', '10:51:39', '00:00:00'),
(505, 568, 'claudia', '2025-07-31', '10:52:13', '10:52:13', '00:00:10', '00:00:00', '10:52:13', '10:52:24', '00:00:00'),
(506, 569, 'claudia', '2025-07-31', '10:52:47', '10:52:47', '00:00:11', '00:00:00', '10:52:47', '10:52:59', '00:00:00'),
(507, 570, 'claudia', '2025-07-31', '10:53:46', '10:53:46', '00:02:24', '00:00:00', '10:53:46', '11:00:34', '00:00:00'),
(508, 571, 'claudia', '2025-07-31', '11:00:59', '11:00:59', '00:08:55', '00:00:00', '11:00:59', '11:17:31', '00:03:55'),
(509, 572, 'claudia', '2025-07-31', '11:17:49', '11:17:49', '00:10:12', '00:00:00', '11:17:49', '14:29:44', '00:49:15'),
(510, 573, 'rui', '2025-07-31', '11:27:10', '11:27:10', '00:00:00', '00:00:00', '11:27:10', '16:19:25', '02:33:11'),
(511, 574, 'pedro', '2025-07-31', '11:32:10', '11:32:10', '00:00:00', '00:00:00', '11:32:10', '14:59:20', '01:30:07'),
(513, 576, 'claudia', '2025-07-31', '14:31:16', '14:31:16', '00:01:46', '00:00:00', '14:31:16', '14:33:02', '00:00:00'),
(514, 577, 'claudia', '2025-07-31', '14:33:33', '14:33:33', '00:01:21', '00:00:00', '14:33:33', '14:34:55', '00:00:00'),
(515, 578, 'claudia', '2025-07-31', '14:35:10', '14:35:10', '00:01:07', '00:00:00', '14:35:10', '14:37:06', '00:00:00'),
(516, 579, 'claudia', '2025-07-31', '14:37:27', '14:37:27', '00:07:49', '00:00:00', '14:37:27', '14:51:43', '00:00:00'),
(517, 580, 'claudia', '2025-07-31', '14:52:22', '14:52:22', '00:02:00', '00:00:00', '14:52:22', '17:22:07', '02:27:42'),
(518, 581, 'claudia', '2025-07-31', '14:54:17', '14:54:17', '00:05:27', '00:00:00', '14:54:17', '15:10:02', '00:00:19'),
(519, 582, 'claudia', '2025-07-31', '15:10:40', '15:10:40', '00:03:05', '00:00:00', '15:10:40', '15:20:43', '00:00:00'),
(520, 583, 'rui', '2025-07-31', '15:20:54', '15:20:54', '00:17:55', '00:00:00', '15:20:54', '18:50:34', '00:53:34'),
(521, 584, 'claudia', '2025-07-31', '15:21:39', '15:21:39', '00:06:36', '00:00:00', '15:21:39', '15:53:19', '00:04:40'),
(522, 555, 'pedro', '2025-07-31', '15:35:16', '00:00:02', '00:45:41', '00:45:39', NULL, '16:37:43', '00:13:01'),
(523, 585, 'claudia', '2025-07-31', '15:53:42', '15:53:42', '00:06:35', '00:00:00', '15:53:42', '16:30:18', '00:13:59'),
(524, 586, 'claudia', '2025-07-31', '16:47:24', '16:47:24', '00:04:59', '00:00:00', '16:47:24', '17:10:07', '00:14:23'),
(525, 587, 'claudia', '2025-07-31', '17:47:12', '17:47:12', '00:01:11', '00:00:00', '17:47:12', '17:52:35', '00:00:00'),
(526, 588, 'claudia', '2025-07-31', '17:53:44', '17:53:44', '00:02:44', '00:00:00', '17:53:44', '18:03:03', '00:02:57'),
(527, 583, 'rui', '2025-08-01', '08:08:45', '00:17:55', '06:10:01', '05:52:06', NULL, '20:01:17', '04:29:07'),
(528, 589, 'roberto', '2025-08-01', '08:18:41', '08:18:41', '00:00:00', '00:00:00', '08:18:41', '19:02:31', '03:58:31'),
(529, 543, 'joaquim', '2025-08-01', '10:13:35', '01:30:40', '05:50:28', '05:50:28', NULL, '19:03:10', '02:21:32'),
(530, 556, 'sofia', '2025-08-01', '10:14:12', '00:00:02', '01:11:23', '01:11:23', NULL, '11:46:46', '00:00:00'),
(531, 562, 'pedro', '2025-08-01', '10:14:34', '00:00:03', '01:21:27', '01:21:24', NULL, '10:22:26', '00:00:00'),
(532, 588, 'claudia', '2025-08-01', '10:53:14', '00:02:44', '00:14:16', '00:11:32', NULL, '13:55:49', '02:48:12'),
(533, 590, 'claudia', '2025-08-01', '11:07:23', '11:07:23', '00:00:00', '00:00:00', '11:07:23', '12:09:55', '00:00:00'),
(534, 591, 'claudia', '2025-08-01', '11:10:06', '11:10:06', '00:00:00', '00:00:00', '11:10:06', '12:23:29', '00:02:36'),
(535, 563, 'claudia', '2025-08-01', '11:33:35', '00:12:10', '00:00:00', '00:00:00', NULL, '18:16:38', '00:07:56'),
(536, 592, 'claudia', '2025-08-01', '11:35:33', '11:35:33', '00:00:00', '00:00:00', '11:35:33', '12:50:26', '00:00:00'),
(537, 593, 'claudia', '2025-08-01', '11:50:47', '11:50:47', '00:00:00', '00:00:00', '11:50:47', '12:54:05', '00:00:00'),
(538, 553, 'pedro', '2025-08-01', '13:30:27', '00:00:03', '01:31:25', '01:31:25', NULL, '15:56:21', '00:00:00'),
(539, 557, 'sofia', '2025-08-01', '13:30:53', '00:00:02', '01:24:01', '01:23:59', NULL, '13:52:26', '00:00:00'),
(540, 594, 'sofia', '2025-08-01', '13:54:50', '13:54:50', '03:44:53', '00:00:00', '13:54:50', '19:00:03', '00:20:09'),
(541, 595, 'claudia', '2025-08-01', '13:57:28', '13:57:28', '00:02:13', '00:00:00', '13:57:28', '13:59:42', '00:00:00'),
(542, 596, 'claudia', '2025-08-01', '14:00:18', '14:00:18', '00:19:31', '00:00:00', '14:00:18', '14:20:53', '00:01:03'),
(543, 597, 'claudia', '2025-08-01', '14:21:46', '14:21:46', '00:13:33', '00:00:00', '14:21:46', '14:35:20', '00:00:00'),
(544, 572, 'claudia', '2025-08-01', '14:38:55', '00:10:12', '00:06:12', '00:00:00', NULL, '14:45:09', '00:00:00'),
(545, 598, 'claudia', '2025-08-01', '14:45:24', '14:45:24', '00:09:44', '00:00:00', '14:45:24', '14:55:08', '00:00:00'),
(546, 599, 'claudia', '2025-08-01', '14:55:30', '14:55:30', '00:04:23', '00:00:00', '14:55:30', '14:59:54', '00:00:00'),
(547, 600, 'claudia', '2025-08-01', '15:00:09', '15:00:09', '00:05:16', '00:00:00', '15:00:09', '15:05:26', '00:00:00'),
(548, 601, 'claudia', '2025-08-01', '15:05:43', '15:05:43', '00:09:47', '00:00:00', '15:05:43', '15:15:30', '00:00:00'),
(549, 551, 'pedro', '2025-08-01', '15:29:01', '00:00:05', '03:15:54', '03:15:49', NULL, '18:33:58', '00:13:34'),
(550, 602, 'claudia', '2025-08-01', '15:31:39', '15:31:39', '00:51:54', '00:00:00', '15:31:39', '16:39:26', '00:15:49'),
(551, 603, 'claudia', '2025-08-01', '16:40:39', '16:40:39', '00:23:29', '00:00:00', '16:40:39', '17:04:08', '00:00:00'),
(552, 604, 'claudia', '2025-08-01', '17:21:05', '17:21:05', '00:00:00', '00:00:00', '17:21:05', '18:41:27', '00:02:19'),
(553, 605, 'claudia', '2025-08-01', '17:42:16', '17:42:16', '00:00:00', '00:00:00', '17:42:16', '18:47:35', '00:01:10'),
(554, 606, 'claudia', '2025-08-01', '17:48:17', '17:48:17', '00:13:17', '00:00:00', '17:48:17', '18:01:34', '00:00:00'),
(555, 543, 'joaquim', '2025-08-02', '09:11:24', '08:51:48', '11:47:30', '02:55:42', NULL, '13:09:41', '00:56:03'),
(556, 581, 'pedro', '2025-08-02', '10:14:04', '00:05:27', '01:04:55', '00:59:28', NULL, '11:02:22', '00:00:00'),
(557, 583, 'rui', '2025-08-02', '10:32:02', '06:10:01', '21:11:12', '15:01:11', NULL, '13:00:53', '00:06:53'),
(558, 559, 'pedro', '2025-08-02', '11:43:12', '00:00:03', '00:51:25', '00:51:22', NULL, '13:00:17', '00:00:00'),
(559, 589, 'roberto', '2025-08-04', '08:34:35', '03:37:30', '02:42:00', '02:42:00', NULL, '19:01:02', '02:24:02'),
(560, 583, 'rui', '2025-08-04', '09:06:18', '21:11:12', '00:00:00', '00:00:00', NULL, '17:44:44', '02:23:24'),
(561, 584, 'pedro', '2025-08-04', '10:13:58', '00:06:36', '00:52:14', '00:52:14', NULL, '11:52:18', '00:00:00'),
(562, 563, 'claudia', '2025-08-04', '10:14:32', '00:21:58', '00:00:00', '00:00:00', NULL, '17:29:33', '02:07:51'),
(563, 594, 'sofia', '2025-08-04', '10:14:40', '12:05:35', '00:00:00', '00:00:00', NULL, '16:16:19', '01:30:16'),
(564, 607, 'claudia', '2025-08-04', '10:29:45', '10:29:45', '00:22:20', '00:00:00', '10:29:45', '10:54:47', '00:02:40'),
(565, 608, 'pedro', '2025-08-04', '10:52:42', '10:52:42', '05:53:14', '00:00:00', '10:52:42', '20:00:20', '02:13:58'),
(566, 543, 'joaquim', '2025-08-04', '13:53:29', '11:47:30', '09:55:46', '00:00:00', NULL, '16:31:49', '00:50:40'),
(567, 609, 'claudia', '2025-08-04', '13:57:09', '13:57:09', '00:02:31', '00:00:00', '13:57:09', '13:59:40', '00:00:00'),
(568, 610, 'claudia', '2025-08-04', '14:44:13', '14:44:13', '00:11:37', '00:00:00', '14:44:13', '14:57:37', '00:01:45'),
(569, 611, 'claudia', '2025-08-04', '15:00:14', '15:00:14', '00:41:35', '00:00:00', '15:00:14', '15:41:49', '00:00:00'),
(570, 586, 'sofia', '2025-08-04', '16:14:22', '00:04:59', '01:16:05', '01:16:05', NULL, '17:55:21', '00:00:00'),
(571, 612, 'claudia', '2025-08-04', '16:29:44', '16:29:44', '00:03:00', '00:00:00', '16:29:44', '16:32:45', '00:00:00'),
(572, 613, 'claudia', '2025-08-04', '16:33:06', '16:33:06', '00:08:05', '00:00:00', '16:33:06', '16:41:12', '00:00:00'),
(573, 614, 'claudia', '2025-08-04', '16:44:29', '16:44:29', '00:00:54', '00:00:00', '16:44:29', '16:45:23', '00:00:00'),
(574, 615, 'rui', '2025-08-04', '16:45:07', '16:45:07', '01:49:21', '00:00:00', '16:45:07', '20:02:47', '00:28:14'),
(575, 616, 'claudia', '2025-08-04', '16:45:43', '16:45:43', '00:00:09', '00:00:00', '16:45:43', '16:45:53', '00:00:00'),
(576, 617, 'claudia', '2025-08-04', '16:46:08', '16:46:08', '00:00:07', '00:00:00', '16:46:08', '16:46:16', '00:00:00'),
(577, 618, 'claudia', '2025-08-04', '16:46:44', '16:46:44', '00:00:04', '00:00:00', '16:46:44', '16:46:49', '00:00:00'),
(578, 619, 'claudia', '2025-08-04', '16:47:08', '16:47:08', '00:00:08', '00:00:00', '16:47:08', '16:47:17', '00:00:00'),
(579, 588, 'claudia', '2025-08-04', '16:47:57', '00:17:00', '00:00:00', '00:00:00', NULL, '17:54:47', '00:00:00'),
(580, 620, 'claudia', '2025-08-04', '16:55:19', '16:55:19', '00:06:14', '00:00:00', '16:55:19', '17:01:34', '00:00:00'),
(581, 621, 'claudia', '2025-08-04', '17:01:51', '17:01:51', '00:00:00', '00:00:00', '17:01:51', '18:08:26', '00:00:00'),
(582, 622, 'claudia', '2025-08-04', '17:08:56', '17:08:56', '00:00:00', '00:00:00', '17:08:56', '18:16:27', '00:00:00'),
(583, 623, 'claudia', '2025-08-04', '17:19:23', '17:19:23', '00:09:38', '00:00:00', '17:19:23', '17:29:02', '00:00:00'),
(584, 558, 'sofia', '2025-08-04', '17:36:30', '00:00:04', '01:55:56', '01:55:52', NULL, '20:00:31', '00:00:00'),
(585, 615, 'rui', '2025-08-05', '08:58:59', '01:49:21', '08:38:00', '06:48:39', NULL, '19:03:51', '06:25:55'),
(586, 624, 'claudia', '2025-08-05', '09:05:21', '09:05:21', '00:00:00', '00:00:00', '09:05:21', '10:57:05', '00:04:23'),
(587, 558, 'sofia', '2025-08-05', '09:16:14', '01:55:56', '04:43:51', '02:47:55', NULL, '09:39:34', '00:00:00'),
(588, 596, 'sofia', '2025-08-05', '09:40:49', '00:19:31', '01:53:09', '01:33:38', NULL, '11:04:44', '00:15:03'),
(589, 625, 'claudia', '2025-08-05', '09:57:16', '09:57:16', '00:00:15', '00:00:00', '09:57:16', '09:57:32', '00:00:00'),
(590, 626, 'claudia', '2025-08-05', '09:57:45', '09:57:45', '00:00:08', '00:00:00', '09:57:45', '09:57:57', '00:00:00'),
(591, 627, 'claudia', '2025-08-05', '09:58:25', '09:58:25', '00:00:07', '00:00:00', '09:58:25', '09:58:32', '00:00:00'),
(592, 589, 'roberto', '2025-08-05', '09:59:12', '09:57:00', '00:00:00', '00:00:00', NULL, '19:01:35', '06:44:18'),
(593, 628, 'claudia', '2025-08-05', '10:00:21', '10:00:21', '00:00:00', '00:00:00', '10:00:21', '11:29:13', '00:20:02'),
(594, 543, 'joaquim', '2025-08-05', '10:04:29', '21:43:16', '00:00:00', '00:00:00', NULL, '12:01:10', '00:28:38'),
(595, 608, 'pedro', '2025-08-05', '10:13:29', '05:53:14', '02:23:21', '00:00:00', NULL, '20:00:08', '02:02:01'),
(596, 629, 'claudia', '2025-08-05', '10:32:15', '10:32:15', '00:18:08', '00:00:00', '10:32:15', '11:03:11', '00:12:46'),
(597, 630, 'joaquim', '2025-08-05', '10:59:43', '10:59:43', '03:47:25', '00:00:00', '10:59:43', '20:02:58', '04:09:52'),
(598, 631, 'claudia', '2025-08-05', '11:03:31', '11:03:31', '00:10:49', '00:00:00', '11:03:31', '11:16:42', '00:02:19'),
(599, 632, 'claudia', '2025-08-05', '11:17:00', '11:17:00', '00:23:10', '00:00:00', '11:17:00', '11:40:11', '00:00:00'),
(600, 633, 'claudia', '2025-08-05', '11:40:55', '11:40:55', '00:08:00', '00:00:00', '11:40:55', '11:48:56', '00:00:00'),
(601, 634, 'claudia', '2025-08-05', '11:49:13', '11:49:13', '00:11:46', '00:00:00', '11:49:13', '12:00:59', '00:00:00'),
(602, 623, 'claudia', '2025-08-05', '12:01:13', '00:09:38', '00:04:29', '00:00:00', NULL, '13:43:13', '01:37:29'),
(603, 603, 'sofia', '2025-08-05', '13:30:33', '00:23:29', '04:15:02', '03:51:33', NULL, '17:12:42', '00:18:28'),
(604, 635, 'claudia', '2025-08-05', '13:48:38', '13:48:38', '00:01:54', '00:00:00', '13:48:38', '13:50:32', '00:00:00'),
(605, 636, 'claudia', '2025-08-05', '13:56:30', '13:56:30', '00:00:00', '00:00:00', '13:56:30', '15:08:38', '00:00:00'),
(606, 637, 'claudia', '2025-08-05', '14:11:35', '14:11:35', '00:00:00', '00:00:00', '14:11:35', '15:29:34', '00:03:51'),
(607, 638, 'claudia', '2025-08-05', '14:36:41', '14:36:41', '00:07:44', '00:00:00', '14:36:41', '14:49:18', '00:04:52'),
(608, 639, 'claudia', '2025-08-05', '14:49:33', '14:49:33', '00:00:00', '00:00:00', '14:49:33', '16:04:32', '00:07:19'),
(609, 640, 'claudia', '2025-08-05', '15:05:32', '15:05:32', '00:06:02', '00:00:00', '15:05:32', '15:13:48', '00:02:11'),
(610, 641, 'claudia', '2025-08-05', '15:14:56', '15:14:56', '00:00:00', '00:00:00', '15:14:56', '16:22:35', '00:01:19'),
(611, 642, 'claudia', '2025-08-05', '15:22:52', '15:22:52', '00:20:22', '00:00:00', '15:22:52', '15:46:20', '00:03:04'),
(612, 643, 'claudia', '2025-08-05', '15:47:40', '15:47:40', '00:05:19', '00:00:00', '15:47:40', '15:52:59', '00:00:00'),
(613, 644, 'claudia', '2025-08-05', '15:53:28', '15:53:28', '00:06:06', '00:00:00', '15:53:28', '15:59:34', '00:00:00'),
(614, 645, 'claudia', '2025-08-05', '16:00:34', '16:00:34', '00:20:23', '00:00:00', '16:00:34', '16:35:05', '00:14:07'),
(615, 646, 'claudia', '2025-08-05', '16:38:13', '16:38:13', '00:19:30', '00:00:00', '16:38:13', '16:57:44', '00:00:00'),
(616, 647, 'claudia', '2025-08-05', '17:06:08', '17:06:08', '00:00:00', '00:00:00', '17:06:08', '18:07:23', '00:00:00'),
(617, 648, 'claudia', '2025-08-05', '17:11:24', '17:11:24', '00:02:55', '00:00:00', '17:11:24', '17:14:19', '00:00:00'),
(618, 649, 'claudia', '2025-08-05', '17:15:21', '17:15:21', '00:00:00', '00:00:00', '17:15:21', '18:28:59', '00:00:00'),
(619, 650, 'claudia', '2025-08-05', '17:30:43', '17:30:43', '00:00:00', '00:00:00', '17:30:43', '18:43:18', '00:00:00'),
(620, 651, 'claudia', '2025-08-05', '17:46:18', '17:46:18', '00:00:00', '00:00:00', '17:46:18', '19:03:21', '00:05:46'),
(621, 652, 'claudia', '2025-08-06', '09:35:56', '09:35:56', '00:00:00', '00:00:00', '09:35:56', '10:44:47', '00:06:20'),
(622, 615, 'rui', '2025-08-06', '09:41:31', '08:38:00', '14:21:26', '05:43:26', NULL, '16:17:50', '05:57:33'),
(623, 653, 'claudia', '2025-08-06', '09:45:14', '09:45:14', '00:15:21', '00:00:00', '09:45:14', '10:24:24', '00:23:46'),
(624, 589, 'roberto', '2025-08-06', '10:00:14', '10:46:12', '00:00:00', '00:00:00', NULL, '16:29:47', '04:25:29'),
(625, 608, 'pedro', '2025-08-06', '10:13:49', '02:23:21', '02:23:21', '00:00:00', NULL, '20:00:28', '02:04:44'),
(626, 607, 'sofia', '2025-08-06', '10:15:45', '00:22:20', '02:05:24', '02:05:24', NULL, '15:01:51', '01:34:14'),
(627, 630, 'joaquim', '2025-08-06', '10:16:03', '03:47:25', '19:07:27', '15:20:02', NULL, '19:03:48', '02:03:40'),
(628, 654, 'claudia', '2025-08-06', '10:26:39', '10:26:39', '00:12:04', '00:00:00', '10:26:39', '10:38:44', '00:00:00'),
(629, 655, 'claudia', '2025-08-06', '10:38:59', '10:38:59', '00:34:51', '00:00:00', '10:38:59', '11:20:33', '00:06:39'),
(630, 656, 'claudia', '2025-08-06', '11:22:17', '11:22:17', '00:24:23', '00:00:00', '11:22:17', '11:52:46', '00:06:03'),
(631, 657, 'rui', '2025-08-06', '11:54:20', '11:54:20', '00:00:00', '00:00:00', '11:54:20', '14:45:00', '01:27:01'),
(632, 642, 'claudia', '2025-08-06', '12:00:24', '00:20:22', '00:00:23', '00:00:00', NULL, '13:31:23', '01:30:34'),
(633, 658, 'claudia', '2025-08-06', '13:48:36', '13:48:36', '00:07:12', '00:00:00', '13:48:36', '13:55:48', '00:00:00'),
(634, 659, 'claudia', '2025-08-06', '13:58:08', '13:58:08', '00:02:42', '00:00:00', '13:58:08', '14:00:50', '00:00:00'),
(635, 660, 'claudia', '2025-08-06', '14:01:55', '14:01:55', '00:14:28', '00:00:00', '14:01:55', '14:17:57', '00:01:30'),
(636, 661, 'claudia', '2025-08-06', '14:07:39', '14:07:39', '00:00:13', '00:00:00', '14:07:39', '14:07:52', '00:00:00'),
(637, 662, 'claudia', '2025-08-06', '14:18:50', '14:18:50', '00:07:06', '00:00:00', '14:18:50', '14:25:57', '00:00:00'),
(638, 663, 'claudia', '2025-08-06', '14:31:27', '14:31:27', '00:05:54', '00:00:00', '14:31:27', '14:40:22', '00:03:00'),
(639, 664, 'claudia', '2025-08-06', '14:41:42', '14:41:42', '00:26:54', '00:00:00', '14:41:42', '15:11:19', '00:02:40'),
(640, 665, 'claudia', '2025-08-06', '15:12:34', '15:12:34', '00:13:58', '00:00:00', '15:12:34', '15:26:32', '00:00:00'),
(641, 666, 'claudia', '2025-08-06', '15:27:27', '15:27:27', '00:09:52', '00:00:00', '15:27:27', '15:43:14', '00:05:54'),
(642, 667, 'claudia', '2025-08-06', '15:44:06', '15:44:06', '00:00:00', '00:00:00', '15:44:06', '18:03:46', '01:11:54'),
(643, 668, 'claudia', '2025-08-06', '15:46:51', '15:46:51', '00:08:05', '00:00:00', '15:46:51', '15:54:56', '00:00:00'),
(644, 669, 'claudia', '2025-08-06', '15:55:21', '15:55:21', '00:06:54', '00:00:00', '15:55:21', '16:16:39', '00:14:22'),
(645, 611, 'sofia', '2025-08-06', '16:14:23', '00:41:35', '00:00:00', '00:00:00', NULL, '17:22:59', '00:00:00'),
(646, 670, 'claudia', '2025-08-06', '16:17:41', '16:17:41', '00:03:36', '00:00:00', '16:17:41', '16:21:17', '00:00:00'),
(647, 671, 'rui', '2025-08-06', '16:21:50', '16:21:50', '00:12:36', '00:00:00', '16:21:50', '16:51:53', '00:17:26'),
(648, 672, 'claudia', '2025-08-06', '16:22:11', '16:22:11', '00:05:24', '00:00:00', '16:22:11', '16:27:35', '00:00:00'),
(649, 673, 'claudia', '2025-08-06', '16:28:09', '16:28:09', '00:05:25', '00:00:00', '16:28:09', '16:33:54', '00:00:19'),
(650, 674, 'claudia', '2025-08-06', '16:36:06', '16:36:06', '00:09:16', '00:00:00', '16:36:06', '16:45:23', '00:00:00'),
(651, 675, 'claudia', '2025-08-06', '16:46:10', '16:46:10', '00:00:00', '00:00:00', '16:46:10', '17:57:48', '00:01:46'),
(652, 676, 'rui', '2025-08-06', '16:52:25', '16:52:25', '00:00:00', '00:00:00', '16:52:25', '19:57:16', '00:00:00'),
(653, 677, 'claudia', '2025-08-06', '17:09:48', '17:09:48', '00:00:00', '00:00:00', '17:09:48', '18:17:08', '00:01:27'),
(654, 678, 'claudia', '2025-08-06', '17:17:50', '17:17:50', '00:00:00', '00:00:00', '17:17:50', '18:31:45', '00:02:41'),
(655, 679, 'claudia', '2025-08-06', '17:33:19', '17:33:19', '00:00:00', '00:00:00', '17:33:19', '18:42:29', '00:00:00'),
(656, 680, 'claudia', '2025-08-06', '17:43:27', '17:43:27', '00:04:37', '00:00:00', '17:43:27', '17:48:04', '00:00:00'),
(657, 681, 'claudia', '2025-08-06', '17:48:53', '17:48:53', '00:05:44', '00:00:00', '17:48:53', '18:00:29', '00:05:50'),
(658, 629, 'sofia', '2025-08-06', '18:22:58', '00:18:08', '01:39:40', '01:21:32', NULL, '20:00:13', '00:00:00'),
(659, 682, 'claudia', '2025-08-07', '09:14:12', '09:14:12', '00:13:08', '00:00:00', '09:14:12', '09:27:20', '00:00:00'),
(660, 683, 'claudia', '2025-08-07', '09:33:35', '09:33:35', '00:14:58', '00:00:00', '09:33:35', '09:48:33', '00:00:00'),
(661, 684, 'claudia', '2025-08-07', '09:49:14', '09:49:14', '00:06:43', '00:00:00', '09:49:14', '09:55:58', '00:00:00'),
(662, 685, 'claudia', '2025-08-07', '09:56:32', '09:56:32', '00:19:38', '00:00:00', '09:56:32', '10:44:48', '00:28:35'),
(663, 630, 'joaquim', '2025-08-07', '10:01:13', '19:07:27', '00:00:17', '00:00:00', NULL, '20:02:01', '04:52:45'),
(664, 608, 'pedro', '2025-08-07', '10:14:18', '02:23:21', '00:46:55', '00:46:55', NULL, '12:24:44', '00:00:00'),
(665, 680, 'sofia', '2025-08-07', '10:15:27', '00:04:37', '00:12:51', '00:12:51', NULL, '11:21:56', '00:00:00'),
(666, 686, 'claudia', '2025-08-07', '10:45:29', '10:45:29', '00:03:32', '00:00:00', '10:45:29', '11:05:20', '00:16:17'),
(667, 589, 'roberto', '2025-08-07', '10:52:11', '10:46:45', '00:00:00', '00:00:00', NULL, '19:00:31', '07:07:55'),
(668, 687, 'claudia', '2025-08-07', '11:06:31', '11:06:31', '00:10:57', '00:00:00', '11:06:31', '11:50:20', '00:32:50'),
(669, 671, 'rui', '2025-08-07', '11:11:30', '00:12:36', '00:00:13', '00:00:00', NULL, '15:37:46', '04:26:01'),
(670, 688, 'claudia', '2025-08-07', '11:50:59', '11:50:59', '01:45:29', '00:00:00', '11:50:59', '13:36:28', '00:00:00'),
(671, 572, 'pedro', '2025-08-07', '13:30:09', '00:16:24', '01:35:37', '01:19:13', NULL, '14:33:16', '00:00:00'),
(672, 631, 'sofia', '2025-08-07', '13:30:13', '00:10:49', '02:13:18', '02:02:29', NULL, '14:24:15', '00:00:00'),
(673, 689, 'claudia', '2025-08-07', '13:39:18', '13:39:18', '00:09:16', '00:00:00', '13:39:18', '13:48:35', '00:00:00'),
(674, 690, 'claudia', '2025-08-07', '13:48:55', '13:48:55', '00:29:08', '00:00:00', '13:48:55', '14:18:04', '00:00:00'),
(675, 691, 'claudia', '2025-08-07', '14:22:24', '14:22:24', '00:24:25', '00:00:00', '14:22:24', '14:54:03', '00:07:12'),
(676, 692, 'claudia', '2025-08-07', '14:58:04', '14:58:04', '00:09:22', '00:00:00', '14:58:04', '15:09:57', '00:02:29'),
(677, 693, 'claudia', '2025-08-07', '15:10:18', '15:10:18', '00:06:05', '00:00:00', '15:10:18', '15:16:23', '00:00:00'),
(678, 694, 'claudia', '2025-08-07', '15:16:42', '15:16:42', '00:09:48', '00:00:00', '15:16:42', '15:28:52', '00:02:21'),
(679, 695, 'claudia', '2025-08-07', '15:29:39', '15:29:39', '00:41:32', '00:00:00', '15:29:39', '16:28:27', '00:17:12'),
(680, 696, 'rui', '2025-08-07', '15:38:28', '15:38:28', '00:35:02', '00:00:00', '15:38:28', '16:17:32', '00:04:01'),
(681, 632, 'sofia', '2025-08-07', '16:15:18', '00:23:10', '02:24:25', '02:01:15', NULL, '19:00:07', '00:04:28'),
(682, 697, 'claudia', '2025-08-07', '16:28:47', '16:28:47', '00:00:14', '00:00:00', '16:28:47', '16:29:02', '00:00:00'),
(683, 698, 'claudia', '2025-08-07', '16:29:18', '16:29:18', '00:00:15', '00:00:00', '16:29:18', '16:29:34', '00:00:00'),
(684, 699, 'claudia', '2025-08-07', '16:30:03', '16:30:03', '00:06:25', '00:00:00', '16:30:03', '16:36:29', '00:00:00'),
(685, 700, 'claudia', '2025-08-07', '16:36:50', '16:36:50', '00:08:07', '00:00:00', '16:36:50', '16:44:57', '00:00:00'),
(686, 701, 'claudia', '2025-08-07', '16:45:34', '16:45:34', '00:06:13', '00:00:00', '16:45:34', '16:51:47', '00:00:00'),
(687, 702, 'claudia', '2025-08-07', '16:52:07', '16:52:07', '00:10:01', '00:00:00', '16:52:07', '17:02:08', '00:00:00'),
(688, 703, 'claudia', '2025-08-07', '17:02:46', '17:02:46', '00:25:59', '00:00:00', '17:02:46', '17:31:18', '00:02:31'),
(689, 704, 'claudia', '2025-08-07', '17:36:24', '17:36:24', '00:00:00', '00:00:00', '17:36:24', '18:40:09', '00:00:00'),
(690, 585, 'pedro', '2025-08-07', '18:16:24', '00:06:35', '01:51:06', '01:51:06', NULL, '19:37:24', '00:00:00'),
(691, 635, 'rui', '2025-08-08', '08:26:00', '00:01:54', '00:18:04', '00:18:04', NULL, '10:25:16', '00:42:56'),
(692, 632, 'sofia', '2025-08-08', '09:14:46', '02:24:25', '00:59:16', '00:00:00', NULL, '09:14:54', '00:00:00'),
(693, 705, 'claudia', '2025-08-08', '09:31:12', '09:31:12', '00:38:22', '00:00:00', '09:31:12', '10:23:04', '00:13:30'),
(694, 602, 'pedro', '2025-08-08', '10:13:28', '01:10:59', '10:09:50', '08:58:51', NULL, '20:00:19', '01:48:55'),
(695, 654, 'sofia', '2025-08-08', '10:14:11', '00:12:04', '01:44:35', '01:32:31', NULL, '11:22:07', '00:00:00'),
(696, 630, 'joaquim', '2025-08-08', '10:16:28', '00:00:17', '02:38:28', '02:38:28', NULL, '13:01:17', '01:18:43'),
(697, 706, 'claudia', '2025-08-08', '10:23:55', '10:23:55', '00:12:00', '00:00:00', '10:23:55', '10:38:17', '00:02:19'),
(698, 707, 'claudia', '2025-08-08', '10:38:34', '10:38:34', '00:22:22', '00:00:00', '10:38:34', '11:16:42', '00:15:40'),
(699, 708, 'claudia', '2025-08-08', '10:54:39', '10:54:39', '00:04:37', '00:00:00', '10:54:39', '10:59:17', '00:00:00'),
(700, 676, 'rui', '2025-08-08', '11:16:24', '02:04:50', '00:00:00', '00:00:00', NULL, '12:16:29', '00:00:00'),
(701, 709, 'claudia', '2025-08-08', '11:17:25', '11:17:25', '00:26:54', '00:00:00', '11:17:25', '11:44:19', '00:00:00'),
(702, 710, 'claudia', '2025-08-08', '11:44:38', '11:44:38', '00:03:03', '00:00:00', '11:44:38', '11:47:41', '00:00:00'),
(703, 656, 'sofia', '2025-08-08', '11:46:59', '00:24:23', '02:48:10', '02:23:47', NULL, '15:47:37', '01:29:05'),
(704, 711, 'claudia', '2025-08-08', '11:47:58', '11:47:58', '00:06:33', '00:00:00', '11:47:58', '11:54:32', '00:00:00'),
(705, 712, 'claudia', '2025-08-08', '11:57:10', '11:57:10', '00:19:30', '00:00:00', '11:57:10', '13:51:18', '01:34:35'),
(706, 671, 'rui', '2025-08-08', '12:06:01', '00:12:49', '00:00:28', '00:00:00', NULL, '13:33:24', '01:26:54'),
(707, 713, 'claudia', '2025-08-08', '13:51:47', '13:51:47', '00:04:46', '00:00:00', '13:51:47', '13:56:34', '00:00:00'),
(708, 714, 'claudia', '2025-08-08', '13:56:56', '13:56:56', '00:11:55', '00:00:00', '13:56:56', '14:08:52', '00:00:00'),
(709, 715, 'claudia', '2025-08-08', '14:09:18', '14:09:18', '00:04:00', '00:00:00', '14:09:18', '14:13:18', '00:00:00'),
(710, 716, 'claudia', '2025-08-08', '14:13:47', '14:13:47', '00:15:46', '00:00:00', '14:13:47', '14:35:39', '00:06:04'),
(711, 717, 'claudia', '2025-08-08', '14:36:02', '14:36:02', '00:25:04', '00:00:00', '14:36:02', '15:01:07', '00:00:00'),
(712, 718, 'claudia', '2025-08-08', '15:01:37', '15:01:37', '00:24:31', '00:00:00', '15:01:37', '15:28:22', '00:02:11'),
(713, 719, 'claudia', '2025-08-08', '15:28:49', '15:28:49', '00:11:55', '00:00:00', '15:28:49', '15:40:45', '00:00:00'),
(714, 720, 'claudia', '2025-08-08', '15:41:06', '15:41:06', '00:04:13', '00:00:00', '15:41:06', '15:45:20', '00:00:00'),
(715, 721, 'claudia', '2025-08-08', '15:45:36', '15:45:36', '00:19:24', '00:00:00', '15:45:36', '16:17:31', '00:12:28'),
(716, 722, 'claudia', '2025-08-08', '16:18:19', '16:18:19', '00:14:38', '00:00:00', '16:18:19', '16:32:58', '00:00:00'),
(717, 723, 'claudia', '2025-08-08', '16:33:26', '16:33:26', '00:36:40', '00:00:00', '16:33:26', '17:10:06', '00:00:00'),
(718, 724, 'claudia', '2025-08-08', '17:38:36', '17:38:36', '00:00:00', '00:00:00', '17:38:36', '18:58:09', '00:00:00'),
(719, 683, 'sofia', '2025-08-08', '17:45:05', '00:14:58', '00:48:35', '00:33:37', NULL, '19:00:10', '00:00:00'),
(720, 725, 'claudia', '2025-08-08', '17:58:35', '17:58:35', '00:18:38', '00:00:00', '17:58:35', '18:17:14', '00:00:00'),
(721, 602, 'pedro', '2025-08-09', '10:13:11', '10:09:50', '03:46:44', '00:00:00', NULL, '11:59:51', '00:00:00'),
(722, 726, 'pedro', '2025-08-11', '08:17:20', '08:17:20', '00:00:00', '00:00:00', '08:17:20', '10:45:39', '00:00:33'),
(723, 583, 'rui', '2025-08-11', '08:17:34', '02:44:12', '03:12:18', '03:12:18', NULL, '16:46:00', '01:44:27'),
(724, 727, 'claudia', '2025-08-11', '09:12:31', '09:12:31', '00:00:00', '00:00:00', '09:12:31', '19:00:23', '00:02:53'),
(725, 728, 'claudia', '2025-08-11', '09:46:14', '09:46:14', '00:06:25', '00:00:00', '09:46:14', '09:52:40', '00:00:00'),
(726, 729, 'claudia', '2025-08-11', '09:53:24', '09:53:24', '00:02:28', '00:00:00', '09:53:24', '09:55:53', '00:00:00'),
(727, 730, 'claudia', '2025-08-11', '09:56:38', '09:56:38', '00:29:14', '00:00:00', '09:56:38', '10:41:53', '00:15:59'),
(728, 630, 'joaquim', '2025-08-11', '10:13:52', '02:39:02', '05:38:11', '02:59:09', NULL, '16:44:49', '02:58:39'),
(729, 683, 'sofia', '2025-08-11', '10:15:04', '00:48:35', '02:11:03', '01:22:28', NULL, '10:26:35', '00:00:00'),
(730, 731, 'claudia', '2025-08-11', '10:42:21', '10:42:21', '00:08:24', '00:00:00', '10:42:21', '10:53:26', '00:02:40'),
(731, 732, 'claudia', '2025-08-11', '10:53:44', '10:53:44', '00:12:46', '00:00:00', '10:53:44', '11:06:31', '00:00:00'),
(732, 733, 'claudia', '2025-08-11', '11:06:54', '11:06:54', '00:32:11', '00:00:00', '11:06:54', '13:32:35', '01:53:26'),
(733, 692, 'pedro', '2025-08-11', '13:30:23', '00:09:22', '00:22:29', '00:13:07', NULL, '13:50:26', '00:00:00'),
(734, 685, 'sofia', '2025-08-11', '13:32:50', '00:19:38', '01:54:27', '01:34:49', NULL, '14:22:53', '00:00:00'),
(735, 734, 'claudia', '2025-08-11', '13:32:52', '13:32:52', '00:00:15', '00:00:00', '13:32:52', '13:33:08', '00:00:00'),
(736, 735, 'claudia', '2025-08-11', '13:33:50', '13:33:50', '00:00:08', '00:00:00', '13:33:50', '13:33:58', '00:00:00'),
(737, 736, 'claudia', '2025-08-11', '13:34:26', '13:34:26', '00:48:36', '00:00:00', '13:34:26', '14:23:03', '00:00:00'),
(738, 737, 'claudia', '2025-08-11', '14:24:36', '14:24:36', '00:13:07', '00:00:00', '14:24:36', '14:37:43', '00:00:00'),
(739, 738, 'claudia', '2025-08-11', '14:39:09', '14:39:09', '00:15:35', '00:00:00', '14:39:09', '14:54:45', '00:00:00'),
(740, 739, 'claudia', '2025-08-11', '14:57:33', '14:57:33', '00:00:51', '00:00:00', '14:57:33', '14:58:25', '00:00:00'),
(741, 740, 'claudia', '2025-08-11', '14:58:43', '14:58:43', '00:11:05', '00:00:00', '14:58:43', '15:09:49', '00:00:00'),
(742, 741, 'claudia', '2025-08-11', '15:10:07', '15:10:07', '00:26:56', '00:00:00', '15:10:07', '15:39:27', '00:02:22'),
(743, 742, 'claudia', '2025-08-11', '15:40:12', '15:40:12', '00:08:18', '00:00:00', '15:40:12', '15:48:31', '00:00:00'),
(744, 615, 'rui', '2025-08-11', '15:46:06', '22:59:26', '00:00:00', '00:00:00', NULL, '20:00:11', '00:18:47'),
(745, 743, 'claudia', '2025-08-11', '15:48:46', '15:48:46', '00:28:09', '00:00:00', '15:48:46', '16:30:44', '00:13:48'),
(746, 690, 'sofia', '2025-08-11', '16:14:23', '00:29:08', '01:02:19', '01:02:19', NULL, '17:26:37', '00:00:00'),
(747, 687, 'pedro', '2025-08-11', '16:15:43', '00:10:57', '00:01:07', '00:01:07', NULL, '17:22:32', '00:00:00'),
(748, 744, 'claudia', '2025-08-11', '16:31:35', '16:31:35', '00:28:03', '00:00:00', '16:31:35', '17:13:40', '00:14:00'),
(749, 745, 'claudia', '2025-08-11', '17:14:20', '17:14:20', '00:14:03', '00:00:00', '17:14:20', '17:28:23', '00:00:00'),
(750, 746, 'claudia', '2025-08-11', '17:29:51', '17:29:51', '00:10:53', '00:00:00', '17:29:51', '17:40:44', '00:00:00'),
(751, 747, 'claudia', '2025-08-11', '17:41:42', '17:41:42', '00:06:31', '00:00:00', '17:41:42', '17:50:36', '00:02:22'),
(752, 693, 'sofia', '2025-08-11', '18:31:15', '00:06:05', '00:01:09', '00:01:09', NULL, '19:36:04', '00:00:00'),
(753, 727, 'claudia', '2025-08-12', '09:16:20', '00:32:41', '00:00:00', '00:00:00', NULL, '11:37:17', '00:14:13'),
(754, 748, 'claudia', '2025-08-12', '09:24:19', '09:24:19', '00:04:40', '00:00:00', '09:24:19', '09:28:59', '00:00:00'),
(755, 749, 'claudia', '2025-08-12', '09:42:32', '09:42:32', '00:00:00', '00:00:00', '09:42:32', '10:48:30', '00:04:28'),
(756, 750, 'claudia', '2025-08-12', '09:48:39', '09:48:39', '00:00:00', '00:00:00', '09:48:39', '10:58:18', '00:05:33'),
(757, 655, 'pedro', '2025-08-12', '10:13:20', '01:11:25', '02:32:06', '01:20:41', NULL, '10:45:26', '00:00:00'),
(758, 703, 'sofia', '2025-08-12', '10:14:53', '00:25:59', '02:45:25', '02:19:26', NULL, '14:31:35', '01:31:19'),
(759, 751, 'claudia', '2025-08-12', '10:37:37', '10:37:37', '00:11:36', '00:00:00', '10:37:37', '10:49:14', '00:00:00'),
(760, 752, 'claudia', '2025-08-12', '10:49:33', '10:49:33', '00:21:16', '00:00:00', '10:49:33', '16:17:04', '05:06:12'),
(761, 753, 'claudia', '2025-08-12', '10:52:01', '10:52:01', '00:39:20', '00:00:00', '10:52:01', '11:37:08', '00:05:46'),
(762, 754, 'claudia', '2025-08-12', '11:39:51', '11:39:51', '00:28:35', '00:00:00', '11:39:51', '14:19:46', '02:11:20'),
(763, 583, 'rui', '2025-08-12', '13:29:01', '08:40:42', '00:00:00', '00:00:00', NULL, '16:43:10', '00:00:00'),
(764, 712, 'pedro', '2025-08-12', '13:30:32', '00:19:30', '00:43:12', '00:23:42', NULL, '13:52:30', '00:00:00'),
(765, 755, 'claudia', '2025-08-12', '14:20:53', '14:20:53', '00:14:32', '00:00:00', '14:20:53', '14:35:25', '00:00:00'),
(766, 756, 'claudia', '2025-08-12', '14:36:05', '14:36:05', '00:08:58', '00:00:00', '14:36:05', '14:49:19', '00:04:14'),
(767, 757, 'claudia', '2025-08-12', '14:49:33', '14:49:33', '00:10:44', '00:00:00', '14:49:33', '15:00:18', '00:00:00'),
(768, 758, 'claudia', '2025-08-12', '15:00:42', '15:00:42', '00:00:33', '00:00:00', '15:00:42', '15:01:16', '00:00:00'),
(769, 759, 'claudia', '2025-08-12', '15:01:31', '15:01:31', '00:09:04', '00:00:00', '15:01:31', '15:10:36', '00:00:00'),
(770, 707, 'pedro', '2025-08-12', '15:10:27', '00:22:22', '00:51:30', '00:29:08', NULL, '15:45:22', '00:00:00'),
(771, 760, 'claudia', '2025-08-12', '15:10:57', '15:10:57', '00:10:45', '00:00:00', '15:10:57', '15:21:43', '00:00:00'),
(772, 761, 'claudia', '2025-08-12', '15:38:24', '15:38:24', '00:17:19', '00:00:00', '15:38:24', '15:55:44', '00:00:00'),
(773, 762, 'rui', '2025-08-12', '15:47:51', '15:47:51', '00:13:15', '00:00:00', '15:47:51', '16:14:22', '00:13:16'),
(774, 726, 'pedro', '2025-08-12', '16:13:30', '01:27:19', '00:00:00', '00:00:00', NULL, '17:44:59', '00:00:00'),
(775, 716, 'sofia', '2025-08-12', '16:15:38', '00:15:46', '02:08:16', '01:52:30', NULL, '17:12:26', '00:04:57'),
(776, 763, 'claudia', '2025-08-12', '16:17:36', '16:17:36', '00:08:47', '00:00:00', '16:17:36', '16:26:24', '00:00:00'),
(777, 764, 'claudia', '2025-08-12', '16:27:56', '16:27:56', '00:03:54', '00:00:00', '16:27:56', '16:31:51', '00:00:00'),
(778, 765, 'claudia', '2025-08-12', '16:32:25', '16:32:25', '00:04:30', '00:00:00', '16:32:25', '16:36:56', '00:00:00'),
(779, 766, 'claudia', '2025-08-12', '16:38:06', '16:38:06', '00:01:37', '00:00:00', '16:38:06', '16:39:43', '00:00:00'),
(780, 767, 'claudia', '2025-08-12', '16:48:37', '16:48:37', '00:08:46', '00:00:00', '16:48:37', '17:10:57', '00:13:31'),
(781, 615, 'roberto', '2025-08-12', '16:51:03', '01:54:46', '00:00:00', '00:00:00', NULL, '19:00:00', '00:41:50'),
(782, 768, 'joaquim', '2025-08-12', '17:00:48', '17:00:48', '00:00:04', '00:00:00', '17:00:48', '17:00:53', '00:00:00'),
(783, 769, 'roberto', '2025-08-12', '17:01:24', '17:01:24', '00:00:03', '00:00:00', '17:01:24', '17:01:27', '00:00:00'),
(784, 770, 'roberto', '2025-08-12', '17:01:42', '17:01:42', '00:00:03', '00:00:00', '17:01:42', '17:01:46', '00:00:00'),
(785, 771, 'claudia', '2025-08-12', '17:14:15', '17:14:15', '00:07:01', '00:00:00', '17:14:15', '17:21:17', '00:00:00'),
(786, 772, 'claudia', '2025-08-12', '17:21:29', '17:21:29', '00:01:21', '00:00:00', '17:21:29', '17:22:50', '00:00:00'),
(787, 773, 'claudia', '2025-08-12', '17:24:05', '17:24:05', '00:04:36', '00:00:00', '17:24:05', '17:28:42', '00:00:00'),
(788, 774, 'claudia', '2025-08-12', '17:34:29', '17:34:29', '00:00:00', '00:00:00', '17:34:29', '18:50:05', '00:00:00'),
(789, 775, 'sofia', '2025-08-12', '17:49:01', '17:49:01', '00:00:03', '00:00:00', '17:49:01', '17:49:04', '00:00:00'),
(790, 776, 'claudia', '2025-08-12', '17:50:42', '17:50:42', '00:02:13', '00:00:00', '17:50:42', '17:52:56', '00:00:00'),
(791, 777, 'claudia', '2025-08-12', '17:53:27', '17:53:27', '00:05:19', '00:00:00', '17:53:27', '17:58:47', '00:00:00'),
(792, 768, 'joaquim', '2025-08-13', '08:05:40', '00:00:04', '03:58:24', '03:58:20', NULL, '17:04:56', '04:07:34'),
(793, 778, 'claudia', '2025-08-13', '09:25:55', '09:25:55', '00:03:07', '00:00:00', '09:25:55', '09:29:03', '00:00:00'),
(794, 775, 'sofia', '2025-08-13', '09:42:22', '00:00:03', '03:34:29', '03:34:29', NULL, '16:01:06', '01:44:06'),
(795, 779, 'claudia', '2025-08-13', '09:54:23', '09:54:23', '00:02:24', '00:00:00', '09:54:23', '09:56:48', '00:00:00'),
(796, 780, 'claudia', '2025-08-13', '09:57:06', '09:57:06', '00:07:42', '00:00:00', '09:57:06', '10:18:58', '00:14:08'),
(797, 781, 'rui', '2025-08-13', '10:01:19', '10:01:19', '01:48:17', '00:00:00', '10:01:19', '13:30:14', '01:40:33'),
(798, 615, 'roberto', '2025-08-13', '10:01:56', '01:55:56', '00:00:00', '00:00:00', NULL, '16:51:37', '05:49:14'),
(799, 705, 'pedro', '2025-08-13', '10:14:59', '01:55:33', '02:01:04', '00:05:31', NULL, '10:18:45', '00:00:00'),
(800, 782, 'claudia', '2025-08-13', '10:23:55', '10:23:55', '00:13:39', '00:00:00', '10:23:55', '10:39:59', '00:02:22'),
(801, 689, 'pedro', '2025-08-13', '10:49:27', '00:09:16', '00:12:45', '00:12:45', NULL, '12:04:35', '00:00:00'),
(802, 710, 'claudia', '2025-08-13', '11:41:26', '00:03:03', '00:02:14', '00:00:00', NULL, '11:43:41', '00:00:00'),
(803, 783, 'claudia', '2025-08-13', '11:44:42', '11:44:42', '00:06:58', '00:00:00', '11:44:42', '11:51:41', '00:00:00'),
(804, 727, 'claudia', '2025-08-13', '13:29:38', '01:30:43', '00:00:00', '00:00:00', NULL, '14:36:46', '00:00:00'),
(805, 718, 'pedro', '2025-08-13', '13:30:09', '00:24:31', '00:41:19', '00:41:19', NULL, '14:43:54', '00:00:00'),
(806, 784, 'rui', '2025-08-13', '13:30:39', '13:30:39', '00:39:08', '00:00:00', '13:30:39', '14:51:50', '00:42:02'),
(807, 785, 'claudia', '2025-08-13', '13:37:06', '13:37:06', '00:04:29', '00:00:00', '13:37:06', '13:44:01', '00:02:24'),
(808, 786, 'claudia', '2025-08-13', '13:46:47', '13:46:47', '00:06:37', '00:00:00', '13:46:47', '14:04:35', '00:11:11'),
(809, 787, 'claudia', '2025-08-13', '14:09:24', '14:09:24', '00:00:00', '00:00:00', '14:09:24', '15:46:08', '00:00:00'),
(810, 788, 'claudia', '2025-08-13', '14:57:07', '14:57:07', '00:00:00', '00:00:00', '14:57:07', '16:13:13', '00:00:00'),
(811, 789, 'claudia', '2025-08-13', '15:32:09', '15:32:09', '00:04:39', '00:00:00', '15:32:09', '15:36:48', '00:00:00'),
(812, 719, 'pedro', '2025-08-13', '15:34:45', '00:11:55', '01:26:31', '01:14:36', NULL, '15:36:44', '00:00:00'),
(813, 790, 'claudia', '2025-08-13', '15:37:10', '15:37:10', '00:01:14', '00:00:00', '15:37:10', '15:38:25', '00:00:00'),
(814, 791, 'claudia', '2025-08-13', '15:45:37', '15:45:37', '00:03:13', '00:00:00', '15:45:37', '15:48:50', '00:00:00');

-- --------------------------------------------------------

--
-- Estrutura da tabela `tarefas`
--

CREATE TABLE `tarefas` (
  `id` int(11) NOT NULL,
  `utilizador` varchar(50) DEFAULT NULL,
  `tarefa` varchar(255) NOT NULL,
  `descricao` text DEFAULT NULL,
  `estado` varchar(50) DEFAULT 'pendente',
  `tempo_decorrido` time NOT NULL DEFAULT '00:00:00',
  `data_criacao` datetime DEFAULT current_timestamp(),
  `ultima_modificacao` datetime DEFAULT current_timestamp() ON UPDATE current_timestamp(),
  `data_inicio` datetime DEFAULT NULL,
  `data_fim` datetime DEFAULT NULL,
  `estado_cronometro` enum('inativa','ativa','espera','pausa') NOT NULL DEFAULT 'inativa',
  `data_inicio_cronometro` datetime DEFAULT NULL,
  `tempo_decorrido_utilizador` time NOT NULL DEFAULT '00:00:00'
) ENGINE=InnoDB DEFAULT CHARSET=utf8mb4 COLLATE=utf8mb4_general_ci;

--
-- Extraindo dados da tabela `tarefas`
--

INSERT INTO `tarefas` (`id`, `utilizador`, `tarefa`, `descricao`, `estado`, `tempo_decorrido`, `data_criacao`, `ultima_modificacao`, `data_inicio`, `data_fim`, `estado_cronometro`, `data_inicio_cronometro`, `tempo_decorrido_utilizador`) VALUES
(537, 'sofia', 'ENC1282', 'ENC1282 - ALTERAÇÃO', 'concluida', '00:11:19', '2025-07-30 17:31:26', '2025-07-31 08:45:38', NULL, '2025-07-31 08:45:38', 'inativa', NULL, '00:00:00'),
(538, 'sofia', 'enc1163', 'enc1163 alteração', 'concluida', '00:07:12', '2025-07-30 17:50:09', '2025-07-31 08:59:18', NULL, '2025-07-31 08:59:18', 'inativa', NULL, '00:00:00'),
(540, 'rui', 'gsav467', 'gsav467', 'concluida', '00:08:53', '2025-07-30 17:56:14', '2025-08-07 09:44:29', NULL, '2025-08-07 09:44:29', 'inativa', NULL, '00:00:00'),
(541, 'pedro', 'Retificar Fichas Tecnicas', 'Retificar Fichas Tecnicas', 'concluida', '01:27:11', '2025-07-30 18:26:46', '2025-07-31 11:17:13', '2025-07-30 18:32:46', '2025-07-31 11:17:13', 'inativa', NULL, '00:00:00'),
(542, 'sofia', 'enc1326', 'enc1326', 'concluida', '00:30:55', '2025-07-30 18:29:16', '2025-07-31 08:33:42', '2025-07-31 08:02:46', '2025-07-31 08:33:42', 'inativa', NULL, '00:00:00'),
(543, 'joaquim', 'enc1068', 'colegio novo da maia', 'concluida', '22:06:15', '2025-07-31 08:06:21', '2025-08-05 11:01:10', '2025-07-31 08:19:17', '2025-08-05 11:01:10', 'inativa', NULL, '00:00:00'),
(544, 'rui', 'enc1375', 'Caixa Luis Silva', 'concluida', '00:03:45', '2025-07-31 08:15:12', '2025-07-31 11:23:23', '2025-07-31 09:00:38', '2025-07-31 11:23:23', 'inativa', NULL, '00:00:00'),
(545, 'sofia', 'enc1313', 'enc1313', 'concluida', '01:45:45', '2025-07-31 09:01:05', '2025-07-31 11:58:15', '2025-07-31 09:04:07', '2025-07-31 11:58:15', 'inativa', NULL, '00:00:00'),
(546, 'sofia', 'enc1320', 'enc1320', 'concluida', '00:06:01', '2025-07-31 09:01:28', '2025-07-31 15:10:13', '2025-07-31 13:57:56', '2025-07-31 15:10:13', 'inativa', NULL, '00:00:00'),
(547, 'sofia', 'enc1327', 'enc1327', 'concluida', '00:13:43', '2025-07-31 09:01:46', '2025-07-31 13:57:45', '2025-07-31 11:58:29', '2025-07-31 13:57:45', 'inativa', NULL, '00:00:00'),
(548, NULL, 'enc1328', 'enc1328', 'espera', '00:17:09', '2025-07-31 09:02:10', '2025-07-31 16:47:25', '2025-07-31 15:15:23', NULL, 'inativa', NULL, '00:00:00'),
(549, 'sofia', 'enc1330', 'enc1330', 'concluida', '00:11:00', '2025-07-31 09:02:34', '2025-07-31 17:25:50', '2025-07-31 16:53:43', '2025-07-31 17:25:50', 'inativa', NULL, '00:00:00'),
(550, NULL, 'enc1338', 'enc1338', 'espera', '00:44:50', '2025-07-31 09:03:15', '2025-08-01 09:16:11', '2025-07-31 17:28:02', NULL, 'inativa', NULL, '00:00:00'),
(551, NULL, 'enc1334', 'enc1334', 'espera', '03:15:59', '2025-07-31 09:06:27', '2025-08-01 18:34:06', '2025-08-01 15:29:01', NULL, 'inativa', NULL, '00:00:00'),
(552, 'claudia', 'criar tarefas', 'criar tarefas', 'concluida', '00:01:20', '2025-07-31 09:07:06', '2025-07-31 09:08:26', NULL, '2025-07-31 09:08:26', 'inativa', NULL, '00:00:00'),
(553, 'pedro', 'enc1335', 'enc1335', 'concluida', '01:31:31', '2025-07-31 09:08:43', '2025-08-01 14:56:21', '2025-08-01 13:30:27', '2025-08-01 14:56:21', 'inativa', NULL, '00:00:00'),
(554, 'pedro', 'enc1336', 'enc1336', 'concluida', '00:31:55', '2025-07-31 09:09:00', '2025-07-31 15:21:59', NULL, '2025-07-31 15:21:59', 'inativa', NULL, '00:00:00'),
(555, NULL, 'enc1339', 'enc1339', 'espera', '00:45:43', '2025-07-31 09:09:21', '2025-07-31 16:37:55', '2025-07-31 15:35:16', NULL, 'inativa', NULL, '00:00:00'),
(556, 'sofia', 'enc1340', 'enc1340', 'concluida', '01:11:27', '2025-07-31 09:09:36', '2025-08-01 10:46:46', '2025-08-01 10:14:12', '2025-08-01 10:46:46', 'inativa', NULL, '00:00:00'),
(557, NULL, 'enc1341', 'enc1341', 'espera', '01:24:03', '2025-07-31 09:10:03', '2025-08-01 13:52:34', '2025-08-01 13:30:53', NULL, 'inativa', NULL, '00:00:00'),
(558, NULL, 'enc1343', 'enc1343', 'espera', '06:39:47', '2025-07-31 09:10:22', '2025-08-05 09:39:38', '2025-08-04 17:36:30', NULL, 'inativa', NULL, '00:00:00'),
(559, 'pedro', 'enc1350', 'enc1350', 'concluida', '03:18:00', '2025-07-31 09:10:40', '2025-08-04 08:44:15', '2025-08-02 11:43:12', '2025-08-04 08:44:15', 'inativa', NULL, '00:00:00'),
(560, NULL, 'enc1354', 'enc1354', 'espera', '00:35:04', '2025-07-31 09:10:57', '2025-07-31 17:53:15', NULL, NULL, 'inativa', NULL, '00:00:00'),
(561, 'pedro', 'enc1355', 'enc1355', 'concluida', '01:04:34', '2025-07-31 09:11:19', '2025-08-02 09:43:02', NULL, '2025-08-02 09:43:02', 'inativa', NULL, '00:00:00'),
(562, NULL, 'enc1357', 'enc1357', 'espera', '01:21:30', '2025-07-31 09:11:37', '2025-08-01 10:22:34', '2025-08-01 10:14:34', NULL, 'inativa', NULL, '00:00:00'),
(563, 'claudia', 'mail', 'mail', 'concluida', '02:35:44', '2025-07-31 09:12:36', '2025-08-04 16:29:33', '2025-07-31 09:29:40', '2025-08-04 16:29:33', 'inativa', NULL, '00:00:00'),
(564, 'rui', 'gsav468', 'gsav468', 'concluida', '00:03:00', '2025-07-31 09:30:32', '2025-07-31 13:52:02', NULL, '2025-07-31 13:52:02', 'inativa', NULL, '00:00:00'),
(565, 'claudia', 'orç360', 'orç360', 'concluida', '00:05:04', '2025-07-31 10:19:56', '2025-07-31 17:20:29', '2025-07-31 10:29:26', '2025-07-31 17:20:29', 'inativa', NULL, '00:00:00'),
(566, 'pedro', 'enc 1309 alteração', 'enc 1309 alteração', 'concluida', '00:47:17', '2025-07-31 10:36:34', '2025-08-01 08:41:35', '2025-07-31 10:45:09', '2025-08-01 08:41:35', 'inativa', NULL, '00:00:00'),
(567, 'pedro', 'enc 1402', 'enc 1402', 'concluida', '00:02:16', '2025-07-31 10:51:09', '2025-07-31 18:17:00', NULL, '2025-07-31 18:17:00', 'inativa', NULL, '00:00:00'),
(568, 'pedro', 'enc1404', 'enc1404', 'concluida', '00:01:33', '2025-07-31 10:52:13', '2025-07-31 18:21:13', NULL, '2025-07-31 18:21:13', 'inativa', NULL, '00:00:00'),
(569, 'pedro', 'enc1406', 'enc1406', 'concluida', '00:02:41', '2025-07-31 10:52:47', '2025-07-31 18:19:41', NULL, '2025-07-31 18:19:41', 'inativa', NULL, '00:00:00'),
(570, 'claudia', 'orç361', 'orç361', 'pendente', '00:02:24', '2025-07-31 10:53:46', '2025-08-13 15:57:34', NULL, '2025-08-13 15:57:34', 'inativa', NULL, '00:00:00'),
(571, 'pedro', 'enc1330 alteração', 'enc1330 alteração', 'concluida', '00:11:06', '2025-07-31 11:00:59', '2025-07-31 18:31:25', '2025-07-31 11:05:14', '2025-07-31 18:31:25', 'inativa', NULL, '00:00:00'),
(572, NULL, 'enc1324', 'enc1324', 'espera', '01:52:01', '2025-07-31 11:17:49', '2025-08-07 14:33:20', '2025-07-31 11:28:14', NULL, 'inativa', NULL, '00:00:00'),
(573, 'rui', 'enc1113', 'Desenhar uma solução para problema cliente', 'concluida', '00:27:10', '2025-07-31 11:27:10', '2025-07-31 15:19:25', '2025-07-31 11:35:27', '2025-07-31 15:19:25', 'inativa', NULL, '00:00:00'),
(574, 'pedro', 'Retificar pedidos alterados', 'Retificar pedidos alterados', 'concluida', '00:57:33', '2025-07-31 11:32:10', '2025-08-01 18:43:45', '2025-07-31 11:32:31', '2025-08-01 18:43:45', 'inativa', NULL, '00:00:00'),
(576, NULL, 'enc1359', 'enc1359', 'espera', '00:35:01', '2025-07-31 14:31:16', '2025-08-01 11:32:38', NULL, NULL, 'inativa', NULL, '00:00:00'),
(577, 'claudia', 'enc1360', 'enc1360', 'pendente', '00:01:21', '2025-07-31 14:33:33', '2025-08-13 15:57:34', NULL, '2025-08-13 15:57:34', 'inativa', NULL, '00:00:00'),
(578, 'claudia', 'enc1361', 'enc1361', 'pendente', '00:01:07', '2025-07-31 14:35:10', '2025-08-13 15:57:34', NULL, '2025-08-13 15:57:34', 'inativa', NULL, '00:00:00'),
(579, NULL, 'enc1362', 'enc1362', 'espera', '00:40:11', '2025-07-31 14:37:27', '2025-08-01 10:56:46', NULL, NULL, 'inativa', NULL, '00:00:00'),
(580, 'claudia', 'enc1363', 'enc1363', 'pendente', '00:02:00', '2025-07-31 14:52:22', '2025-08-13 15:57:34', '2025-07-31 17:20:40', '2025-08-13 15:57:34', 'inativa', NULL, '00:00:00'),
(581, NULL, 'enc1364', 'enc1364', 'espera', '01:10:22', '2025-07-31 14:54:17', '2025-08-02 11:02:28', '2025-07-31 15:01:58', NULL, 'inativa', NULL, '00:00:00'),
(582, 'pedro', 'enc1337', 'enc1337', 'concluida', '00:06:12', '2025-07-31 15:10:40', '2025-07-31 18:24:43', NULL, '2025-07-31 18:24:43', 'inativa', NULL, '00:00:00'),
(583, 'rui', 'Apoio Produçao', 'programar', 'concluida', '10:54:56', '2025-07-31 15:20:54', '2025-08-12 15:43:10', '2025-07-31 16:15:50', '2025-08-12 15:43:10', 'inativa', NULL, '00:00:00'),
(584, 'pedro', 'enc1370', 'enc1370', 'concluida', '01:05:26', '2025-07-31 15:21:39', '2025-08-04 10:52:18', '2025-07-31 15:33:00', '2025-08-04 10:52:18', 'inativa', NULL, '00:00:00'),
(585, 'pedro', 'enc1371', 'enc1371', 'concluida', '02:04:16', '2025-07-31 15:53:42', '2025-08-07 18:37:24', '2025-07-31 16:14:10', '2025-08-07 18:37:24', 'inativa', NULL, '00:00:00'),
(586, 'sofia', 'enc1373', 'enc1373', 'concluida', '01:26:03', '2025-07-31 16:47:24', '2025-08-04 16:55:21', '2025-07-31 16:59:09', '2025-08-04 16:55:21', 'inativa', NULL, '00:00:00'),
(587, 'pedro', 'enc 1292 alteração', 'enc 1292 alteração', 'concluida', '00:03:23', '2025-07-31 17:47:12', '2025-07-31 18:33:45', NULL, '2025-07-31 18:33:45', 'inativa', NULL, '00:00:00'),
(588, 'claudia', 'orç364', 'orç364', 'concluida', '00:23:49', '2025-07-31 17:53:44', '2025-08-04 16:54:47', '2025-07-31 17:59:08', '2025-08-04 16:54:47', 'inativa', NULL, '00:00:00'),
(589, 'roberto', 'enc showroom fazenda', 'enc showroom fazenda', 'concluida', '10:47:01', '2025-08-01 08:18:41', '2025-08-07 18:00:31', '2025-08-01 08:19:55', '2025-08-07 18:00:31', 'inativa', NULL, '00:00:00'),
(590, 'claudia', 'orç361', 'orç361', 'concluida', '00:02:31', '2025-08-01 11:07:23', '2025-08-01 11:09:55', NULL, '2025-08-01 11:09:55', 'inativa', NULL, '00:00:00'),
(591, 'claudia', 'orç365', 'orç365', 'concluida', '00:10:45', '2025-08-01 11:10:06', '2025-08-01 11:23:29', '2025-08-01 11:19:15', '2025-08-01 11:23:29', 'inativa', NULL, '00:00:00'),
(592, 'claudia', 'gsav469', 'gsav469', 'concluida', '00:14:52', '2025-08-01 11:35:33', '2025-08-01 11:50:26', NULL, '2025-08-01 11:50:26', 'inativa', NULL, '00:00:00'),
(593, 'claudia', 'orç366', 'orç366', 'concluida', '00:03:18', '2025-08-01 11:50:47', '2025-08-01 11:54:05', NULL, '2025-08-01 11:54:05', 'inativa', NULL, '00:00:00'),
(594, 'sofia', 'Criar Relatorios S20', 'Criar Relatorios S20', 'concluida', '16:30:25', '2025-08-01 13:54:49', '2025-08-04 15:16:19', '2025-08-01 13:56:46', '2025-08-04 15:16:19', 'inativa', NULL, '00:00:00'),
(595, 'pedro', 'enc1361', 'enc1361', 'concluida', '00:03:28', '2025-08-01 13:57:28', '2025-08-01 18:45:28', NULL, '2025-08-01 18:45:28', 'inativa', NULL, '00:00:00'),
(596, NULL, 'enc1360', 'enc1360', 'espera', '02:12:40', '2025-08-01 14:00:18', '2025-08-05 11:04:47', '2025-08-01 14:08:48', NULL, 'inativa', NULL, '00:00:00'),
(597, 'pedro', 'enc1304', 'enc1304', 'concluida', '01:08:13', '2025-08-01 14:21:46', '2025-08-04 09:40:06', NULL, '2025-08-04 09:40:06', 'inativa', NULL, '00:00:00'),
(598, 'pedro', 'enc1400', 'enc1400', 'concluida', '00:10:39', '2025-08-01 14:45:23', '2025-08-01 18:49:11', NULL, '2025-08-01 18:49:11', 'inativa', NULL, '00:00:00'),
(599, 'pedro', 'enc1345', 'enc1345', 'concluida', '00:05:24', '2025-08-01 14:55:30', '2025-08-01 18:48:07', NULL, '2025-08-01 18:48:07', 'inativa', NULL, '00:00:00'),
(600, 'pedro', 'enc1346', 'enc1346', 'concluida', '00:06:15', '2025-08-01 15:00:09', '2025-08-01 18:47:00', NULL, '2025-08-01 18:47:00', 'inativa', NULL, '00:00:00'),
(601, NULL, 'enc1358', 'enc1358', 'espera', '01:04:40', '2025-08-01 15:05:43', '2025-08-02 08:32:40', NULL, NULL, 'inativa', NULL, '00:00:00'),
(602, NULL, 'enc 1349', 'enc 1349', 'espera', '13:56:34', '2025-08-01 15:31:39', '2025-08-09 11:59:59', '2025-08-01 15:48:57', NULL, 'inativa', NULL, '00:00:00'),
(603, NULL, 'enc1374', 'enc1374', 'espera', '04:38:31', '2025-08-01 16:40:39', '2025-08-05 17:12:47', '2025-08-05 13:30:33', NULL, 'inativa', NULL, '00:00:00'),
(604, 'claudia', 'orç368', 'orç368', 'concluida', '00:18:02', '2025-08-01 17:21:05', '2025-08-01 17:41:27', '2025-08-01 17:26:48', '2025-08-01 17:41:27', 'inativa', NULL, '00:00:00'),
(605, 'claudia', 'orç369', 'orç369', 'concluida', '00:04:06', '2025-08-01 17:42:16', '2025-08-01 17:47:35', '2025-08-01 17:46:17', '2025-08-01 17:47:35', 'inativa', NULL, '00:00:00'),
(606, NULL, 'enc1377', 'enc1377', 'espera', '02:30:22', '2025-08-01 17:48:17', '2025-08-06 09:14:06', NULL, NULL, 'inativa', NULL, '00:00:00'),
(607, 'sofia', 'enc1266 alteração', 'enc1266 alteração', 'concluida', '02:50:04', '2025-08-04 10:29:45', '2025-08-06 14:01:51', '2025-08-04 10:54:34', '2025-08-06 14:01:51', 'inativa', NULL, '00:00:00'),
(608, 'pedro', 'Apoio Produçao CNC', 'Programar CNC', 'concluida', '05:33:37', '2025-08-04 10:52:42', '2025-08-07 11:24:44', '2025-08-04 11:04:58', '2025-08-07 11:24:44', 'inativa', NULL, '00:00:00'),
(609, 'sofia', 'enc1314 alteração', 'enc1314 alteração', 'concluida', '00:07:01', '2025-08-04 13:57:09', '2025-08-06 09:42:14', NULL, '2025-08-06 09:42:14', 'inativa', NULL, '00:00:00'),
(610, 'sofia', 'enc1323 alteração', 'enc1323 alteração', 'concluida', '00:52:31', '2025-08-04 14:44:13', '2025-08-06 17:05:40', '2025-08-04 14:50:46', '2025-08-06 17:05:40', 'inativa', NULL, '00:00:00'),
(611, 'sofia', 'enc1325 alteração', 'enc1325 alteração', 'concluida', '01:03:21', '2025-08-04 15:00:14', '2025-08-06 16:22:59', '2025-08-06 16:14:23', '2025-08-06 16:22:59', 'inativa', NULL, '00:00:00'),
(612, 'sofia', 'enc1360 alteração', 'enc1360 alteração', 'concluida', '00:12:35', '2025-08-04 16:29:44', '2025-08-11 14:34:43', NULL, '2025-08-11 14:34:43', 'inativa', NULL, '00:00:00'),
(613, 'sofia', 'enc1374 alteração', 'enc1374 alteração', 'concluida', '00:12:26', '2025-08-04 16:33:06', '2025-08-11 14:39:57', NULL, '2025-08-11 14:39:57', 'inativa', NULL, '00:00:00'),
(614, 'sofia', 'enc1419', 'enc1419', 'concluida', '00:05:49', '2025-08-04 16:44:29', '2025-08-05 17:38:20', NULL, '2025-08-05 17:38:20', 'inativa', NULL, '00:00:00'),
(615, 'roberto', 'enc1415', 'Encomenda DePau', 'concluida', '01:57:19', '2025-08-04 16:45:07', '2025-08-13 15:51:37', '2025-08-04 17:32:29', '2025-08-13 15:51:37', 'inativa', NULL, '00:00:00'),
(616, 'sofia', 'enc1421', 'enc1421', 'concluida', '00:03:56', '2025-08-04 16:45:43', '2025-08-05 17:31:30', NULL, '2025-08-05 17:31:30', 'inativa', NULL, '00:00:00'),
(617, 'sofia', 'enc1424', 'enc1424', 'concluida', '00:03:28', '2025-08-04 16:46:08', '2025-08-05 17:25:52', NULL, '2025-08-05 17:25:52', 'inativa', NULL, '00:00:00'),
(618, 'sofia', 'enc1427', 'enc1427', 'concluida', '00:04:07', '2025-08-04 16:46:44', '2025-08-05 17:20:02', NULL, '2025-08-05 17:20:02', 'inativa', NULL, '00:00:00'),
(619, 'sofia', 'enc1429', 'enc1429', 'concluida', '00:08:24', '2025-08-04 16:47:08', '2025-08-06 17:29:54', NULL, '2025-08-06 17:29:54', 'inativa', NULL, '00:00:00'),
(620, 'rui', 'gsav470', 'gsav470', 'concluida', '00:07:47', '2025-08-04 16:55:19', '2025-08-07 09:47:09', NULL, '2025-08-07 09:47:09', 'inativa', NULL, '00:00:00'),
(621, 'claudia', 'gsav471', 'gsav471', 'concluida', '00:06:34', '2025-08-04 17:01:51', '2025-08-04 17:08:26', NULL, '2025-08-04 17:08:26', 'inativa', NULL, '00:00:00'),
(622, 'claudia', 'GSAV472', 'GSAV472', 'concluida', '00:07:31', '2025-08-04 17:08:56', '2025-08-04 17:16:27', NULL, '2025-08-04 17:16:27', 'inativa', NULL, '00:00:00'),
(623, 'rui', 'gsav473', 'gsav473', 'concluida', '00:19:27', '2025-08-04 17:19:23', '2025-08-07 09:23:45', '2025-08-05 12:01:13', '2025-08-07 09:23:45', 'inativa', NULL, '00:00:00'),
(624, 'claudia', 'mail', 'mail', 'concluida', '00:47:18', '2025-08-05 09:05:21', '2025-08-05 09:57:05', '2025-08-05 09:56:59', '2025-08-05 09:57:05', 'inativa', NULL, '00:00:00'),
(625, 'sofia', 'enc1439', 'enc1439', 'concluida', '00:05:31', '2025-08-05 09:57:16', '2025-08-07 10:36:00', NULL, '2025-08-07 10:36:00', 'inativa', NULL, '00:00:00'),
(626, 'sofia', 'enc1440', 'enc1440', 'concluida', '00:03:43', '2025-08-05 09:57:45', '2025-08-06 17:19:22', NULL, '2025-08-06 17:19:22', 'inativa', NULL, '00:00:00'),
(627, 'sofia', 'enc1441', 'enc1441', 'concluida', '00:05:22', '2025-08-05 09:58:25', '2025-08-07 14:35:26', NULL, '2025-08-07 14:35:26', 'inativa', NULL, '00:00:00'),
(628, 'claudia', 'enc1194 alteração', 'enc1194 alteração', 'concluida', '00:08:48', '2025-08-05 10:00:21', '2025-08-05 10:29:13', '2025-08-05 10:18:26', '2025-08-05 10:29:13', 'inativa', NULL, '00:00:00'),
(629, NULL, 'enc1378', 'enc1378', 'espera', '02:32:35', '2025-08-05 10:32:15', '2025-08-07 08:53:20', '2025-08-05 10:47:40', NULL, 'inativa', NULL, '00:00:00'),
(630, 'joaquim', 'Programar S15', 'Programar S15', 'concluida', '08:17:13', '2025-08-05 10:59:43', '2025-08-12 16:30:34', '2025-08-05 11:01:22', '2025-08-12 16:30:34', 'inativa', NULL, '00:00:00'),
(631, NULL, 'enc1380', 'enc1380', 'espera', '02:24:07', '2025-08-05 11:03:31', '2025-08-07 14:24:26', '2025-08-05 11:16:09', NULL, 'inativa', NULL, '00:00:00'),
(632, 'sofia', 'enc1381', 'enc1381', 'pendente', '03:23:41', '2025-08-05 11:17:00', '2025-08-13 15:52:40', '2025-08-07 16:15:18', '2025-08-13 15:52:40', 'inativa', NULL, '00:00:00'),
(633, 'sofia', 'enc1382', 'Buenos días Mar\r\n \r\nEnvío adjunto el pedido 1380. Por favor confirmar desglose, acabado y medidas.\r\n\r\nRuego confirmación de pedido. \r\n \r\nSaludos\r\n \r\n \r\nRevisar y devolver firmado a nuestro mail en plazo máximo de 48 horas, superado dicho plazo no se aceptará modificación alguna del pedido. La no respuesta en dicho plazo supone la aceptación de la confirmación poniendo el pedido en fabricación sin dar lugar a anulación del mismo.', 'concluida', '00:13:20', '2025-08-05 11:40:55', '2025-08-08 09:21:39', NULL, '2025-08-08 09:21:39', 'inativa', NULL, '00:00:00'),
(634, 'pedro', 'enc1383', 'enc1383', 'concluida', '01:05:02', '2025-08-05 11:49:13', '2025-08-11 15:43:08', NULL, '2025-08-11 15:43:08', 'inativa', NULL, '00:00:00'),
(635, 'rui', 'gsav459', 'gsav459', 'concluida', '00:21:52', '2025-08-05 13:48:38', '2025-08-08 09:25:16', '2025-08-08 08:26:00', '2025-08-08 09:25:16', 'inativa', NULL, '00:00:00'),
(636, 'claudia', 'orç370', 'orç370', 'concluida', '00:12:08', '2025-08-05 13:56:30', '2025-08-05 14:08:38', NULL, '2025-08-05 14:08:38', 'inativa', NULL, '00:00:00'),
(637, 'claudia', 'orç371', 'orç371', 'concluida', '00:14:07', '2025-08-05 14:11:35', '2025-08-05 14:29:34', '2025-08-05 14:15:59', '2025-08-05 14:29:34', 'inativa', NULL, '00:00:00'),
(638, 'claudia', 'gsav474', 'gsav474', 'pendente', '00:07:44', '2025-08-05 14:36:41', '2025-08-13 15:57:34', '2025-08-05 14:43:51', '2025-08-13 15:57:34', 'inativa', NULL, '00:00:00'),
(639, 'claudia', 'gsav475', 'gsav475', 'concluida', '00:07:36', '2025-08-05 14:49:33', '2025-08-05 15:04:32', '2025-08-05 14:57:28', '2025-08-05 15:04:32', 'inativa', NULL, '00:00:00'),
(640, 'sofia', 'enc1342 alteração', 'enc1342 alteração', 'concluida', '00:12:43', '2025-08-05 15:05:32', '2025-08-06 09:27:15', '2025-08-05 15:10:57', '2025-08-06 09:27:15', 'inativa', NULL, '00:00:00'),
(641, 'claudia', 'gsav476', 'gsav476', 'concluida', '00:06:18', '2025-08-05 15:14:56', '2025-08-05 15:22:35', '2025-08-05 15:20:31', '2025-08-05 15:22:35', 'inativa', NULL, '00:00:00'),
(642, 'claudia', 'gsav477', 'gsav477', 'pendente', '00:20:45', '2025-08-05 15:22:52', '2025-08-13 15:57:34', '2025-08-05 15:42:03', '2025-08-13 15:57:34', 'inativa', NULL, '00:00:00'),
(643, 'sofia', 'enc1339 alteração', 'enc1339 alteração', 'concluida', '00:10:27', '2025-08-05 15:47:40', '2025-08-06 09:35:52', NULL, '2025-08-06 09:35:52', 'inativa', NULL, '00:00:00'),
(644, 'rui', 'gsav478', 'gsav478', 'concluida', '00:21:17', '2025-08-05 15:53:28', '2025-08-07 09:39:06', NULL, '2025-08-07 09:39:06', 'inativa', NULL, '00:00:00'),
(645, 'pedro', 'enc1224', 'enc1224', 'concluida', '01:47:15', '2025-08-05 16:00:34', '2025-08-07 16:01:10', '2025-08-05 16:14:46', '2025-08-07 16:01:10', 'inativa', NULL, '00:00:00'),
(646, 'sofia', 'enc1319 alteração', 'enc1319 alteração', 'concluida', '01:28:55', '2025-08-05 16:38:13', '2025-08-06 15:42:01', NULL, '2025-08-06 15:42:01', 'inativa', NULL, '00:00:00'),
(647, 'claudia', 'gsav458 anular', 'gsav458 anular', 'concluida', '00:01:15', '2025-08-05 17:06:08', '2025-08-05 17:07:23', NULL, '2025-08-05 17:07:23', 'inativa', NULL, '00:00:00'),
(648, 'sofia', 'gsav463', 'gsav463', 'concluida', '00:05:50', '2025-08-05 17:11:24', '2025-08-06 17:12:32', NULL, '2025-08-06 17:12:32', 'inativa', NULL, '00:00:00'),
(649, 'claudia', 'orç372', 'orç372', 'concluida', '00:05:29', '2025-08-05 17:15:21', '2025-08-05 17:28:59', NULL, '2025-08-05 17:28:59', 'inativa', NULL, '00:00:00'),
(650, 'claudia', 'orç373', 'orç373', 'concluida', '00:12:34', '2025-08-05 17:30:43', '2025-08-05 17:43:18', NULL, '2025-08-05 17:43:18', 'inativa', NULL, '00:00:00'),
(651, 'claudia', 'mail', 'mail', 'concluida', '01:55:26', '2025-08-05 17:46:18', '2025-08-08 09:30:59', '2025-08-05 17:58:53', '2025-08-08 09:30:59', 'inativa', NULL, '00:00:00'),
(652, 'claudia', 'orç374', 'orç374', 'concluida', '00:02:29', '2025-08-06 09:35:56', '2025-08-06 09:44:47', '2025-08-06 09:44:26', '2025-08-06 09:44:47', 'inativa', NULL, '00:00:00'),
(653, NULL, 'enc1384', 'enc1384', 'espera', '00:15:21', '2025-08-06 09:45:14', '2025-08-06 10:24:28', '2025-08-06 09:48:45', NULL, 'inativa', NULL, '00:00:00'),
(654, NULL, 'enc1385', 'enc1385', 'espera', '01:56:39', '2025-08-06 10:26:39', '2025-08-08 11:22:11', '2025-08-08 10:14:11', NULL, 'inativa', NULL, '00:00:00'),
(655, NULL, 'enc1386', 'enc1386', 'espera', '03:43:31', '2025-08-06 10:38:59', '2025-08-12 10:45:30', '2025-08-06 10:52:38', NULL, 'inativa', NULL, '00:00:00'),
(656, NULL, 'enc1387', 'enc1387', 'espera', '03:12:33', '2025-08-06 11:22:17', '2025-08-08 15:47:41', '2025-08-06 11:41:28', NULL, 'inativa', NULL, '00:00:00'),
(657, 'rui', 'enc1315', 'Moveis Henrique', 'concluida', '00:23:36', '2025-08-06 11:54:20', '2025-08-06 13:45:00', '2025-08-06 13:30:09', '2025-08-06 13:45:00', 'inativa', NULL, '00:00:00'),
(658, NULL, 'enc1309 alteração', 'enc1309 alteração', 'espera', '00:07:12', '2025-08-06 13:48:36', '2025-08-06 13:55:53', NULL, NULL, 'inativa', NULL, '00:00:00'),
(659, 'sofia', 'enc1259 alteração', 'enc1259 alteração', 'pendente', '00:48:12', '2025-08-06 13:58:08', '2025-08-13 15:52:40', NULL, '2025-08-13 15:52:40', 'inativa', NULL, '00:00:00'),
(660, 'rui', 'gsav479', 'gsav479', 'concluida', '00:17:26', '2025-08-06 14:01:55', '2025-08-07 09:18:17', '2025-08-06 14:07:09', '2025-08-07 09:18:17', 'inativa', NULL, '00:00:00'),
(661, 'sofia', 'enc1294 alteração', 'enc1294 alteração', 'concluida', '00:19:53', '2025-08-06 14:07:39', '2025-08-06 14:28:28', NULL, '2025-08-06 14:28:28', 'inativa', NULL, '00:00:00'),
(662, 'sofia', 'enc1304 alteração', 'enc1304 alteração', 'concluida', '00:11:02', '2025-08-06 14:18:50', '2025-08-07 09:11:11', NULL, '2025-08-07 09:11:11', 'inativa', NULL, '00:00:00'),
(663, 'sofia', 'enc1207 alteração', 'enc1207 alteração', 'concluida', '00:14:56', '2025-08-06 14:31:27', '2025-08-07 14:48:00', '2025-08-06 14:35:14', '2025-08-07 14:48:00', 'inativa', NULL, '00:00:00'),
(664, 'rui', 'gsav480', 'gsav480', 'concluida', '00:29:08', '2025-08-06 14:41:42', '2025-08-07 09:15:09', '2025-08-06 15:09:53', '2025-08-07 09:15:09', 'inativa', NULL, '00:00:00'),
(665, 'sofia', 'gsav481', 'gsav481', 'concluida', '00:15:21', '2025-08-06 15:12:33', '2025-08-07 09:18:58', NULL, '2025-08-07 09:18:58', 'inativa', NULL, '00:00:00'),
(666, 'rui', 'gsav482', 'gsav482', 'concluida', '00:21:26', '2025-08-06 15:27:27', '2025-08-07 08:54:04', '2025-08-06 15:36:51', '2025-08-07 08:54:04', 'inativa', NULL, '00:00:00'),
(667, 'claudia', 'orç375', 'orç375', 'concluida', '00:07:41', '2025-08-06 15:44:06', '2025-08-06 17:03:46', '2025-08-06 15:46:28', '2025-08-06 17:03:46', 'inativa', NULL, '00:00:00'),
(668, 'rui', 'gsav483', 'gsav483', 'concluida', '00:21:31', '2025-08-06 15:46:51', '2025-08-07 09:07:52', NULL, '2025-08-07 09:07:52', 'inativa', NULL, '00:00:00'),
(669, 'sofia', 'gsav484', 'gsav484', 'concluida', '00:08:25', '2025-08-06 15:55:21', '2025-08-07 09:16:47', '2025-08-06 16:14:36', '2025-08-07 09:16:47', 'inativa', NULL, '00:00:00'),
(670, 'sofia', 'enc1266 alteração', 'enc1266 alteração', 'concluida', '00:30:55', '2025-08-06 16:17:41', '2025-08-07 09:47:17', NULL, '2025-08-07 09:47:17', 'inativa', NULL, '00:00:00'),
(671, 'rui', 'enc1444', 'Emporium', 'concluida', '00:13:17', '2025-08-06 16:21:50', '2025-08-12 15:44:16', '2025-08-06 16:46:47', '2025-08-12 15:44:16', 'inativa', NULL, '00:00:00'),
(672, 'sofia', 'enc1427 alteração', 'enc1427 alteração', 'concluida', '00:10:38', '2025-08-06 16:22:11', '2025-08-07 09:02:48', NULL, '2025-08-07 09:02:48', 'inativa', NULL, '00:00:00'),
(673, 'rui', 'gsav485', 'gsav485', 'concluida', '00:10:05', '2025-08-06 16:28:09', '2025-08-07 09:12:49', '2025-08-06 16:32:29', '2025-08-07 09:12:49', 'inativa', NULL, '00:00:00'),
(674, 'pedro', 'enc1324 alteração', 'enc1324 alteração', 'concluida', '00:25:43', '2025-08-06 16:36:06', '2025-08-11 14:32:23', NULL, '2025-08-11 14:32:23', 'inativa', NULL, '00:00:00'),
(675, 'claudia', 'orç376', 'orç376', 'concluida', '00:09:51', '2025-08-06 16:46:10', '2025-08-06 16:57:48', '2025-08-06 16:48:04', '2025-08-06 16:57:48', 'inativa', NULL, '00:00:00'),
(676, 'rui', 'Seccionadora S19', 'Planos para Seccionadora S19', 'concluida', '02:07:17', '2025-08-06 16:52:25', '2025-08-08 11:16:29', '2025-08-08 11:16:24', '2025-08-08 11:16:29', 'inativa', NULL, '00:00:00'),
(677, 'claudia', 'orç377', 'orç377', 'concluida', '00:05:52', '2025-08-06 17:09:48', '2025-08-06 17:17:08', '2025-08-06 17:15:17', '2025-08-06 17:17:08', 'inativa', NULL, '00:00:00'),
(678, 'claudia', 'orç378', 'orç378', 'concluida', '00:11:14', '2025-08-06 17:17:50', '2025-08-06 17:31:45', '2025-08-06 17:23:40', '2025-08-06 17:31:45', 'inativa', NULL, '00:00:00'),
(679, 'claudia', 'orç379', 'orç379', 'concluida', '00:09:10', '2025-08-06 17:33:19', '2025-08-06 17:42:29', NULL, '2025-08-06 17:42:29', 'inativa', NULL, '00:00:00'),
(680, 'sofia', 'enc1307 alteração', 'enc1307 alteração', 'concluida', '00:22:05', '2025-08-06 17:43:27', '2025-08-07 10:21:56', '2025-08-07 10:15:27', '2025-08-07 10:21:56', 'inativa', NULL, '00:00:00'),
(681, 'sofia', 'gsav486', 'gsav486', 'concluida', '00:07:13', '2025-08-06 17:48:53', '2025-08-07 09:13:58', '2025-08-06 18:00:22', '2025-08-07 09:13:58', 'inativa', NULL, '00:00:00'),
(682, NULL, 'enc1389', 'enc1389', 'espera', '01:39:30', '2025-08-07 09:14:12', '2025-08-08 17:17:35', NULL, NULL, 'inativa', NULL, '00:00:00'),
(683, NULL, 'enc1390', 'enc1390', 'espera', '02:59:38', '2025-08-07 09:33:35', '2025-08-11 10:26:43', '2025-08-08 17:45:05', NULL, 'inativa', NULL, '00:00:00'),
(684, 'sofia', 'enc1391', 'enc1391', 'concluida', '00:20:33', '2025-08-07 09:49:14', '2025-08-11 10:51:34', NULL, '2025-08-11 10:51:34', 'inativa', NULL, '00:00:00'),
(685, NULL, 'enc1393', 'enc1393', 'espera', '02:14:05', '2025-08-07 09:56:32', '2025-08-11 14:23:25', '2025-08-07 10:26:28', NULL, 'inativa', NULL, '00:00:00'),
(686, NULL, 'enc1394', 'enc1394', 'espera', '01:16:33', '2025-08-07 10:45:29', '2025-08-11 11:49:18', '2025-08-07 11:04:58', NULL, 'inativa', NULL, '00:00:00'),
(687, 'pedro', 'enc1395', 'enc1395', 'concluida', '00:23:01', '2025-08-07 11:06:31', '2025-08-11 16:22:32', '2025-08-07 11:40:23', '2025-08-11 16:22:32', 'inativa', NULL, '00:00:00'),
(688, NULL, 'enc1397', 'enc1397', 'espera', '01:45:29', '2025-08-07 11:50:59', '2025-08-07 13:36:32', NULL, NULL, 'inativa', NULL, '00:00:00'),
(689, 'pedro', 'enc1398', 'enc1398', 'concluida', '00:31:17', '2025-08-07 13:39:18', '2025-08-13 11:04:35', '2025-08-13 10:49:27', '2025-08-13 11:04:35', 'inativa', NULL, '00:00:00'),
(690, 'sofia', 'enc1399', 'enc1399', 'concluida', '02:00:35', '2025-08-07 13:48:55', '2025-08-11 16:26:37', '2025-08-11 16:14:23', '2025-08-11 16:26:37', 'inativa', NULL, '00:00:00'),
(691, NULL, 'enc1401', 'enc1401', 'espera', '02:14:50', '2025-08-07 14:22:24', '2025-08-11 18:21:04', '2025-08-07 14:52:13', NULL, 'inativa', NULL, '00:00:00'),
(692, NULL, 'enc1403', 'enc1403', 'espera', '00:31:51', '2025-08-07 14:58:04', '2025-08-11 13:50:30', '2025-08-07 15:04:36', NULL, 'inativa', NULL, '00:00:00'),
(693, 'sofia', 'enc1405', 'enc1405', 'concluida', '00:13:19', '2025-08-07 15:10:18', '2025-08-11 18:36:04', '2025-08-11 18:31:15', '2025-08-11 18:36:04', 'inativa', NULL, '00:00:00'),
(694, NULL, 'enc1407', 'enc1407', 'espera', '00:26:54', '2025-08-07 15:16:42', '2025-08-11 14:49:43', '2025-08-07 15:22:36', NULL, 'inativa', NULL, '00:00:00'),
(695, NULL, 'enc1408', 'enc1408', 'espera', '02:02:13', '2025-08-07 15:29:39', '2025-08-11 17:43:26', '2025-08-07 16:14:50', NULL, 'inativa', NULL, '00:00:00'),
(696, 'rui', 'gsav465', 'gsav465', 'concluida', '00:35:02', '2025-08-07 15:38:28', '2025-08-08 07:58:48', '2025-08-07 16:17:28', '2025-08-08 07:58:48', 'inativa', NULL, '00:00:00'),
(697, 'pedro', 'enc1453', 'enc1453', 'concluida', '00:02:29', '2025-08-07 16:28:47', '2025-08-12 15:52:47', NULL, '2025-08-12 15:52:47', 'inativa', NULL, '00:00:00'),
(698, 'pedro', 'enc1460', 'enc1460', 'concluida', '00:02:35', '2025-08-07 16:29:18', '2025-08-12 15:50:07', NULL, '2025-08-12 15:50:07', 'inativa', NULL, '00:00:00'),
(699, 'pedro', 'enc1409', 'enc1409', 'concluida', '00:37:33', '2025-08-07 16:30:03', '2025-08-11 18:16:33', NULL, '2025-08-11 18:16:33', 'inativa', NULL, '00:00:00'),
(700, 'claudia', 'enc1410', 'enc1410', 'pendente', '00:08:07', '2025-08-07 16:36:50', '2025-08-13 15:57:34', NULL, '2025-08-13 15:57:34', 'inativa', NULL, '00:00:00'),
(701, 'pedro', 'enc1411', 'enc1411', 'concluida', '00:12:01', '2025-08-07 16:45:34', '2025-08-11 18:23:21', NULL, '2025-08-11 18:23:21', 'inativa', NULL, '00:00:00'),
(702, NULL, 'enc1416', 'enc1416', 'espera', '02:22:59', '2025-08-07 16:52:07', '2025-08-12 09:58:10', NULL, NULL, 'inativa', NULL, '00:00:00'),
(703, NULL, 'enc1417', 'enc1417', 'espera', '03:11:24', '2025-08-07 17:02:46', '2025-08-12 14:32:04', '2025-08-07 17:30:44', NULL, 'inativa', NULL, '00:00:00'),
(704, 'claudia', 'orç379 alteração', 'orç379 alteração', 'concluida', '00:03:45', '2025-08-07 17:36:23', '2025-08-07 17:40:09', NULL, '2025-08-07 17:40:09', 'inativa', NULL, '00:00:00'),
(705, NULL, 'enc1418', 'enc1418', 'espera', '03:56:37', '2025-08-08 09:31:12', '2025-08-13 10:18:49', '2025-08-08 10:14:19', NULL, 'inativa', NULL, '00:00:00'),
(706, 'pedro', 'enc1422', 'enc1422', 'concluida', '00:34:24', '2025-08-08 10:23:55', '2025-08-12 14:46:48', '2025-08-08 10:38:01', '2025-08-12 14:46:48', 'inativa', NULL, '00:00:00'),
(707, NULL, 'enc1423', 'enc1423', 'espera', '01:13:52', '2025-08-08 10:38:34', '2025-08-12 15:45:25', '2025-08-08 10:48:34', NULL, 'inativa', NULL, '00:00:00'),
(708, 'sofia', 'enc1439 alteração', 'enc1439 alteração', 'concluida', '00:11:03', '2025-08-08 10:54:39', '2025-08-11 10:36:11', NULL, '2025-08-11 10:36:11', 'inativa', NULL, '00:00:00'),
(709, NULL, 'enc1425', 'enc1425', 'espera', '00:26:54', '2025-08-08 11:17:25', '2025-08-08 11:44:24', NULL, NULL, 'inativa', NULL, '00:00:00'),
(710, NULL, 'enc1426', 'enc1426', 'espera', '00:05:17', '2025-08-08 11:44:38', '2025-08-13 11:43:45', '2025-08-13 11:41:26', NULL, 'inativa', NULL, '00:00:00'),
(711, 'claudia', 'enc1428', 'enc1428', 'pendente', '00:06:33', '2025-08-08 11:47:58', '2025-08-13 15:57:34', NULL, '2025-08-13 15:57:34', 'inativa', NULL, '00:00:00'),
(712, NULL, 'enc1430', 'enc1430', 'espera', '01:02:42', '2025-08-08 11:57:10', '2025-08-12 13:52:34', '2025-08-08 13:36:14', NULL, 'inativa', NULL, '00:00:00'),
(713, 'claudia', 'enc1431', 'enc1431', 'pendente', '00:04:46', '2025-08-08 13:51:47', '2025-08-13 15:57:34', NULL, '2025-08-13 15:57:34', 'inativa', NULL, '00:00:00'),
(714, NULL, 'enc1432', 'enc1432', 'espera', '00:43:15', '2025-08-08 13:56:56', '2025-08-12 14:24:13', NULL, NULL, 'inativa', NULL, '00:00:00'),
(715, 'sofia', 'enc1433', 'enc1433', 'concluida', '00:10:56', '2025-08-08 14:09:18', '2025-08-12 14:50:28', NULL, '2025-08-12 14:50:28', 'inativa', NULL, '00:00:00'),
(716, NULL, 'enc1434', 'enc1434', 'espera', '02:24:02', '2025-08-08 14:13:47', '2025-08-12 17:12:42', '2025-08-08 14:23:57', NULL, 'inativa', NULL, '00:00:00'),
(717, 'sofia', 'enc1435', 'enc1435', 'concluida', '02:42:50', '2025-08-08 14:36:02', '2025-08-13 09:38:49', NULL, '2025-08-13 09:38:49', 'inativa', NULL, '00:00:00'),
(718, 'pedro', 'enc1436', 'enc1436', 'concluida', '01:30:21', '2025-08-08 15:01:37', '2025-08-13 13:43:54', '2025-08-08 15:27:47', '2025-08-13 13:43:54', 'inativa', NULL, '00:00:00'),
(719, NULL, 'enc1437', 'enc1437', 'espera', '01:38:26', '2025-08-08 15:28:49', '2025-08-13 15:36:48', '2025-08-13 15:34:45', NULL, 'inativa', NULL, '00:00:00'),
(720, 'pedro', 'enc1438', 'enc1438', 'concluida', '00:09:17', '2025-08-08 15:41:06', '2025-08-13 13:50:43', NULL, '2025-08-13 13:50:43', 'inativa', NULL, '00:00:00'),
(721, NULL, 'enc1442', 'enc1442', 'espera', '00:19:24', '2025-08-08 15:45:36', '2025-08-08 16:17:35', '2025-08-08 16:12:48', NULL, 'inativa', NULL, '00:00:00'),
(722, 'pedro', 'enc1445', 'enc1445', 'concluida', '00:17:14', '2025-08-08 16:18:19', '2025-08-13 13:53:34', NULL, '2025-08-13 13:53:34', 'inativa', NULL, '00:00:00'),
(723, NULL, 'enc1446', 'enc1446', 'espera', '01:21:34', '2025-08-08 16:33:26', '2025-08-13 15:48:26', NULL, NULL, 'inativa', NULL, '00:00:00'),
(724, 'claudia', 'enc1465', 'enc1465', 'concluida', '00:19:32', '2025-08-08 17:38:36', '2025-08-08 17:58:09', NULL, '2025-08-08 17:58:09', 'inativa', NULL, '00:00:00'),
(725, NULL, 'enc1447', 'enc1447', 'espera', '00:18:38', '2025-08-08 17:58:35', '2025-08-08 18:17:17', NULL, NULL, 'inativa', NULL, '00:00:00'),
(726, 'pedro', 'enc1247 alteraçao', 'Roupeiros Windmob', 'concluida', '02:05:33', '2025-08-11 08:17:20', '2025-08-12 16:44:59', '2025-08-11 08:18:04', '2025-08-12 16:44:59', 'inativa', NULL, '00:00:00'),
(727, 'claudia', 'mail', 'mail', 'concluida', '01:41:26', '2025-08-11 09:12:30', '2025-08-13 13:36:46', '2025-08-11 09:33:31', '2025-08-13 13:36:46', 'inativa', NULL, '00:00:00'),
(728, NULL, 'enc1423 alteração', 'enc1423 alteração', 'espera', '00:06:25', '2025-08-11 09:46:14', '2025-08-11 09:52:45', NULL, NULL, 'inativa', NULL, '00:00:00'),
(729, 'claudia', 'enc1447 alteração', 'enc1447 alteração', 'pendente', '00:02:28', '2025-08-11 09:53:24', '2025-08-13 15:57:34', NULL, '2025-08-13 15:57:34', 'inativa', NULL, '00:00:00'),
(730, NULL, 'enc1448', 'enc1448', 'espera', '00:29:14', '2025-08-11 09:56:38', '2025-08-11 10:41:57', '2025-08-11 09:59:26', NULL, 'inativa', NULL, '00:00:00'),
(731, 'pedro', 'enc1449', 'enc1449', 'concluida', '00:10:04', '2025-08-11 10:42:21', '2025-08-13 15:38:38', '2025-08-11 10:52:08', '2025-08-13 15:38:38', 'inativa', NULL, '00:00:00'),
(732, NULL, 'enc1450', 'enc1450', 'espera', '00:12:46', '2025-08-11 10:53:44', '2025-08-11 11:06:35', NULL, NULL, 'inativa', NULL, '00:00:00'),
(733, NULL, 'enc1451', 'enc1451', 'espera', '00:32:11', '2025-08-11 11:06:54', '2025-08-11 13:32:39', '2025-08-11 11:56:17', NULL, 'inativa', NULL, '00:00:00'),
(734, NULL, 'enc1470', 'enc1470', 'espera', '00:00:15', '2025-08-11 13:32:52', '2025-08-11 13:33:13', NULL, NULL, 'inativa', NULL, '00:00:00'),
(735, 'pedro', 'enc1471', 'enc1471', 'concluida', '00:04:30', '2025-08-11 13:33:50', '2025-08-13 15:44:59', NULL, '2025-08-13 15:44:59', 'inativa', NULL, '00:00:00'),
(736, NULL, 'enc1452', 'enc1452', 'espera', '00:48:36', '2025-08-11 13:34:26', '2025-08-11 14:23:07', NULL, NULL, 'inativa', NULL, '00:00:00'),
(737, NULL, 'enc1454', 'enc1454', 'espera', '00:13:07', '2025-08-11 14:24:36', '2025-08-11 14:37:48', NULL, NULL, 'inativa', NULL, '00:00:00'),
(738, NULL, 'enc1456', 'enc1456', 'espera', '00:15:35', '2025-08-11 14:39:09', '2025-08-11 14:54:52', NULL, NULL, 'inativa', NULL, '00:00:00'),
(739, NULL, 'enc1474', 'enc1474', 'espera', '00:00:51', '2025-08-11 14:57:33', '2025-08-11 14:58:29', NULL, NULL, 'inativa', NULL, '00:00:00'),
(740, NULL, 'enc1455', 'enc1455', 'espera', '00:11:05', '2025-08-11 14:58:43', '2025-08-11 15:09:53', NULL, NULL, 'inativa', NULL, '00:00:00'),
(741, NULL, 'enc1457', 'enc1457', 'espera', '00:26:56', '2025-08-11 15:10:07', '2025-08-11 15:39:30', '2025-08-11 15:32:20', NULL, 'inativa', NULL, '00:00:00'),
(742, NULL, 'enc1461', 'enc1461', 'espera', '00:08:18', '2025-08-11 15:40:12', '2025-08-11 15:48:34', NULL, NULL, 'inativa', NULL, '00:00:00'),
(743, NULL, 'enc1462', 'enc1462', 'espera', '00:28:09', '2025-08-11 15:48:46', '2025-08-11 16:30:52', '2025-08-11 16:14:24', NULL, 'inativa', NULL, '00:00:00'),
(744, NULL, 'enc1463', 'enc1463', 'espera', '00:28:03', '2025-08-11 16:31:35', '2025-08-11 17:13:47', '2025-08-11 17:12:54', NULL, 'inativa', NULL, '00:00:00'),
(745, NULL, 'enc1464', 'enc1464', 'espera', '00:14:03', '2025-08-11 17:14:20', '2025-08-11 17:28:27', NULL, NULL, 'inativa', NULL, '00:00:00'),
(746, NULL, 'enc1459', 'enc1459', 'espera', '00:10:53', '2025-08-11 17:29:51', '2025-08-11 17:40:49', NULL, NULL, 'inativa', NULL, '00:00:00'),
(747, 'pedro', 'enc1458', 'enc1458', 'concluida', '00:07:52', '2025-08-11 17:41:42', '2025-08-13 15:40:22', '2025-08-11 17:49:12', '2025-08-13 15:40:22', 'inativa', NULL, '00:00:00'),
(748, 'pedro', 'enc1452 alteração', 'enc1452 alteração', 'concluida', '00:06:03', '2025-08-12 09:24:19', '2025-08-13 10:21:35', NULL, '2025-08-13 10:21:35', 'inativa', NULL, '00:00:00'),
(749, 'claudia', 'GSAV487', 'GSAV487', 'concluida', '00:01:29', '2025-08-12 09:42:31', '2025-08-12 09:48:30', '2025-08-12 09:47:31', '2025-08-12 09:48:30', 'inativa', NULL, '00:00:00'),
(750, 'claudia', 'gsav488', 'gsav488', 'concluida', '00:04:03', '2025-08-12 09:48:39', '2025-08-12 09:58:18', '2025-08-12 09:58:10', '2025-08-12 09:58:18', 'inativa', NULL, '00:00:00'),
(751, NULL, 'enc1466', 'enc1466', 'espera', '00:11:36', '2025-08-12 10:37:37', '2025-08-12 10:49:17', NULL, NULL, 'inativa', NULL, '00:00:00'),
(752, NULL, 'enc1467', 'enc1467', 'espera', '00:21:16', '2025-08-12 10:49:33', '2025-08-12 16:17:08', '2025-08-12 15:55:58', NULL, 'inativa', NULL, '00:00:00'),
(753, NULL, 'enc1468', 'enc1468', 'espera', '00:39:20', '2025-08-12 10:52:01', '2025-08-12 11:37:12', '2025-08-12 11:15:49', NULL, 'inativa', NULL, '00:00:00'),
(754, NULL, 'enc1469', 'enc1469', 'espera', '00:28:35', '2025-08-12 11:39:51', '2025-08-12 14:19:50', '2025-08-12 14:11:36', NULL, 'inativa', NULL, '00:00:00'),
(755, NULL, 'enc1472', 'enc1472', 'espera', '00:14:32', '2025-08-12 14:20:53', '2025-08-12 14:35:30', NULL, NULL, 'inativa', NULL, '00:00:00'),
(756, NULL, 'enc1473', 'enc1473', 'espera', '00:08:58', '2025-08-12 14:36:05', '2025-08-12 14:49:25', '2025-08-12 14:43:50', NULL, 'inativa', NULL, '00:00:00'),
(757, NULL, 'enc1475', 'enc1475', 'espera', '00:10:44', '2025-08-12 14:49:33', '2025-08-12 15:00:21', NULL, NULL, 'inativa', NULL, '00:00:00'),
(758, 'claudia', 'enc1476', 'enc1476', 'pendente', '00:00:33', '2025-08-12 15:00:42', '2025-08-13 15:57:34', NULL, '2025-08-13 15:57:34', 'inativa', NULL, '00:00:00'),
(759, NULL, 'enc1477', 'enc1477', 'espera', '00:09:04', '2025-08-12 15:01:31', '2025-08-12 15:10:40', NULL, NULL, 'inativa', NULL, '00:00:00'),
(760, NULL, 'enc1478', 'enc1478', 'espera', '00:10:45', '2025-08-12 15:10:57', '2025-08-12 15:21:48', NULL, NULL, 'inativa', NULL, '00:00:00'),
(761, NULL, 'enc1479', 'enc1479', 'espera', '00:17:19', '2025-08-12 15:38:24', '2025-08-12 15:55:49', NULL, NULL, 'inativa', NULL, '00:00:00'),
(762, 'rui', 'enc1412', 'Colegio Maia', 'pendente', '00:13:15', '2025-08-12 15:47:51', '2025-08-13 16:02:14', '2025-08-12 16:13:58', '2025-08-13 16:02:14', 'inativa', NULL, '00:00:00'),
(763, NULL, 'enc1480', 'enc1480', 'espera', '00:08:47', '2025-08-12 16:17:36', '2025-08-12 16:26:28', NULL, NULL, 'inativa', NULL, '00:00:00'),
(764, NULL, 'enc1481', 'enc1481', 'espera', '00:03:54', '2025-08-12 16:27:56', '2025-08-12 16:31:56', NULL, NULL, 'inativa', NULL, '00:00:00'),
(765, 'pedro', 'enc1482', 'enc1482', 'concluida', '00:06:39', '2025-08-12 16:32:25', '2025-08-13 10:35:26', NULL, '2025-08-13 10:35:26', 'inativa', NULL, '00:00:00'),
(766, 'claudia', 'enc1483', 'enc1483', 'pendente', '00:01:37', '2025-08-12 16:38:06', '2025-08-13 15:57:34', NULL, '2025-08-13 15:57:34', 'inativa', NULL, '00:00:00'),
(767, NULL, 'gsav483 alteração', 'gsav483 alteração', 'espera', '00:08:46', '2025-08-12 16:48:37', '2025-08-12 17:11:01', '2025-08-12 17:06:24', NULL, 'inativa', NULL, '00:00:00'),
(768, 'joaquim', 'Programar S18', 'Programar S18', 'pendente', '03:58:24', '2025-08-12 17:00:48', '2025-08-13 16:04:56', '2025-08-13 08:05:40', '2025-08-13 16:04:56', 'inativa', NULL, '00:00:00'),
(769, 'roberto', 'enc1333', 'DePau', 'pendente', '00:00:03', '2025-08-12 17:01:24', '2025-08-13 15:51:39', NULL, '2025-08-13 15:51:39', 'inativa', NULL, '00:00:00'),
(770, 'roberto', 'enc1331', 'DePau', 'pendente', '00:00:03', '2025-08-12 17:01:42', '2025-08-13 15:51:39', NULL, '2025-08-13 15:51:39', 'inativa', NULL, '00:00:00'),
(771, 'pedro', 'enc1387 alteração', 'enc1387 alteração', 'concluida', '00:08:54', '2025-08-12 17:14:15', '2025-08-13 10:23:41', NULL, '2025-08-13 10:23:41', 'inativa', NULL, '00:00:00'),
(772, 'claudia', 'gsav489', 'gsav489', 'pendente', '00:01:21', '2025-08-12 17:21:29', '2025-08-13 15:57:34', NULL, '2025-08-13 15:57:34', 'inativa', NULL, '00:00:00'),
(773, 'pedro', 'enc1386 alteração', 'enc1386 alteração', 'concluida', '00:10:21', '2025-08-12 17:24:05', '2025-08-13 10:29:35', NULL, '2025-08-13 10:29:35', 'inativa', NULL, '00:00:00'),
(774, 'claudia', 'orç382', 'orç382', 'concluida', '00:15:36', '2025-08-12 17:34:29', '2025-08-12 17:50:05', NULL, '2025-08-12 17:50:05', 'inativa', NULL, '00:00:00'),
(775, 'sofia', 'Criar Relatorios S21', 'Criar Relatorios S21', 'concluida', '03:34:35', '2025-08-12 17:49:01', '2025-08-13 15:01:06', '2025-08-13 09:42:22', '2025-08-13 15:01:06', 'inativa', NULL, '00:00:00'),
(776, 'pedro', 'enc1398 alteração', 'enc1398 alteração', 'concluida', '00:03:23', '2025-08-12 17:50:42', '2025-08-13 10:32:54', NULL, '2025-08-13 10:32:54', 'inativa', NULL, '00:00:00'),
(777, 'pedro', 'enc1389 alteração', 'enc1389 alteração', 'concluida', '00:06:34', '2025-08-12 17:53:27', '2025-08-13 10:31:37', NULL, '2025-08-13 10:31:37', 'inativa', NULL, '00:00:00'),
(778, NULL, 'enc1435 alteração', 'enc1435 alteração', 'espera', '00:03:07', '2025-08-13 09:25:55', '2025-08-13 09:29:07', NULL, NULL, 'inativa', NULL, '00:00:00'),
(779, NULL, 'enc1484', 'enc1484', 'espera', '00:02:24', '2025-08-13 09:54:23', '2025-08-13 09:56:52', NULL, NULL, 'inativa', NULL, '00:00:00'),
(780, NULL, 'enc1320 alteração', 'enc1320 alteração', 'espera', '00:07:42', '2025-08-13 09:57:06', '2025-08-13 10:19:01', '2025-08-13 10:14:19', NULL, 'inativa', NULL, '00:00:00'),
(781, 'rui', 'Retificar Fichas Tecnicas', 'Retificar Fichas Tecnicas', 'pendente', '01:48:17', '2025-08-13 10:01:19', '2025-08-13 16:02:14', '2025-08-13 10:14:35', '2025-08-13 16:02:14', 'inativa', NULL, '00:00:00'),
(782, 'claudia', 'gsav490', 'gsav490', 'pendente', '00:13:39', '2025-08-13 10:23:55', '2025-08-13 15:57:34', '2025-08-13 10:31:39', '2025-08-13 15:57:34', 'inativa', NULL, '00:00:00'),
(783, NULL, 'enc1435 alteração', 'enc1435 alteração', 'espera', '00:06:58', '2025-08-13 11:44:42', '2025-08-13 11:51:45', NULL, NULL, 'inativa', NULL, '00:00:00'),
(784, 'rui', 'enc1413', 'Cama MorDesign', 'pendente', '00:39:08', '2025-08-13 13:30:39', '2025-08-13 16:02:14', '2025-08-13 14:46:09', '2025-08-13 16:02:14', 'inativa', NULL, '00:00:00'),
(785, NULL, 'enc1353 alteração', 'enc1353 alteração', 'espera', '00:04:29', '2025-08-13 13:37:06', '2025-08-13 13:44:06', '2025-08-13 13:43:17', NULL, 'inativa', NULL, '00:00:00'),
(786, NULL, 'gsav491', 'gsav491', 'espera', '00:06:37', '2025-08-13 13:46:47', '2025-08-13 14:04:40', '2025-08-13 14:01:40', NULL, 'inativa', NULL, '00:00:00'),
(787, 'claudia', 'orç383', 'orç383', 'concluida', '00:36:43', '2025-08-13 14:09:24', '2025-08-13 14:46:08', NULL, '2025-08-13 14:46:08', 'inativa', NULL, '00:00:00'),
(788, 'claudia', 'orç384', 'orç384', 'concluida', '00:16:05', '2025-08-13 14:57:07', '2025-08-13 15:13:13', NULL, '2025-08-13 15:13:13', 'inativa', NULL, '00:00:00'),
(789, NULL, 'gsav492', 'gsav492', 'espera', '00:04:39', '2025-08-13 15:32:09', '2025-08-13 15:36:53', NULL, NULL, 'inativa', NULL, '00:00:00'),
(790, NULL, 'enc1487', 'enc1487', 'espera', '00:01:14', '2025-08-13 15:37:10', '2025-08-13 15:38:32', NULL, NULL, 'inativa', NULL, '00:00:00'),
(791, NULL, 'enc1266 alteração', 'enc1266 alteração', 'espera', '00:03:13', '2025-08-13 15:45:37', '2025-08-13 15:48:55', NULL, NULL, 'inativa', NULL, '00:00:00');

-- --------------------------------------------------------

--
-- Estrutura da tabela `transicao_tarefas`
--

CREATE TABLE `transicao_tarefas` (
  `id` int(11) NOT NULL,
  `tarefa_id` int(11) NOT NULL,
  `utilizador_antigo` varchar(50) NOT NULL,
  `utilizador_novo` varchar(50) DEFAULT NULL,
  `departamento_novo` int(11) NOT NULL,
  `dataHora_transicao` datetime NOT NULL DEFAULT current_timestamp(),
  `duracao_exec` time NOT NULL DEFAULT '00:00:00',
  `hora_de_associacao` datetime DEFAULT NULL
) ENGINE=InnoDB DEFAULT CHARSET=utf8mb4 COLLATE=utf8mb4_general_ci;

--
-- Extraindo dados da tabela `transicao_tarefas`
--

INSERT INTO `transicao_tarefas` (`id`, `tarefa_id`, `utilizador_antigo`, `utilizador_novo`, `departamento_novo`, `dataHora_transicao`, `duracao_exec`, `hora_de_associacao`) VALUES
(178, 537, 'claudia', 'sofia', 17, '2025-07-30 17:36:00', '00:04:21', '2025-07-31 08:36:24'),
(179, 537, 'claudia', 'sofia', 17, '2025-07-30 17:42:37', '00:00:12', '2025-07-31 08:36:24'),
(180, 537, 'claudia', 'sofia', 17, '2025-07-30 17:49:53', '00:00:04', '2025-07-31 08:36:24'),
(183, 538, 'claudia', 'sofia', 17, '2025-07-30 17:54:50', '00:02:25', '2025-07-31 08:45:52'),
(184, 540, 'claudia', 'rui', 17, '2025-07-30 18:03:26', '00:03:38', '2025-08-07 09:39:13'),
(185, 541, 'rui', 'pedro', 17, '2025-07-30 18:27:12', '00:00:04', NULL),
(186, 542, 'rui', 'sofia', 17, '2025-07-30 18:29:30', '00:00:03', NULL),
(187, 543, 'rui', 'joaquim', 15, '2025-07-31 08:06:31', '00:00:04', NULL),
(188, 545, 'rui', 'sofia', 17, '2025-07-31 09:01:17', '00:00:04', NULL),
(189, 546, 'rui', 'sofia', 17, '2025-07-31 09:01:36', '00:00:03', NULL),
(190, 547, 'rui', 'sofia', 17, '2025-07-31 09:01:57', '00:00:04', NULL),
(191, 548, 'rui', 'sofia', 17, '2025-07-31 09:02:21', '00:00:05', NULL),
(192, 549, 'rui', 'sofia', 17, '2025-07-31 09:02:46', '00:00:04', NULL),
(193, 550, 'rui', 'sofia', 17, '2025-07-31 09:04:16', '00:00:03', NULL),
(194, 551, 'claudia', 'pedro', 17, '2025-07-31 09:06:39', '00:00:05', '2025-08-01 14:57:00'),
(195, 553, 'claudia', 'pedro', 17, '2025-07-31 09:08:51', '00:00:03', '2025-08-01 11:54:32'),
(196, 554, 'claudia', 'pedro', 17, '2025-07-31 09:09:09', '00:00:04', '2025-07-31 14:05:55'),
(197, 555, 'claudia', 'pedro', 17, '2025-07-31 09:09:28', '00:00:02', '2025-07-31 15:23:38'),
(198, 556, 'claudia', 'sofia', 17, '2025-07-31 09:09:45', '00:00:02', '2025-08-01 09:21:18'),
(199, 557, 'claudia', 'sofia', 17, '2025-07-31 09:10:12', '00:00:02', '2025-08-01 10:57:48'),
(200, 558, 'claudia', 'sofia', 17, '2025-07-31 09:10:30', '00:00:04', '2025-08-04 17:01:19'),
(201, 559, 'claudia', 'pedro', 17, '2025-07-31 09:10:48', '00:00:03', '2025-08-02 11:05:00'),
(202, 560, 'claudia', 'pedro', 17, '2025-07-31 09:11:05', '00:00:03', '2025-07-31 17:14:56'),
(203, 561, 'claudia', 'pedro', 17, '2025-07-31 09:11:26', '00:00:03', '2025-08-02 08:38:29'),
(204, 562, 'claudia', 'pedro', 17, '2025-07-31 09:11:45', '00:00:03', '2025-08-01 08:47:17'),
(205, 564, 'claudia', 'rui', 17, '2025-07-31 09:34:25', '00:02:52', '2025-07-31 13:51:53'),
(206, 566, 'claudia', 'pedro', 17, '2025-07-31 10:50:52', '00:02:29', '2025-07-31 18:34:29'),
(207, 567, 'claudia', 'pedro', 17, '2025-07-31 10:51:45', '00:00:19', '2025-07-31 18:15:02'),
(208, 568, 'claudia', 'pedro', 17, '2025-07-31 10:52:30', '00:00:10', '2025-07-31 18:19:50'),
(209, 569, 'claudia', 'pedro', 17, '2025-07-31 10:53:04', '00:00:11', '2025-07-31 18:17:12'),
(210, 571, 'claudia', 'pedro', 17, '2025-07-31 11:17:36', '00:08:55', '2025-07-31 18:29:14'),
(211, 574, 'rui', 'pedro', 17, '2025-07-31 11:32:19', '00:00:04', NULL),
(212, 576, 'claudia', 'pedro', 17, '2025-07-31 14:33:08', '00:01:46', '2025-08-01 10:59:14'),
(213, 579, 'claudia', 'pedro', 17, '2025-07-31 14:51:57', '00:07:49', '2025-08-01 10:24:18'),
(214, 581, 'claudia', 'pedro', 17, '2025-07-31 15:10:08', '00:05:27', '2025-08-02 09:43:31'),
(215, 582, 'claudia', 'pedro', 17, '2025-07-31 15:20:50', '00:03:05', '2025-07-31 18:21:35'),
(216, 584, 'claudia', 'pedro', 17, '2025-07-31 15:53:25', '00:06:36', '2025-08-04 09:40:45'),
(217, 585, 'claudia', 'pedro', 17, '2025-07-31 16:30:23', '00:06:35', '2025-08-07 16:33:36'),
(218, 555, 'pedro', NULL, 15, '2025-07-31 16:37:55', '00:45:41', NULL),
(219, 548, 'sofia', NULL, 15, '2025-07-31 16:47:25', '00:17:04', NULL),
(220, 586, 'claudia', 'sofia', 17, '2025-07-31 17:10:15', '00:04:59', '2025-08-04 15:20:06'),
(221, 587, 'claudia', 'pedro', 17, '2025-07-31 17:52:41', '00:01:11', '2025-07-31 18:31:32'),
(222, 560, 'pedro', NULL, 15, '2025-07-31 17:53:15', '00:35:01', NULL),
(223, 589, 'rui', 'roberto', 15, '2025-08-01 08:18:49', '00:00:03', NULL),
(224, 550, 'sofia', NULL, 15, '2025-08-01 09:16:11', '00:31:07', NULL),
(225, 562, 'pedro', NULL, 15, '2025-08-01 10:22:34', '01:21:27', NULL),
(226, 579, 'pedro', NULL, 15, '2025-08-01 10:56:46', '00:32:22', NULL),
(227, 576, 'pedro', NULL, 15, '2025-08-01 11:32:38', '00:33:15', NULL),
(228, 557, 'sofia', NULL, 15, '2025-08-01 13:52:34', '01:24:01', NULL),
(229, 594, 'rui', 'sofia', 17, '2025-08-01 13:55:00', '00:00:05', NULL),
(230, 595, 'claudia', 'pedro', 17, '2025-08-01 13:59:46', '00:02:13', '2025-08-01 18:44:12'),
(231, 596, 'claudia', 'sofia', 17, '2025-08-01 14:20:58', '00:19:31', '2025-08-05 08:31:47'),
(232, 597, 'claudia', 'pedro', 17, '2025-08-01 14:35:27', '00:13:33', '2025-08-04 08:45:23'),
(233, 572, 'claudia', 'pedro', 17, '2025-08-01 14:45:14', '00:06:12', '2025-08-07 11:27:39'),
(234, 598, 'claudia', 'pedro', 17, '2025-08-01 14:55:12', '00:09:44', '2025-08-01 18:48:13'),
(235, 599, 'claudia', 'pedro', 17, '2025-08-01 15:00:00', '00:04:23', '2025-08-01 18:47:06'),
(236, 600, 'claudia', 'pedro', 17, '2025-08-01 15:05:29', '00:05:16', '2025-08-01 18:45:58'),
(237, 601, 'claudia', 'pedro', 17, '2025-08-01 15:15:36', '00:09:47', '2025-08-01 18:52:47'),
(238, 602, 'claudia', 'pedro', 17, '2025-08-01 16:39:32', '00:51:54', '2025-08-07 18:41:08'),
(239, 603, 'claudia', 'sofia', 17, '2025-08-01 17:04:15', '00:23:29', '2025-08-05 11:08:42'),
(240, 606, 'claudia', 'sofia', 17, '2025-08-01 18:01:38', '00:13:17', '2025-08-05 17:39:28'),
(241, 551, 'pedro', NULL, 15, '2025-08-01 18:34:06', '03:15:54', NULL),
(242, 601, 'pedro', NULL, 15, '2025-08-02 08:32:40', '00:47:22', NULL),
(243, 581, 'pedro', NULL, 15, '2025-08-02 11:02:28', '01:04:55', NULL),
(244, 608, 'rui', 'pedro', 17, '2025-08-04 10:52:56', '00:00:04', NULL),
(245, 607, 'claudia', 'sofia', 17, '2025-08-04 10:54:51', '00:22:20', '2025-08-06 09:43:55'),
(246, 609, 'claudia', 'sofia', 17, '2025-08-04 13:59:45', '00:02:31', '2025-08-06 09:37:42'),
(247, 610, 'claudia', 'sofia', 17, '2025-08-04 14:57:41', '00:11:37', '2025-08-06 16:24:45'),
(248, 611, 'claudia', 'sofia', 17, '2025-08-04 15:41:54', '00:41:35', '2025-08-06 15:47:02'),
(249, 612, 'claudia', 'sofia', 17, '2025-08-04 16:32:52', '00:03:00', '2025-08-11 14:25:07'),
(250, 613, 'claudia', 'sofia', 17, '2025-08-04 16:41:16', '00:08:05', '2025-08-11 14:35:34'),
(251, 614, 'claudia', 'sofia', 17, '2025-08-04 16:45:30', '00:00:54', '2025-08-05 17:33:24'),
(252, 616, 'claudia', 'sofia', 17, '2025-08-04 16:45:58', '00:00:09', '2025-08-05 17:27:41'),
(253, 617, 'claudia', 'sofia', 17, '2025-08-04 16:46:22', '00:00:07', '2025-08-05 17:22:30'),
(254, 618, 'claudia', 'sofia', 17, '2025-08-04 16:46:59', '00:00:04', '2025-08-05 17:15:58'),
(255, 619, 'claudia', 'sofia', 17, '2025-08-04 16:47:27', '00:00:08', '2025-08-06 17:21:38'),
(256, 620, 'claudia', 'rui', 17, '2025-08-04 17:01:39', '00:06:14', '2025-08-07 09:45:35'),
(257, 558, 'sofia', NULL, 15, '2025-08-05 09:39:38', '04:43:51', NULL),
(258, 625, 'claudia', 'sofia', 17, '2025-08-05 09:57:36', '00:00:15', '2025-08-07 10:30:44'),
(259, 626, 'claudia', 'sofia', 17, '2025-08-05 09:58:07', '00:00:08', '2025-08-06 17:15:46'),
(260, 627, 'claudia', 'sofia', 17, '2025-08-05 09:58:38', '00:00:07', '2025-08-07 14:30:09'),
(261, 630, 'rui', 'joaquim', 15, '2025-08-05 10:59:52', '00:00:03', NULL),
(262, 629, 'claudia', 'sofia', 17, '2025-08-05 11:03:15', '00:18:08', '2025-08-06 17:32:52'),
(263, 596, 'sofia', NULL, 15, '2025-08-05 11:04:47', '01:53:09', NULL),
(264, 631, 'claudia', 'sofia', 17, '2025-08-05 11:16:46', '00:10:49', '2025-08-07 10:40:54'),
(265, 632, 'claudia', 'sofia', 17, '2025-08-05 11:40:15', '00:23:10', '2025-08-07 15:40:58'),
(266, 633, 'claudia', 'sofia', 17, '2025-08-05 11:49:01', '00:08:00', '2025-08-08 09:16:18'),
(267, 634, 'claudia', 'pedro', 17, '2025-08-05 12:01:06', '00:11:46', '2025-08-11 14:49:50'),
(268, 623, 'claudia', 'rui', 17, '2025-08-05 13:43:18', '00:04:29', '2025-08-07 09:18:25'),
(269, 635, 'claudia', 'rui', 17, '2025-08-05 13:50:37', '00:01:54', '2025-08-08 08:00:39'),
(270, 640, 'claudia', 'sofia', 17, '2025-08-05 15:13:52', '00:06:02', '2025-08-06 09:20:33'),
(271, 643, 'claudia', 'sofia', 17, '2025-08-05 15:53:04', '00:05:19', '2025-08-06 09:30:43'),
(272, 644, 'claudia', 'rui', 17, '2025-08-05 15:59:39', '00:06:06', '2025-08-07 09:23:54'),
(273, 645, 'claudia', 'pedro', 17, '2025-08-05 16:35:09', '00:20:23', '2025-08-07 14:34:16'),
(274, 646, 'claudia', 'sofia', 17, '2025-08-05 16:57:52', '00:19:30', '2025-08-06 14:32:34'),
(275, 603, 'sofia', NULL, 15, '2025-08-05 17:12:47', '04:15:02', NULL),
(276, 648, 'claudia', 'sofia', 17, '2025-08-05 17:14:23', '00:02:55', '2025-08-06 17:09:35'),
(277, 606, 'sofia', NULL, 15, '2025-08-06 09:14:06', '01:55:57', NULL),
(278, 653, 'claudia', NULL, 17, '2025-08-06 10:24:28', '00:15:21', NULL),
(279, 654, 'claudia', 'sofia', 17, '2025-08-06 10:38:47', '00:12:04', '2025-08-08 09:23:56'),
(280, 655, 'claudia', 'pedro', 17, '2025-08-06 11:20:38', '00:34:51', '2025-08-11 18:23:31'),
(281, 656, 'claudia', 'sofia', 17, '2025-08-06 11:52:50', '00:24:23', '2025-08-08 11:26:59'),
(282, 658, 'claudia', NULL, 17, '2025-08-06 13:55:53', '00:07:12', NULL),
(283, 659, 'claudia', 'sofia', 17, '2025-08-06 14:00:54', '00:02:42', '2025-08-07 14:50:40'),
(284, 661, 'claudia', 'sofia', 17, '2025-08-06 14:07:58', '00:00:13', '2025-08-06 14:08:47'),
(285, 660, 'claudia', 'rui', 17, '2025-08-06 14:18:04', '00:14:28', '2025-08-07 09:15:17'),
(286, 662, 'claudia', 'sofia', 17, '2025-08-06 14:26:01', '00:07:06', '2025-08-07 09:07:15'),
(287, 663, 'claudia', 'sofia', 17, '2025-08-06 14:40:27', '00:05:54', '2025-08-07 14:38:57'),
(288, 664, 'claudia', 'rui', 17, '2025-08-06 15:11:23', '00:26:54', '2025-08-07 09:12:54'),
(289, 665, 'claudia', 'sofia', 17, '2025-08-06 15:26:37', '00:13:58', '2025-08-07 09:17:33'),
(290, 666, 'claudia', 'rui', 17, '2025-08-06 15:43:18', '00:09:52', '2025-08-07 08:42:29'),
(291, 668, 'claudia', 'rui', 17, '2025-08-06 15:55:01', '00:08:05', '2025-08-07 08:54:24'),
(292, 669, 'claudia', 'sofia', 17, '2025-08-06 16:16:43', '00:06:54', '2025-08-07 09:15:14'),
(293, 670, 'claudia', 'sofia', 17, '2025-08-06 16:21:23', '00:03:36', '2025-08-07 09:19:57'),
(294, 672, 'claudia', 'sofia', 17, '2025-08-06 16:27:42', '00:05:24', '2025-08-07 08:57:33'),
(295, 673, 'claudia', 'rui', 17, '2025-08-06 16:33:59', '00:05:25', '2025-08-07 09:08:08'),
(296, 674, 'claudia', 'pedro', 17, '2025-08-06 16:45:27', '00:09:16', '2025-08-11 14:15:54'),
(297, 680, 'claudia', 'sofia', 17, '2025-08-06 17:48:08', '00:04:37', '2025-08-07 09:49:11'),
(298, 681, 'claudia', 'sofia', 17, '2025-08-06 18:00:33', '00:05:44', '2025-08-07 09:12:28'),
(299, 629, 'sofia', NULL, 15, '2025-08-07 08:53:20', '00:52:55', NULL),
(300, 682, 'claudia', 'sofia', 17, '2025-08-07 09:27:24', '00:13:08', '2025-08-08 15:51:06'),
(301, 683, 'claudia', 'sofia', 17, '2025-08-07 09:48:37', '00:14:58', '2025-08-08 17:21:55'),
(302, 684, 'claudia', 'sofia', 17, '2025-08-07 09:56:02', '00:06:43', '2025-08-11 10:37:43'),
(303, 685, 'claudia', 'sofia', 17, '2025-08-07 10:44:52', '00:19:38', '2025-08-11 10:55:47'),
(304, 686, 'claudia', 'pedro', 17, '2025-08-07 11:05:25', '00:03:32', '2025-08-11 10:36:10'),
(305, 687, 'claudia', 'pedro', 17, '2025-08-07 11:50:25', '00:10:57', '2025-08-11 15:54:50'),
(306, 688, 'claudia', NULL, 17, '2025-08-07 13:36:32', '01:45:29', NULL),
(307, 689, 'claudia', 'pedro', 17, '2025-08-07 13:48:39', '00:09:16', '2025-08-13 10:40:31'),
(308, 690, 'claudia', 'sofia', 17, '2025-08-07 14:18:08', '00:29:08', '2025-08-11 14:40:56'),
(309, 631, 'sofia', NULL, 15, '2025-08-07 14:24:26', '02:13:18', NULL),
(310, 572, 'pedro', NULL, 15, '2025-08-07 14:33:20', '01:35:37', NULL),
(311, 691, 'claudia', 'sofia', 17, '2025-08-07 14:54:08', '00:24:25', '2025-08-11 16:30:32'),
(312, 692, 'claudia', 'pedro', 17, '2025-08-07 15:10:04', '00:09:22', '2025-08-11 11:57:42'),
(313, 693, 'claudia', 'sofia', 17, '2025-08-07 15:16:27', '00:06:05', '2025-08-11 18:24:30'),
(314, 694, 'claudia', 'pedro', 17, '2025-08-07 15:29:01', '00:09:48', '2025-08-11 14:32:30'),
(315, 695, 'claudia', 'pedro', 17, '2025-08-07 16:28:38', '00:41:32', '2025-08-11 16:22:38'),
(316, 697, 'claudia', 'pedro', 17, '2025-08-07 16:29:05', '00:00:14', '2025-08-12 15:50:30'),
(317, 698, 'claudia', 'pedro', 17, '2025-08-07 16:29:42', '00:00:15', '2025-08-12 15:47:46'),
(318, 699, 'claudia', 'pedro', 17, '2025-08-07 16:36:33', '00:06:25', '2025-08-11 17:45:25'),
(319, 701, 'claudia', 'pedro', 17, '2025-08-07 16:51:51', '00:06:13', '2025-08-11 18:17:29'),
(320, 702, 'claudia', 'sofia', 17, '2025-08-07 17:02:13', '00:10:01', '2025-08-11 18:43:11'),
(321, 703, 'claudia', 'sofia', 17, '2025-08-07 17:31:22', '00:25:59', '2025-08-12 10:00:13'),
(322, 705, 'claudia', 'pedro', 17, '2025-08-08 10:23:09', '00:38:22', '2025-08-12 16:45:10'),
(323, 706, 'claudia', 'pedro', 17, '2025-08-08 10:38:21', '00:12:00', '2025-08-12 14:24:23'),
(324, 708, 'claudia', 'sofia', 17, '2025-08-08 10:59:20', '00:04:37', '2025-08-11 10:29:44'),
(325, 707, 'claudia', 'pedro', 17, '2025-08-08 11:16:49', '00:22:22', '2025-08-12 14:46:56'),
(326, 654, 'sofia', NULL, 15, '2025-08-08 11:22:11', '01:44:35', NULL),
(327, 709, 'claudia', NULL, 17, '2025-08-08 11:44:24', '00:26:54', NULL),
(328, 712, 'claudia', 'pedro', 17, '2025-08-08 13:51:37', '00:19:30', '2025-08-12 11:38:54'),
(329, 714, 'claudia', 'pedro', 17, '2025-08-08 14:08:58', '00:11:55', '2025-08-12 13:52:47'),
(330, 715, 'claudia', 'sofia', 17, '2025-08-08 14:13:23', '00:04:00', '2025-08-12 14:43:31'),
(331, 716, 'claudia', 'sofia', 17, '2025-08-08 14:35:44', '00:15:46', '2025-08-12 14:54:26'),
(332, 717, 'claudia', 'sofia', 17, '2025-08-08 15:01:11', '00:25:04', '2025-08-12 17:17:42'),
(333, 718, 'claudia', 'pedro', 17, '2025-08-08 15:28:26', '00:24:31', '2025-08-13 11:08:03'),
(334, 719, 'claudia', 'pedro', 17, '2025-08-08 15:40:49', '00:11:55', '2025-08-13 14:06:20'),
(335, 720, 'claudia', 'pedro', 17, '2025-08-08 15:45:23', '00:04:13', '2025-08-13 13:45:37'),
(336, 656, 'sofia', NULL, 15, '2025-08-08 15:47:41', '02:48:10', NULL),
(337, 721, 'claudia', NULL, 17, '2025-08-08 16:17:35', '00:19:24', NULL),
(338, 722, 'claudia', 'pedro', 17, '2025-08-08 16:33:04', '00:14:38', '2025-08-13 13:50:57'),
(339, 723, 'claudia', 'sofia', 17, '2025-08-08 17:10:13', '00:36:40', '2025-08-13 15:03:27'),
(340, 682, 'sofia', NULL, 15, '2025-08-08 17:17:35', '01:26:22', NULL),
(341, 725, 'claudia', NULL, 17, '2025-08-08 18:17:17', '00:18:38', NULL),
(342, 602, 'pedro', NULL, 15, '2025-08-09 11:59:59', '03:46:44', NULL),
(343, 726, 'rui', 'pedro', 17, '2025-08-11 08:17:31', '00:00:06', NULL),
(344, 728, 'claudia', NULL, 17, '2025-08-11 09:52:45', '00:06:25', NULL),
(345, 683, 'sofia', NULL, 15, '2025-08-11 10:26:43', '02:11:03', NULL),
(346, 730, 'claudia', NULL, 17, '2025-08-11 10:41:57', '00:29:14', NULL),
(347, 731, 'claudia', 'pedro', 17, '2025-08-11 10:53:30', '00:08:24', '2025-08-13 15:36:57'),
(348, 732, 'claudia', NULL, 17, '2025-08-11 11:06:35', '00:12:46', NULL),
(349, 686, 'pedro', NULL, 15, '2025-08-11 11:49:18', '01:13:01', NULL),
(350, 733, 'claudia', NULL, 17, '2025-08-11 13:32:40', '00:32:11', NULL),
(351, 734, 'claudia', NULL, 17, '2025-08-11 13:33:13', '00:00:15', NULL),
(352, 735, 'claudia', 'pedro', 17, '2025-08-11 13:34:04', '00:00:08', '2025-08-13 15:40:35'),
(353, 692, 'pedro', NULL, 15, '2025-08-11 13:50:30', '00:22:29', NULL),
(354, 736, 'claudia', NULL, 17, '2025-08-11 14:23:07', '00:48:36', NULL),
(355, 685, 'sofia', NULL, 15, '2025-08-11 14:23:25', '01:54:27', NULL),
(356, 737, 'claudia', NULL, 17, '2025-08-11 14:37:48', '00:13:07', NULL),
(357, 694, 'pedro', NULL, 15, '2025-08-11 14:49:43', '00:17:06', NULL),
(358, 738, 'claudia', NULL, 17, '2025-08-11 14:54:52', '00:15:35', NULL),
(359, 739, 'claudia', NULL, 17, '2025-08-11 14:58:29', '00:00:51', NULL),
(360, 740, 'claudia', NULL, 17, '2025-08-11 15:09:53', '00:11:05', NULL),
(361, 741, 'claudia', NULL, 17, '2025-08-11 15:39:30', '00:26:56', NULL),
(362, 742, 'claudia', NULL, 17, '2025-08-11 15:48:34', '00:08:18', NULL),
(363, 743, 'claudia', NULL, 17, '2025-08-11 16:30:52', '00:28:09', NULL),
(364, 744, 'claudia', NULL, 17, '2025-08-11 17:13:47', '00:28:03', NULL),
(365, 745, 'claudia', NULL, 17, '2025-08-11 17:28:27', '00:14:03', NULL),
(366, 746, 'claudia', NULL, 17, '2025-08-11 17:40:49', '00:10:53', NULL),
(367, 695, 'pedro', NULL, 15, '2025-08-11 17:43:26', '01:20:41', NULL),
(368, 747, 'claudia', 'pedro', 17, '2025-08-11 17:50:42', '00:06:31', '2025-08-13 15:38:58'),
(369, 691, 'sofia', NULL, 15, '2025-08-11 18:21:04', '01:50:25', NULL),
(370, 748, 'claudia', 'pedro', 17, '2025-08-12 09:29:04', '00:04:40', '2025-08-13 10:20:10'),
(371, 702, 'sofia', NULL, 15, '2025-08-12 09:58:10', '01:56:03', NULL),
(372, 655, 'pedro', NULL, 15, '2025-08-12 10:45:30', '02:32:06', NULL),
(373, 751, 'claudia', NULL, 17, '2025-08-12 10:49:17', '00:11:36', NULL),
(374, 753, 'claudia', NULL, 17, '2025-08-12 11:37:12', '00:39:20', NULL),
(375, 712, 'pedro', NULL, 15, '2025-08-12 13:52:34', '00:43:12', NULL),
(376, 754, 'claudia', NULL, 17, '2025-08-12 14:19:50', '00:28:35', NULL),
(377, 714, 'pedro', NULL, 15, '2025-08-12 14:24:13', '00:31:20', NULL),
(378, 703, 'sofia', NULL, 15, '2025-08-12 14:32:04', '02:45:25', NULL),
(379, 755, 'claudia', NULL, 17, '2025-08-12 14:35:30', '00:14:32', NULL),
(380, 756, 'claudia', NULL, 17, '2025-08-12 14:49:25', '00:08:58', NULL),
(381, 757, 'claudia', NULL, 17, '2025-08-12 15:00:21', '00:10:44', NULL),
(382, 759, 'claudia', NULL, 17, '2025-08-12 15:10:40', '00:09:04', NULL),
(383, 760, 'claudia', NULL, 17, '2025-08-12 15:21:48', '00:10:45', NULL),
(384, 615, 'rui', 'roberto', 15, '2025-08-12 15:43:35', '00:00:05', NULL),
(385, 707, 'pedro', NULL, 15, '2025-08-12 15:45:25', '00:51:30', NULL),
(386, 761, 'claudia', NULL, 17, '2025-08-12 15:55:49', '00:17:19', NULL),
(387, 752, 'claudia', NULL, 17, '2025-08-12 16:17:08', '00:21:16', NULL),
(388, 763, 'claudia', NULL, 17, '2025-08-12 16:26:28', '00:08:47', NULL),
(389, 764, 'claudia', NULL, 17, '2025-08-12 16:31:56', '00:03:54', NULL),
(390, 765, 'claudia', 'pedro', 17, '2025-08-12 16:37:10', '00:04:30', '2025-08-13 10:33:16'),
(391, 768, 'rui', 'joaquim', 15, '2025-08-12 17:00:58', '00:00:04', NULL),
(392, 769, 'rui', 'roberto', 15, '2025-08-12 17:01:31', '00:00:03', NULL),
(393, 770, 'rui', 'roberto', 15, '2025-08-12 17:01:49', '00:00:03', NULL),
(394, 767, 'claudia', NULL, 17, '2025-08-12 17:11:01', '00:08:46', NULL),
(395, 716, 'sofia', NULL, 15, '2025-08-12 17:12:42', '02:08:16', NULL),
(396, 771, 'claudia', 'pedro', 17, '2025-08-12 17:21:20', '00:07:01', '2025-08-13 10:21:46'),
(397, 773, 'claudia', 'pedro', 17, '2025-08-12 17:28:46', '00:04:36', '2025-08-13 10:23:49'),
(398, 775, 'rui', 'sofia', 17, '2025-08-12 17:49:08', '00:00:03', NULL),
(399, 776, 'claudia', 'pedro', 17, '2025-08-12 17:53:01', '00:02:13', '2025-08-13 10:31:42'),
(400, 777, 'claudia', 'pedro', 17, '2025-08-12 17:58:51', '00:05:19', '2025-08-13 10:30:21'),
(401, 778, 'claudia', NULL, 17, '2025-08-13 09:29:07', '00:03:07', NULL),
(402, 779, 'claudia', NULL, 17, '2025-08-13 09:56:52', '00:02:24', NULL),
(403, 705, 'pedro', NULL, 15, '2025-08-13 10:18:49', '02:01:04', NULL),
(404, 780, 'claudia', NULL, 17, '2025-08-13 10:19:01', '00:07:42', NULL),
(405, 710, 'claudia', NULL, 17, '2025-08-13 11:43:45', '00:02:14', NULL),
(406, 783, 'claudia', NULL, 17, '2025-08-13 11:51:45', '00:06:58', NULL),
(407, 785, 'claudia', NULL, 17, '2025-08-13 13:44:06', '00:04:29', NULL),
(408, 786, 'claudia', NULL, 17, '2025-08-13 14:04:40', '00:06:37', NULL),
(409, 719, 'pedro', NULL, 15, '2025-08-13 15:36:48', '01:26:31', NULL),
(410, 789, 'claudia', NULL, 17, '2025-08-13 15:36:53', '00:04:39', NULL),
(411, 790, 'claudia', NULL, 17, '2025-08-13 15:38:32', '00:01:14', NULL),
(412, 723, 'sofia', NULL, 15, '2025-08-13 15:48:26', '00:44:54', NULL),
(413, 791, 'claudia', NULL, 17, '2025-08-13 15:48:55', '00:03:13', NULL);

-- --------------------------------------------------------

--
-- Estrutura da tabela `utilizador_entradaesaida`
--

CREATE TABLE `utilizador_entradaesaida` (
  `id` int(11) NOT NULL,
  `utilizador` varchar(255) NOT NULL,
  `data` date NOT NULL,
  `hora_entrada` datetime NOT NULL,
  `hora_saida` datetime NOT NULL
) ENGINE=InnoDB DEFAULT CHARSET=utf8mb4 COLLATE=utf8mb4_general_ci;

--
-- Extraindo dados da tabela `utilizador_entradaesaida`
--

INSERT INTO `utilizador_entradaesaida` (`id`, `utilizador`, `data`, `hora_entrada`, `hora_saida`) VALUES
(116, 'claudia', '2025-07-30', '2025-07-30 17:31:06', '2025-07-30 18:05:38'),
(117, 'rui', '2025-07-30', '2025-07-30 17:36:33', '2025-07-30 19:01:52'),
(118, 'pedro', '2025-07-30', '2025-07-30 18:30:05', '2025-07-30 19:00:08'),
(119, 'pedro', '2025-07-31', '2025-07-31 08:00:12', '2025-07-31 19:00:03'),
(120, 'sofia', '2025-07-31', '2025-07-31 08:01:27', '2025-07-31 19:00:03'),
(121, 'rui', '2025-07-31', '2025-07-31 08:03:50', '2025-07-31 19:01:21'),
(122, 'joaquim', '2025-07-31', '2025-07-31 08:18:54', '2025-07-31 19:03:03'),
(123, 'claudia', '2025-07-31', '2025-07-31 09:04:37', '2025-07-31 18:08:12'),
(124, 'joaquim', '2025-08-01', '2025-08-01 07:59:55', '2025-08-01 18:03:18'),
(125, 'sofia', '2025-08-01', '2025-08-01 08:00:14', '2025-08-01 18:00:03'),
(126, 'pedro', '2025-08-01', '2025-08-01 08:00:18', '2025-08-01 19:00:20'),
(127, 'rui', '2025-08-01', '2025-08-01 08:08:35', '2025-08-01 19:01:17'),
(128, 'roberto', '2025-08-01', '2025-08-01 08:09:29', '2025-08-01 18:02:36'),
(129, 'claudia', '2025-08-01', '2025-08-01 09:03:45', '2025-08-01 18:03:53'),
(130, 'joaquim', '2025-08-02', '2025-08-02 07:57:53', '2025-08-02 12:09:41'),
(131, 'pedro', '2025-08-02', '2025-08-02 08:00:14', '2025-08-02 12:00:17'),
(132, 'rui', '2025-08-02', '2025-08-02 08:06:07', '2025-08-02 12:00:53'),
(133, 'pedro', '2025-08-04', '2025-08-04 08:00:22', '2025-08-04 19:00:20'),
(134, 'sofia', '2025-08-04', '2025-08-04 08:00:37', '2025-08-04 19:00:31'),
(135, 'rui', '2025-08-04', '2025-08-04 08:05:52', '2025-08-04 19:02:47'),
(136, 'roberto', '2025-08-04', '2025-08-04 08:07:04', '2025-08-04 18:01:04'),
(137, 'claudia', '2025-08-04', '2025-08-04 09:05:55', '2025-08-04 17:29:06'),
(138, 'joaquim', '2025-08-04', '2025-08-04 10:19:29', '2025-08-04 18:04:11'),
(139, 'sofia', '2025-08-05', '2025-08-05 08:00:38', '2025-08-05 18:00:38'),
(140, 'pedro', '2025-08-05', '2025-08-05 08:00:40', '2025-08-05 19:00:08'),
(141, 'joaquim', '2025-08-05', '2025-08-05 08:04:12', '2025-08-05 19:02:58'),
(142, 'rui', '2025-08-05', '2025-08-05 08:04:23', '2025-08-05 18:03:51'),
(143, 'roberto', '2025-08-05', '2025-08-05 08:09:28', '2025-08-05 18:01:36'),
(144, 'claudia', '2025-08-05', '2025-08-05 09:03:19', '2025-08-05 18:03:22'),
(145, 'sofia', '2025-08-06', '2025-08-06 08:00:17', '2025-08-06 19:00:13'),
(146, 'pedro', '2025-08-06', '2025-08-06 08:00:21', '2025-08-06 19:00:28'),
(147, 'rui', '2025-08-06', '2025-08-06 08:07:02', '2025-08-06 19:04:17'),
(148, 'roberto', '2025-08-06', '2025-08-06 08:08:21', '2025-08-06 18:00:51'),
(149, 'joaquim', '2025-08-06', '2025-08-06 08:09:26', '2025-08-06 18:03:48'),
(150, 'claudia', '2025-08-06', '2025-08-06 09:06:22', '2025-08-06 18:01:48'),
(151, 'sofia', '2025-08-07', '2025-08-07 08:00:17', '2025-08-07 18:00:07'),
(152, 'pedro', '2025-08-07', '2025-08-07 08:00:20', '2025-08-07 19:00:16'),
(153, 'joaquim', '2025-08-07', '2025-08-07 08:03:00', '2025-08-07 19:02:01'),
(154, 'rui', '2025-08-07', '2025-08-07 08:07:56', '2025-08-07 19:03:27'),
(155, 'roberto', '2025-08-07', '2025-08-07 08:10:24', '2025-08-07 18:00:33'),
(156, 'claudia', '2025-08-07', '2025-08-07 09:02:14', '2025-08-07 18:02:41'),
(157, 'joaquim', '2025-08-08', '2025-08-08 07:57:21', '2025-08-08 12:01:18'),
(158, 'rui', '2025-08-08', '2025-08-08 07:58:39', '2025-08-08 19:06:36'),
(159, 'pedro', '2025-08-08', '2025-08-08 07:59:40', '2025-08-08 19:00:19'),
(160, 'sofia', '2025-08-08', '2025-08-08 08:00:07', '2025-08-08 18:00:10'),
(161, 'roberto', '2025-08-08', '2025-08-08 08:08:08', '2025-08-08 17:59:22'),
(162, 'claudia', '2025-08-08', '2025-08-08 09:05:31', '2025-08-08 18:17:19'),
(163, 'pedro', '2025-08-09', '2025-08-09 08:00:07', '2025-08-09 12:00:34'),
(164, 'joaquim', '2025-08-11', '2025-08-11 08:00:22', '2025-08-11 19:01:37'),
(165, 'pedro', '2025-08-11', '2025-08-11 08:00:55', '2025-08-11 19:00:07'),
(166, 'sofia', '2025-08-11', '2025-08-11 08:00:58', '2025-08-11 19:00:07'),
(167, 'rui', '2025-08-11', '2025-08-11 08:04:05', '2025-08-11 19:01:13'),
(168, 'roberto', '2025-08-11', '2025-08-11 08:09:17', '2025-08-11 18:01:22'),
(169, 'claudia', '2025-08-11', '2025-08-11 09:12:06', '2025-08-11 18:00:28'),
(170, 'joaquim', '2025-08-12', '2025-08-12 07:58:35', '2025-08-12 18:03:05'),
(171, 'pedro', '2025-08-12', '2025-08-12 08:00:13', '2025-08-12 18:02:21'),
(172, 'sofia', '2025-08-12', '2025-08-12 08:01:38', '2025-08-12 18:00:04'),
(173, 'rui', '2025-08-12', '2025-08-12 08:08:29', '2025-08-12 18:02:23'),
(174, 'roberto', '2025-08-12', '2025-08-12 08:21:01', '2025-08-12 18:00:07'),
(175, 'claudia', '2025-08-12', '2025-08-12 09:02:25', '2025-08-12 18:05:01'),
(176, 'pedro', '2025-08-13', '2025-08-13 08:02:59', '2025-08-13 15:52:49'),
(177, 'sofia', '2025-08-13', '2025-08-13 08:03:21', '2025-08-13 15:52:40'),
(178, 'joaquim', '2025-08-13', '2025-08-13 08:05:30', '2025-08-13 16:04:56'),
(179, 'roberto', '2025-08-13', '2025-08-13 08:13:07', '2025-08-13 15:51:39'),
(180, 'rui', '2025-08-13', '2025-08-13 08:14:51', '2025-08-13 16:02:14'),
(181, 'claudia', '2025-08-13', '2025-08-13 09:03:28', '2025-08-13 15:57:34');

--
-- Índices para tabelas despejadas
--

--
-- Índices para tabela `ausencia_funcionarios`
--
ALTER TABLE `ausencia_funcionarios`
  ADD PRIMARY KEY (`id`),
  ADD KEY `fk_ausencia_funcionario` (`funcionario_utilizador`),
  ADD KEY `motivo_id` (`motivo_id`);

--
-- Índices para tabela `avisos_inatividade`
--
ALTER TABLE `avisos_inatividade`
  ADD PRIMARY KEY (`id`);

--
-- Índices para tabela `configuracao_email`
--
ALTER TABLE `configuracao_email`
  ADD PRIMARY KEY (`id`);

--
-- Índices para tabela `departamento`
--
ALTER TABLE `departamento`
  ADD PRIMARY KEY (`id`);

--
-- Índices para tabela `departamento_tarefa`
--
ALTER TABLE `departamento_tarefa`
  ADD PRIMARY KEY (`id`),
  ADD KEY `tarefa_id` (`tarefa_id`),
  ADD KEY `departamento_id` (`departamento_id`),
  ADD KEY `utilizador` (`utilizador`);

--
-- Índices para tabela `finalizar_dia`
--
ALTER TABLE `finalizar_dia`
  ADD PRIMARY KEY (`id`),
  ADD KEY `tarefa_id` (`tarefa_id`),
  ADD KEY `utilizador` (`utilizador`);

--
-- Índices para tabela `funcionarios`
--
ALTER TABLE `funcionarios`
  ADD PRIMARY KEY (`utilizador`),
  ADD KEY `horario_id` (`horario_id`),
  ADD KEY `departamento` (`departamento`);

--
-- Índices para tabela `horarios`
--
ALTER TABLE `horarios`
  ADD PRIMARY KEY (`id`);

--
-- Índices para tabela `motivos_ausencia`
--
ALTER TABLE `motivos_ausencia`
  ADD PRIMARY KEY (`id`);

--
-- Índices para tabela `motivos_pausa`
--
ALTER TABLE `motivos_pausa`
  ADD PRIMARY KEY (`id`);

--
-- Índices para tabela `pausas_tarefas`
--
ALTER TABLE `pausas_tarefas`
  ADD PRIMARY KEY (`id`),
  ADD KEY `tarefa_id` (`tarefa_id`),
  ADD KEY `motivo_id` (`motivo_id`),
  ADD KEY `funcionario` (`funcionario`);

--
-- Índices para tabela `pausas_temporarias`
--
ALTER TABLE `pausas_temporarias`
  ADD PRIMARY KEY (`id`),
  ADD KEY `tarefa_id` (`tarefa_id`),
  ADD KEY `utilizador` (`utilizador`);

--
-- Índices para tabela `registo_diario`
--
ALTER TABLE `registo_diario`
  ADD PRIMARY KEY (`id`),
  ADD KEY `id_tarefa` (`id_tarefa`),
  ADD KEY `utilizador` (`utilizador`);

--
-- Índices para tabela `tarefas`
--
ALTER TABLE `tarefas`
  ADD PRIMARY KEY (`id`),
  ADD KEY `fk_utilizador` (`utilizador`);

--
-- Índices para tabela `transicao_tarefas`
--
ALTER TABLE `transicao_tarefas`
  ADD PRIMARY KEY (`id`),
  ADD KEY `tarefa_id` (`tarefa_id`),
  ADD KEY `utilizador_novo` (`utilizador_novo`),
  ADD KEY `transicao_tarefas_ibfk_3` (`utilizador_antigo`);

--
-- Índices para tabela `utilizador_entradaesaida`
--
ALTER TABLE `utilizador_entradaesaida`
  ADD PRIMARY KEY (`id`),
  ADD KEY `utilizador_entradaesaida_ibfk_1` (`utilizador`);

--
-- AUTO_INCREMENT de tabelas despejadas
--

--
-- AUTO_INCREMENT de tabela `ausencia_funcionarios`
--
ALTER TABLE `ausencia_funcionarios`
  MODIFY `id` int(11) NOT NULL AUTO_INCREMENT, AUTO_INCREMENT=136;

--
-- AUTO_INCREMENT de tabela `avisos_inatividade`
--
ALTER TABLE `avisos_inatividade`
  MODIFY `id` int(11) NOT NULL AUTO_INCREMENT, AUTO_INCREMENT=22;

--
-- AUTO_INCREMENT de tabela `configuracao_email`
--
ALTER TABLE `configuracao_email`
  MODIFY `id` int(11) NOT NULL AUTO_INCREMENT, AUTO_INCREMENT=19;

--
-- AUTO_INCREMENT de tabela `departamento`
--
ALTER TABLE `departamento`
  MODIFY `id` int(11) NOT NULL AUTO_INCREMENT, AUTO_INCREMENT=19;

--
-- AUTO_INCREMENT de tabela `departamento_tarefa`
--
ALTER TABLE `departamento_tarefa`
  MODIFY `id` int(11) NOT NULL AUTO_INCREMENT, AUTO_INCREMENT=629;

--
-- AUTO_INCREMENT de tabela `finalizar_dia`
--
ALTER TABLE `finalizar_dia`
  MODIFY `id` int(11) NOT NULL AUTO_INCREMENT, AUTO_INCREMENT=182;

--
-- AUTO_INCREMENT de tabela `horarios`
--
ALTER TABLE `horarios`
  MODIFY `id` int(11) NOT NULL AUTO_INCREMENT, AUTO_INCREMENT=4;

--
-- AUTO_INCREMENT de tabela `motivos_ausencia`
--
ALTER TABLE `motivos_ausencia`
  MODIFY `id` int(11) NOT NULL AUTO_INCREMENT, AUTO_INCREMENT=6;

--
-- AUTO_INCREMENT de tabela `motivos_pausa`
--
ALTER TABLE `motivos_pausa`
  MODIFY `id` int(11) NOT NULL AUTO_INCREMENT, AUTO_INCREMENT=53;

--
-- AUTO_INCREMENT de tabela `pausas_tarefas`
--
ALTER TABLE `pausas_tarefas`
  MODIFY `id` int(11) NOT NULL AUTO_INCREMENT, AUTO_INCREMENT=2601;

--
-- AUTO_INCREMENT de tabela `pausas_temporarias`
--
ALTER TABLE `pausas_temporarias`
  MODIFY `id` int(11) NOT NULL AUTO_INCREMENT, AUTO_INCREMENT=521;

--
-- AUTO_INCREMENT de tabela `registo_diario`
--
ALTER TABLE `registo_diario`
  MODIFY `id` int(11) NOT NULL AUTO_INCREMENT, AUTO_INCREMENT=815;

--
-- AUTO_INCREMENT de tabela `tarefas`
--
ALTER TABLE `tarefas`
  MODIFY `id` int(11) NOT NULL AUTO_INCREMENT, AUTO_INCREMENT=792;

--
-- AUTO_INCREMENT de tabela `transicao_tarefas`
--
ALTER TABLE `transicao_tarefas`
  MODIFY `id` int(11) NOT NULL AUTO_INCREMENT, AUTO_INCREMENT=414;

--
-- AUTO_INCREMENT de tabela `utilizador_entradaesaida`
--
ALTER TABLE `utilizador_entradaesaida`
  MODIFY `id` int(11) NOT NULL AUTO_INCREMENT, AUTO_INCREMENT=182;

--
-- Restrições para despejos de tabelas
--

--
-- Limitadores para a tabela `ausencia_funcionarios`
--
ALTER TABLE `ausencia_funcionarios`
  ADD CONSTRAINT `ausencia_funcionarios_ibfk_1` FOREIGN KEY (`motivo_id`) REFERENCES `motivos_ausencia` (`id`),
  ADD CONSTRAINT `fk_ausencia_funcionario` FOREIGN KEY (`funcionario_utilizador`) REFERENCES `funcionarios` (`utilizador`) ON DELETE CASCADE;

--
-- Limitadores para a tabela `departamento_tarefa`
--
ALTER TABLE `departamento_tarefa`
  ADD CONSTRAINT `departamento_tarefa_ibfk_1` FOREIGN KEY (`tarefa_id`) REFERENCES `tarefas` (`id`) ON DELETE CASCADE ON UPDATE CASCADE,
  ADD CONSTRAINT `departamento_tarefa_ibfk_2` FOREIGN KEY (`departamento_id`) REFERENCES `departamento` (`id`) ON DELETE CASCADE ON UPDATE CASCADE,
  ADD CONSTRAINT `departamento_tarefa_ibfk_3` FOREIGN KEY (`utilizador`) REFERENCES `funcionarios` (`utilizador`) ON DELETE CASCADE ON UPDATE CASCADE;

--
-- Limitadores para a tabela `finalizar_dia`
--
ALTER TABLE `finalizar_dia`
  ADD CONSTRAINT `finalizar_dia_ibfk_1` FOREIGN KEY (`tarefa_id`) REFERENCES `tarefas` (`id`) ON DELETE CASCADE ON UPDATE CASCADE,
  ADD CONSTRAINT `finalizar_dia_ibfk_2` FOREIGN KEY (`utilizador`) REFERENCES `funcionarios` (`utilizador`) ON DELETE CASCADE ON UPDATE CASCADE;

--
-- Limitadores para a tabela `funcionarios`
--
ALTER TABLE `funcionarios`
  ADD CONSTRAINT `funcionarios_ibfk_1` FOREIGN KEY (`horario_id`) REFERENCES `horarios` (`id`) ON DELETE CASCADE ON UPDATE CASCADE;

--
-- Limitadores para a tabela `pausas_tarefas`
--
ALTER TABLE `pausas_tarefas`
  ADD CONSTRAINT `pausas_tarefas_ibfk_1` FOREIGN KEY (`tarefa_id`) REFERENCES `tarefas` (`id`) ON DELETE CASCADE ON UPDATE CASCADE,
  ADD CONSTRAINT `pausas_tarefas_ibfk_2` FOREIGN KEY (`motivo_id`) REFERENCES `motivos_pausa` (`id`) ON DELETE CASCADE ON UPDATE CASCADE,
  ADD CONSTRAINT `pausas_tarefas_ibfk_3` FOREIGN KEY (`funcionario`) REFERENCES `funcionarios` (`utilizador`) ON DELETE CASCADE ON UPDATE CASCADE;

--
-- Limitadores para a tabela `pausas_temporarias`
--
ALTER TABLE `pausas_temporarias`
  ADD CONSTRAINT `pausas_temporarias_ibfk_1` FOREIGN KEY (`tarefa_id`) REFERENCES `tarefas` (`id`) ON DELETE CASCADE ON UPDATE CASCADE,
  ADD CONSTRAINT `pausas_temporarias_ibfk_2` FOREIGN KEY (`utilizador`) REFERENCES `funcionarios` (`utilizador`) ON DELETE CASCADE ON UPDATE CASCADE;

--
-- Limitadores para a tabela `registo_diario`
--
ALTER TABLE `registo_diario`
  ADD CONSTRAINT `registo_diario_ibfk_1` FOREIGN KEY (`id_tarefa`) REFERENCES `tarefas` (`id`) ON DELETE CASCADE ON UPDATE CASCADE,
  ADD CONSTRAINT `registo_diario_ibfk_2` FOREIGN KEY (`utilizador`) REFERENCES `funcionarios` (`utilizador`) ON DELETE CASCADE ON UPDATE CASCADE;

--
-- Limitadores para a tabela `tarefas`
--
ALTER TABLE `tarefas`
  ADD CONSTRAINT `fk_utilizador` FOREIGN KEY (`utilizador`) REFERENCES `funcionarios` (`utilizador`) ON DELETE SET NULL ON UPDATE CASCADE;

--
-- Limitadores para a tabela `transicao_tarefas`
--
ALTER TABLE `transicao_tarefas`
  ADD CONSTRAINT `transicao_tarefas_ibfk_1` FOREIGN KEY (`tarefa_id`) REFERENCES `tarefas` (`id`) ON DELETE CASCADE ON UPDATE CASCADE,
  ADD CONSTRAINT `transicao_tarefas_ibfk_2` FOREIGN KEY (`utilizador_novo`) REFERENCES `funcionarios` (`utilizador`) ON DELETE CASCADE ON UPDATE CASCADE,
  ADD CONSTRAINT `transicao_tarefas_ibfk_3` FOREIGN KEY (`utilizador_antigo`) REFERENCES `funcionarios` (`utilizador`) ON DELETE CASCADE ON UPDATE CASCADE;

--
-- Limitadores para a tabela `utilizador_entradaesaida`
--
ALTER TABLE `utilizador_entradaesaida`
  ADD CONSTRAINT `utilizador_entradaesaida_ibfk_1` FOREIGN KEY (`utilizador`) REFERENCES `funcionarios` (`utilizador`) ON DELETE CASCADE ON UPDATE CASCADE;
COMMIT;

/*!40101 SET CHARACTER_SET_CLIENT=@OLD_CHARACTER_SET_CLIENT */;
/*!40101 SET CHARACTER_SET_RESULTS=@OLD_CHARACTER_SET_RESULTS */;
/*!40101 SET COLLATION_CONNECTION=@OLD_COLLATION_CONNECTION */;
